accx_Absolute energy,accx_Area under the curve,accx_Average power,accx_ECDF Percentile Count_0,accx_ECDF Percentile Count_1,accx_FFT mean coefficient_89,accx_LPCC_8,accx_Lempel-Ziv complexity,accx_MFCC_1,accx_MFCC_10,accx_MFCC_11,accx_MFCC_3,accx_MFCC_5,accx_MFCC_8,accx_Maximum fractal length,accx_Mean absolute diff,accx_Median frequency,accx_Signal distance,accx_Skewness,accx_Spectral decrease,accx_Spectral distance,accx_Spectral entropy,accx_Spectral kurtosis,accx_Spectral positive turning points,accx_Spectral roll-off,accx_Spectral roll-on,accx_Spectral skewness,accx_Spectral slope,accx_Spectral spread,accx_Spectral variation,accx_Standard deviation,accx_Sum absolute diff,accx_Variance,accx_Wavelet absolute mean_0,accx_Wavelet absolute mean_1,accx_Wavelet absolute mean_2,accx_Wavelet absolute mean_4,accx_Wavelet absolute mean_5,accx_Wavelet absolute mean_6,accx_Wavelet absolute mean_7,accx_Wavelet absolute mean_8,accx_Wavelet energy_0,accx_Wavelet energy_1,accx_Wavelet energy_2,accx_Wavelet energy_3,accx_Wavelet standard deviation_2,accy_LPCC_0,accy_LPCC_2,accy_LPCC_6,accy_LPCC_8,accy_LPCC_9,accy_Median diff,accy_Signal distance,accy_Skewness,accy_Slope,accy_Spectral roll-on,accy_Spectral skewness,accy_Spectral slope,accy_Wavelet absolute mean_0,accz_Histogram_2
475.0638561651812,9.546213856,47.60158879410633,100.0,400.0,7.449088692654116e-05,0.7476658501029175,0.144,-1.281497678915745,-45.35798672597041,12.924530817009163,-15.012031678522298,-82.48854452911567,-56.73084220566882,1.801656057711504,0.0550251671342685,0.0,500.3195870732396,0.4935094327800737,-6.146947535625087,-93185.81342367057,0.4719714624227867,8.834628565136175,82.0,13.3,0.0,2.359811481498564,-0.0007414713479491,4.564274797226664,0.8590735057665015,0.1892457065113278,27.4575584,0.0358139374329716,0.0026002985442273,0.007789816995885,0.0144549490552203,0.0336246519359696,0.045850759088594,0.0593359076195077,0.0738663820218329,0.0893029283398376,0.0787613861137346,0.2056785176107315,0.3084730842241375,0.4016425292980965,0.3081342209793694,0.2471862625967596,0.7588450468023948,0.256975006109275,0.4114543490077135,0.4782531496278082,-7.499999999999174e-05,499.59982362854055,0.6370792295289748,-3.667476518066116e-05,0.0,1.9516398424527608,-0.0006404600188427,0.0005683474222929,1.0
