accx_Absolute energy,accx_Area under the curve,accx_Average power,accx_ECDF Percentile Count_0,accx_ECDF Percentile Count_1,accx_FFT mean coefficient_89,accx_LPCC_8,accx_Lempel-Ziv complexity,accx_MFCC_1,accx_MFCC_10,accx_MFCC_11,accx_MFCC_3,accx_MFCC_5,accx_MFCC_8,accx_Maximum fractal length,accx_Mean absolute diff,accx_Median frequency,accx_Signal distance,accx_Skewness,accx_Spectral decrease,accx_Spectral distance,accx_Spectral entropy,accx_Spectral kurtosis,accx_Spectral positive turning points,accx_Spectral roll-off,accx_Spectral roll-on,accx_Spectral skewness,accx_Spectral slope,accx_Spectral spread,accx_Spectral variation,accx_Standard deviation,accx_Sum absolute diff,accx_Variance,accx_Wavelet absolute mean_0,accx_Wavelet absolute mean_1,accx_Wavelet absolute mean_2,accx_Wavelet absolute mean_4,accx_Wavelet absolute mean_5,accx_Wavelet absolute mean_6,accx_Wavelet absolute mean_7,accx_Wavelet absolute mean_8,accx_Wavelet energy_0,accx_Wavelet energy_1,accx_Wavelet energy_2,accx_Wavelet energy_3,accx_Wavelet standard deviation_2,accy_LPCC_0,accy_LPCC_2,accy_LPCC_6,accy_LPCC_8,accy_LPCC_9,accy_Median diff,accy_Signal distance,accy_Skewness,accy_Slope,accy_Spectral roll-on,accy_Spectral skewness,accy_Spectral slope,accy_Wavelet absolute mean_0,accz_Histogram_2
468.915982446939,9.500416284,46.98556938346082,100.0,400.0,0.0002806053498328,0.715148809952079,0.134,-13.024791747487985,2.9443092286148045,-22.804640683888515,-16.630028640028392,-54.82757012352834,-21.249786042828404,1.7730827682923576,0.0494424476953907,0.0,500.1317271661825,0.4688343925543435,-6.216464926293525,-93672.46650065712,0.5108132809340746,8.576310030790289,87.0,12.3,0.0,2.2982179091699093,-0.0007535227739349,4.346495793461472,0.8456141555165886,0.1780053042472033,24.6717814,0.0316858883401394,0.0030485760136105,0.0088043280554854,0.0158347325994628,0.0312613515643288,0.0399450615385749,0.0498083267397058,0.0611570110888993,0.0741616684251688,0.0797624999318921,0.186335302407981,0.2751178252572718,0.3536555155888192,0.2746617538314977,0.2978155915729065,0.7938059148127159,0.4736044462131196,0.3222000679518386,0.5040528165009036,-0.0038499999999999,499.54736910744793,0.6901202390859432,-0.0001873499743582,0.0,1.848544150656935,-0.0006329453645281,0.0008958282295784,0.0
