accx_Absolute energy,accx_Area under the curve,accx_Average power,accx_ECDF Percentile Count_0,accx_ECDF Percentile Count_1,accx_FFT mean coefficient_89,accx_LPCC_8,accx_Lempel-Ziv complexity,accx_MFCC_1,accx_MFCC_10,accx_MFCC_11,accx_MFCC_3,accx_MFCC_5,accx_MFCC_8,accx_Maximum fractal length,accx_Mean absolute diff,accx_Median frequency,accx_Signal distance,accx_Skewness,accx_Spectral decrease,accx_Spectral distance,accx_Spectral entropy,accx_Spectral kurtosis,accx_Spectral positive turning points,accx_Spectral roll-off,accx_Spectral roll-on,accx_Spectral skewness,accx_Spectral slope,accx_Spectral spread,accx_Spectral variation,accx_Standard deviation,accx_Sum absolute diff,accx_Variance,accx_Wavelet absolute mean_0,accx_Wavelet absolute mean_1,accx_Wavelet absolute mean_2,accx_Wavelet absolute mean_4,accx_Wavelet absolute mean_5,accx_Wavelet absolute mean_6,accx_Wavelet absolute mean_7,accx_Wavelet absolute mean_8,accx_Wavelet energy_0,accx_Wavelet energy_1,accx_Wavelet energy_2,accx_Wavelet energy_3,accx_Wavelet standard deviation_2,accy_LPCC_0,accy_LPCC_2,accy_LPCC_6,accy_LPCC_8,accy_LPCC_9,accy_Median diff,accy_Signal distance,accy_Skewness,accy_Slope,accy_Spectral roll-on,accy_Spectral skewness,accy_Spectral slope,accy_Wavelet absolute mean_0,accz_Histogram_2
493.1324225241688,9.783785697,49.412066385187245,100.0,400.0,0.0006374931302322,0.6550559197877314,0.152,-11.269410681359425,-5.37283790457677,-13.280330130493743,-58.11571859568736,17.76695067228516,-46.14684140197892,1.7628784247920049,0.0552423480961923,0.0,500.2841961635802,-0.0028076793750401,-6.725351468277215,-91100.97684543612,0.5399839445827408,7.992753965243113,82.0,12.8,0.0,2.172595714388551,-0.000737805636706,4.515482248797183,0.896084354704128,0.1579167979004934,27.5659317,0.0249377150591452,0.0032476396033246,0.0093915548916245,0.0171255766450829,0.0372318800294687,0.0492812438898762,0.0624691712361593,0.076674229675574,0.0917791423535331,0.0897326569629021,0.1957843903040974,0.2706312888490558,0.3433766156289919,0.2700888911611777,0.1317857285039027,0.318404075448743,0.1250571472703734,0.2149520191290375,0.3553752641767198,-0.000125,499.42507383304167,0.7118001499725538,-5.508305965703863e-05,0.0,1.496857426951375,-0.0005638974790468,9.024378451130224e-05,2.0
