accx_Absolute energy,accx_Area under the curve,accx_Average power,accx_ECDF Percentile Count_0,accx_ECDF Percentile Count_1,accx_FFT mean coefficient_89,accx_LPCC_8,accx_Lempel-Ziv complexity,accx_MFCC_1,accx_MFCC_10,accx_MFCC_11,accx_MFCC_3,accx_MFCC_5,accx_MFCC_8,accx_Maximum fractal length,accx_Mean absolute diff,accx_Median frequency,accx_Signal distance,accx_Skewness,accx_Spectral decrease,accx_Spectral distance,accx_Spectral entropy,accx_Spectral kurtosis,accx_Spectral positive turning points,accx_Spectral roll-off,accx_Spectral roll-on,accx_Spectral skewness,accx_Spectral slope,accx_Spectral spread,accx_Spectral variation,accx_Standard deviation,accx_Sum absolute diff,accx_Variance,accx_Wavelet absolute mean_0,accx_Wavelet absolute mean_1,accx_Wavelet absolute mean_2,accx_Wavelet absolute mean_4,accx_Wavelet absolute mean_5,accx_Wavelet absolute mean_6,accx_Wavelet absolute mean_7,accx_Wavelet absolute mean_8,accx_Wavelet energy_0,accx_Wavelet energy_1,accx_Wavelet energy_2,accx_Wavelet energy_3,accx_Wavelet standard deviation_2,accy_LPCC_0,accy_LPCC_2,accy_LPCC_6,accy_LPCC_8,accy_LPCC_9,accy_Median diff,accy_Signal distance,accy_Skewness,accy_Slope,accy_Spectral roll-on,accy_Spectral skewness,accy_Spectral slope,accy_Wavelet absolute mean_0,accz_Histogram_2
490.3433510243603,9.774516643999998,49.13260030304211,100.0,400.0,0.000185553183337,0.7126051820089712,0.15,-19.1780301351505,4.279543821638723,27.213877759560688,-27.47042488052831,-3.812095660135176,-2.3189650688160337,1.7589245923445218,0.0481166360721442,0.0,500.05583406986807,0.3134324970162034,-6.935346966257426,-89414.84342703677,0.5496196172060017,7.6423176939533,89.0,13.3,0.0,2.145647750266157,-0.0007354777867293,4.653576606389384,0.9182664724300316,0.1471201097730049,24.010201400000003,0.021644326699621,0.0031375700277159,0.0093047384368833,0.0167826418651387,0.0350689485596718,0.0463710048956444,0.0591830687526613,0.0733603366524191,0.0887342674349451,0.0808251097749251,0.1751125397791798,0.2386296889425457,0.2878438316441564,0.2380388022504789,0.0128059075596534,0.3268210948282777,0.1449940221343784,0.1365345574626328,0.2205388775397607,-0.0018,499.42208209522266,0.133451731698839,-3.874560293281174e-05,0.0,1.6968884563187858,-0.0006109600335785,0.0002537102018699,0.0
