accx_Absolute energy,accx_Area under the curve,accx_Average power,accx_ECDF Percentile Count_0,accx_ECDF Percentile Count_1,accx_FFT mean coefficient_89,accx_LPCC_8,accx_Lempel-Ziv complexity,accx_MFCC_1,accx_MFCC_10,accx_MFCC_11,accx_MFCC_3,accx_MFCC_5,accx_MFCC_8,accx_Maximum fractal length,accx_Mean absolute diff,accx_Median frequency,accx_Signal distance,accx_Skewness,accx_Spectral decrease,accx_Spectral distance,accx_Spectral entropy,accx_Spectral kurtosis,accx_Spectral positive turning points,accx_Spectral roll-off,accx_Spectral roll-on,accx_Spectral skewness,accx_Spectral slope,accx_Spectral spread,accx_Spectral variation,accx_Standard deviation,accx_Sum absolute diff,accx_Variance,accx_Wavelet absolute mean_0,accx_Wavelet absolute mean_1,accx_Wavelet absolute mean_2,accx_Wavelet absolute mean_4,accx_Wavelet absolute mean_5,accx_Wavelet absolute mean_6,accx_Wavelet absolute mean_7,accx_Wavelet absolute mean_8,accx_Wavelet energy_0,accx_Wavelet energy_1,accx_Wavelet energy_2,accx_Wavelet energy_3,accx_Wavelet standard deviation_2,accy_LPCC_0,accy_LPCC_2,accy_LPCC_6,accy_LPCC_8,accy_LPCC_9,accy_Median diff,accy_Signal distance,accy_Skewness,accy_Slope,accy_Spectral roll-on,accy_Spectral skewness,accy_Spectral slope,accy_Wavelet absolute mean_0,accz_Histogram_2
497.340706033769,9.81013709,49.833738079535976,100.0,400.0,0.0004211578497897,0.7054527321358521,0.134,2.8467174806401148,5.780487745407762,41.294095831727006,-41.88737830099956,-25.92939521444046,-57.64701833289092,1.783986159729632,0.0497500989979959,0.0,500.1673432959827,0.4159525461086564,-6.790335890159741,-92215.09939230332,0.4942646090535791,8.464713768767835,80.0,12.2,0.0,2.245617641566974,-0.0007481330649553,4.371951501716863,0.9012167361514742,0.1662535805942329,24.8252994,0.027640253060403,0.0040970985403785,0.0120801908050363,0.020960907308682,0.0413042900430304,0.0526910262452919,0.0646908726785943,0.0773470028720296,0.0907811180357882,0.0905066116546596,0.2049094730917859,0.2822549754203356,0.3605796776513398,0.2814755966586288,0.0360846565454719,0.5437710986243643,0.052258563356928,0.0496957266070161,0.1642570839959073,0.000325,499.36975102911344,0.2068943577192137,-7.535331022284082e-05,0.0,1.833176577792985,-0.0005970783999297,0.0005532381551327,2.0
