accx_Absolute energy,accx_Area under the curve,accx_Average power,accx_ECDF Percentile Count_0,accx_ECDF Percentile Count_1,accx_FFT mean coefficient_89,accx_LPCC_8,accx_Lempel-Ziv complexity,accx_MFCC_1,accx_MFCC_10,accx_MFCC_11,accx_MFCC_3,accx_MFCC_5,accx_MFCC_8,accx_Maximum fractal length,accx_Mean absolute diff,accx_Median frequency,accx_Signal distance,accx_Skewness,accx_Spectral decrease,accx_Spectral distance,accx_Spectral entropy,accx_Spectral kurtosis,accx_Spectral positive turning points,accx_Spectral roll-off,accx_Spectral roll-on,accx_Spectral skewness,accx_Spectral slope,accx_Spectral spread,accx_Spectral variation,accx_Standard deviation,accx_Sum absolute diff,accx_Variance,accx_Wavelet absolute mean_0,accx_Wavelet absolute mean_1,accx_Wavelet absolute mean_2,accx_Wavelet absolute mean_4,accx_Wavelet absolute mean_5,accx_Wavelet absolute mean_6,accx_Wavelet absolute mean_7,accx_Wavelet absolute mean_8,accx_Wavelet energy_0,accx_Wavelet energy_1,accx_Wavelet energy_2,accx_Wavelet energy_3,accx_Wavelet standard deviation_2,accy_LPCC_0,accy_LPCC_2,accy_LPCC_6,accy_LPCC_8,accy_LPCC_9,accy_Median diff,accy_Signal distance,accy_Skewness,accy_Slope,accy_Spectral roll-on,accy_Spectral skewness,accy_Spectral slope,accy_Wavelet absolute mean_0,accz_Histogram_2
481.4846901388293,9.60201616,48.24495893174642,100.0,400.0,0.0002839089406387,0.6430538228317577,0.136,-11.25353682810404,-22.697235065031013,-49.942030995409,-23.72167556950592,-34.087960371558786,11.58195016732406,1.8094011414925208,0.0547652641282565,0.2,500.3007289999085,0.4057485631065131,-6.013467547169781,-94537.29611018236,0.4843945717921131,8.536315706070171,75.0,12.9,0.0,2.286333056863348,-0.0007390250988797,4.506959148820245,0.880579002456265,0.1923340138135857,27.3278668,0.0369923728696445,0.0036505122998199,0.0111330769222427,0.0202487864928758,0.040833440435399,0.0517275676625189,0.0629134638150945,0.0745811040561817,0.0870366981897079,0.084376767542176,0.2071072663454826,0.318433973257503,0.4370870748413729,0.3177895246387553,0.2332801351305484,0.7379828345399779,0.4083337668603662,0.3101634472614984,0.4624256591141743,0.003975,499.5374942865296,0.5597943049095543,7.866091915567745e-06,0.0,1.6837155301204565,-0.0005953529566687,0.0006495110113446,1.0
