accx_Absolute energy,accx_Area under the curve,accx_Average power,accx_ECDF Percentile Count_0,accx_ECDF Percentile Count_1,accx_FFT mean coefficient_89,accx_LPCC_8,accx_Lempel-Ziv complexity,accx_MFCC_1,accx_MFCC_10,accx_MFCC_11,accx_MFCC_3,accx_MFCC_5,accx_MFCC_8,accx_Maximum fractal length,accx_Mean absolute diff,accx_Median frequency,accx_Signal distance,accx_Skewness,accx_Spectral decrease,accx_Spectral distance,accx_Spectral entropy,accx_Spectral kurtosis,accx_Spectral positive turning points,accx_Spectral roll-off,accx_Spectral roll-on,accx_Spectral skewness,accx_Spectral slope,accx_Spectral spread,accx_Spectral variation,accx_Standard deviation,accx_Sum absolute diff,accx_Variance,accx_Wavelet absolute mean_0,accx_Wavelet absolute mean_1,accx_Wavelet absolute mean_2,accx_Wavelet absolute mean_4,accx_Wavelet absolute mean_5,accx_Wavelet absolute mean_6,accx_Wavelet absolute mean_7,accx_Wavelet absolute mean_8,accx_Wavelet energy_0,accx_Wavelet energy_1,accx_Wavelet energy_2,accx_Wavelet energy_3,accx_Wavelet standard deviation_2,accy_LPCC_0,accy_LPCC_2,accy_LPCC_6,accy_LPCC_8,accy_LPCC_9,accy_Median diff,accy_Signal distance,accy_Skewness,accy_Slope,accy_Spectral roll-on,accy_Spectral skewness,accy_Spectral slope,accy_Wavelet absolute mean_0,accz_Histogram_2
478.5820109799096,9.598183248,47.95410931662421,100.0,400.0,9.111671068696485e-06,0.665553245511421,0.138,-26.345362843785917,-12.787963153688752,-15.421614518105642,5.102648531807664,-53.832062871207306,-5.037946418060918,1.7782279433709265,0.0509539078156312,0.2,500.210979578549,0.4606199135344548,-5.966587907175459,-93994.932526753,0.5074086459253054,8.139868603296035,78.0,13.4,0.0,2.2468145309563434,-0.0007328913520146,4.706457757202585,0.8628279165662855,0.1814091985500357,25.426,0.0329092973185662,0.0025064347971672,0.0074593223682445,0.0149735380675157,0.0372555448604337,0.0506730635702445,0.0650577657070706,0.080160671759249,0.0957590831163764,0.0786495108958206,0.1693245338778106,0.2617310908209299,0.3676085402330948,0.2613024245200464,0.2461539916253959,0.8882272296608807,0.3414763408293647,0.3763179756819151,0.4101132701752644,-0.0020249999999999,499.4800041959117,0.3001824962193127,-0.0001158189933495,0.0,1.987162969840067,-0.0006348582718376,0.0002977214483286,0.0
