accx_Absolute energy,accx_Area under the curve,accx_Average power,accx_ECDF Percentile Count_0,accx_ECDF Percentile Count_1,accx_FFT mean coefficient_89,accx_LPCC_8,accx_Lempel-Ziv complexity,accx_MFCC_1,accx_MFCC_10,accx_MFCC_11,accx_MFCC_3,accx_MFCC_5,accx_MFCC_8,accx_Maximum fractal length,accx_Mean absolute diff,accx_Median frequency,accx_Signal distance,accx_Skewness,accx_Spectral decrease,accx_Spectral distance,accx_Spectral entropy,accx_Spectral kurtosis,accx_Spectral positive turning points,accx_Spectral roll-off,accx_Spectral roll-on,accx_Spectral skewness,accx_Spectral slope,accx_Spectral spread,accx_Spectral variation,accx_Standard deviation,accx_Sum absolute diff,accx_Variance,accx_Wavelet absolute mean_0,accx_Wavelet absolute mean_1,accx_Wavelet absolute mean_2,accx_Wavelet absolute mean_4,accx_Wavelet absolute mean_5,accx_Wavelet absolute mean_6,accx_Wavelet absolute mean_7,accx_Wavelet absolute mean_8,accx_Wavelet energy_0,accx_Wavelet energy_1,accx_Wavelet energy_2,accx_Wavelet energy_3,accx_Wavelet standard deviation_2,accy_LPCC_0,accy_LPCC_2,accy_LPCC_6,accy_LPCC_8,accy_LPCC_9,accy_Median diff,accy_Signal distance,accy_Skewness,accy_Slope,accy_Spectral roll-on,accy_Spectral skewness,accy_Spectral slope,accy_Wavelet absolute mean_0,accz_Histogram_2
488.8273879761724,9.742621826,48.98070019801327,100.0,400.0,0.0001733930467961,0.7303590846031979,0.128,-19.564568770261136,-50.958782387961456,-38.52857371982607,-3.14148119505922,-1.637851866495264,-35.3839470568378,1.744496039820571,0.0457005138276553,0.0,500.06230607980376,0.4269649263034424,-6.634928254981215,-91352.68817796116,0.5663907974283435,8.131550200099289,82.0,13.1,0.0,2.232146908278471,-0.0007383986538866,4.628578370538524,0.8790343647793142,0.1570091070449907,22.8045564,0.0246518596950653,0.0032694163897153,0.0100097757726845,0.0186360101247232,0.0385791072008497,0.0494635165323149,0.061042124052919,0.0734659196119015,0.0868794538657772,0.0787857590720321,0.1719237042313218,0.263272020333669,0.3529033241407258,0.2626116064023124,0.0443279197974168,0.5186792789218718,0.2943405213508498,0.0031446720541393,0.3339627880059515,0.0001167,499.45460593290943,0.3665155741683229,0.0001106903629486,0.0,1.8728305575986917,-0.0006107411245208,0.0001158333848589,7.0
