accx_Absolute energy,accx_Area under the curve,accx_Average power,accx_ECDF Percentile Count_0,accx_ECDF Percentile Count_1,accx_FFT mean coefficient_89,accx_LPCC_8,accx_Lempel-Ziv complexity,accx_MFCC_1,accx_MFCC_10,accx_MFCC_11,accx_MFCC_3,accx_MFCC_5,accx_MFCC_8,accx_Maximum fractal length,accx_Mean absolute diff,accx_Median frequency,accx_Signal distance,accx_Skewness,accx_Spectral decrease,accx_Spectral distance,accx_Spectral entropy,accx_Spectral kurtosis,accx_Spectral positive turning points,accx_Spectral roll-off,accx_Spectral roll-on,accx_Spectral skewness,accx_Spectral slope,accx_Spectral spread,accx_Spectral variation,accx_Standard deviation,accx_Sum absolute diff,accx_Variance,accx_Wavelet absolute mean_0,accx_Wavelet absolute mean_1,accx_Wavelet absolute mean_2,accx_Wavelet absolute mean_4,accx_Wavelet absolute mean_5,accx_Wavelet absolute mean_6,accx_Wavelet absolute mean_7,accx_Wavelet absolute mean_8,accx_Wavelet energy_0,accx_Wavelet energy_1,accx_Wavelet energy_2,accx_Wavelet energy_3,accx_Wavelet standard deviation_2,accy_LPCC_0,accy_LPCC_2,accy_LPCC_6,accy_LPCC_8,accy_LPCC_9,accy_Median diff,accy_Signal distance,accy_Skewness,accy_Slope,accy_Spectral roll-on,accy_Spectral skewness,accy_Spectral slope,accy_Wavelet absolute mean_0,accz_Histogram_2
472.6136370750065,9.702576182,47.35607585921909,100.0,400.0,1.0214558688968991e-06,0.8926122350982615,0.166,-0.180769626998455,-2.840892139198867,-1.3907874632554016,-0.5758619418836041,3.145857206215611,-3.7465374502684456,0.3644981456333482,0.0029633727454909,0.0,499.0062914732352,-1.3126656548947944,-126.4468548977209,-62340.66538977878,0.7572100687842004,56.155193352827126,74.0,0.0,0.0,6.79140620605876,-0.0009246495040565,1.7292176184329748,0.754953212847082,0.0066553211081587,1.478722999999999,4.42932990527028e-05,0.0031979941427843,0.0094601560661507,0.0174753135154134,0.0376848408684874,0.0495565725081439,0.0624649333587297,0.076333157745574,0.0910992830618277,0.0384262328996758,0.0730370225042858,0.1076413764646043,0.1425111802476034,0.1062133670718176,0.5951676758777282,1.0640799333945834,0.8030582601211737,0.7879435035585329,0.8655638670563486,-8.930000000001437e-05,499.0151309831869,0.9795182054667,4.184263570302286e-05,0.0,2.1526894365229023,-0.0007717469741092,0.0004930420383938,0.0
