accx_Absolute energy,accx_Area under the curve,accx_Average power,accx_ECDF Percentile Count_0,accx_ECDF Percentile Count_1,accx_FFT mean coefficient_89,accx_LPCC_8,accx_Lempel-Ziv complexity,accx_MFCC_1,accx_MFCC_10,accx_MFCC_11,accx_MFCC_3,accx_MFCC_5,accx_MFCC_8,accx_Maximum fractal length,accx_Mean absolute diff,accx_Median frequency,accx_Signal distance,accx_Skewness,accx_Spectral decrease,accx_Spectral distance,accx_Spectral entropy,accx_Spectral kurtosis,accx_Spectral positive turning points,accx_Spectral roll-off,accx_Spectral roll-on,accx_Spectral skewness,accx_Spectral slope,accx_Spectral spread,accx_Spectral variation,accx_Standard deviation,accx_Sum absolute diff,accx_Variance,accx_Wavelet absolute mean_0,accx_Wavelet absolute mean_1,accx_Wavelet absolute mean_2,accx_Wavelet absolute mean_4,accx_Wavelet absolute mean_5,accx_Wavelet absolute mean_6,accx_Wavelet absolute mean_7,accx_Wavelet absolute mean_8,accx_Wavelet energy_0,accx_Wavelet energy_1,accx_Wavelet energy_2,accx_Wavelet energy_3,accx_Wavelet standard deviation_2,accy_LPCC_0,accy_LPCC_2,accy_LPCC_6,accy_LPCC_8,accy_LPCC_9,accy_Median diff,accy_Signal distance,accy_Skewness,accy_Slope,accy_Spectral roll-on,accy_Spectral skewness,accy_Spectral slope,accy_Wavelet absolute mean_0,accz_Histogram_2
516.241982572202,10.14081891,51.7276535643489,100.0,400.0,4.6784338032365135e-08,0.8931205059564024,0.172,1.0781674375825925,-2.086222514783574,-1.6723411320942283,0.9917031997540562,3.243808492446303,-9.262625283058592,0.0294289223776314,0.0014193206412825,0.0,499.00088095235,-0.1584098862491681,-323.34349663879607,-64279.65849697076,0.7881175728379546,140.17690304782332,83.0,0.0,0.0,11.07753273067789,-0.0009385587982873,1.196417733480937,0.8987558836098409,0.0025105150781463,0.7082410000000046,6.302685957600001e-06,0.0033378810090039,0.0098975009586127,0.0183008634376607,0.0394867502731684,0.0519121274247048,0.0654073801055723,0.0798941137442036,0.0953101690970938,0.0394889668588944,0.0752386435937644,0.1122870390210739,0.1495977166141724,0.1107856377404412,0.6164078558840982,1.1021263657622282,0.7632235597535579,0.8614666971186464,0.9736705028105044,-2.0599999999995625e-05,499.00326921153976,-0.5775335193891213,-1.6066387699470596e-05,0.0,3.003905870775955,-0.0008388297142377,0.0004281350321625,0.0
