accx_Absolute energy,accx_Area under the curve,accx_Average power,accx_ECDF Percentile Count_0,accx_ECDF Percentile Count_1,accx_FFT mean coefficient_89,accx_LPCC_8,accx_Lempel-Ziv complexity,accx_MFCC_1,accx_MFCC_10,accx_MFCC_11,accx_MFCC_3,accx_MFCC_5,accx_MFCC_8,accx_Maximum fractal length,accx_Mean absolute diff,accx_Median frequency,accx_Signal distance,accx_Skewness,accx_Spectral decrease,accx_Spectral distance,accx_Spectral entropy,accx_Spectral kurtosis,accx_Spectral positive turning points,accx_Spectral roll-off,accx_Spectral roll-on,accx_Spectral skewness,accx_Spectral slope,accx_Spectral spread,accx_Spectral variation,accx_Standard deviation,accx_Sum absolute diff,accx_Variance,accx_Wavelet absolute mean_0,accx_Wavelet absolute mean_1,accx_Wavelet absolute mean_2,accx_Wavelet absolute mean_4,accx_Wavelet absolute mean_5,accx_Wavelet absolute mean_6,accx_Wavelet absolute mean_7,accx_Wavelet absolute mean_8,accx_Wavelet energy_0,accx_Wavelet energy_1,accx_Wavelet energy_2,accx_Wavelet energy_3,accx_Wavelet standard deviation_2,accy_LPCC_0,accy_LPCC_2,accy_LPCC_6,accy_LPCC_8,accy_LPCC_9,accy_Median diff,accy_Signal distance,accy_Skewness,accy_Slope,accy_Spectral roll-on,accy_Spectral skewness,accy_Spectral slope,accy_Wavelet absolute mean_0,accz_Histogram_2
518.9070339434239,10.16687127,51.9946927799022,100.0,400.0,2.307169034526296e-07,0.8924780354249835,0.168,0.8187787525530491,-3.49816139842446,0.8245066344687562,0.708227987691643,1.4996244835498542,-8.470643292953206,0.1131612939662114,0.0017056733466933,0.0,499.001259500472,-0.076777922780416,-286.4878497097254,-64468.41701503503,0.7913805784624574,115.67488531246484,82.0,0.0,0.0,10.054969309971115,-0.0009366563000466,1.3066234408379298,0.901591541045346,0.0028005966679434,0.851130999999995,7.84334169649598e-06,0.0033539366109027,0.009930767801039,0.0183436287719231,0.0395332746964651,0.0519686987202665,0.065484174438439,0.0800009509156423,0.0954555450222391,0.0398465583674955,0.0758173802276139,0.1127596914104439,0.1497464520894725,0.1112576257631647,0.6192971010967321,1.0964679505792652,0.874895143366575,0.87083213631004,0.9274332333375086,1.7299999999997873e-05,499.00170981045744,-0.1064521688275267,-8.97100226801107e-07,0.0,3.85679541336902,-0.0008763862181429,0.0005950064609157,0.0
