accx_Absolute energy,accx_Area under the curve,accx_Average power,accx_ECDF Percentile Count_0,accx_ECDF Percentile Count_1,accx_FFT mean coefficient_89,accx_LPCC_8,accx_Lempel-Ziv complexity,accx_MFCC_1,accx_MFCC_10,accx_MFCC_11,accx_MFCC_3,accx_MFCC_5,accx_MFCC_8,accx_Maximum fractal length,accx_Mean absolute diff,accx_Median frequency,accx_Signal distance,accx_Skewness,accx_Spectral decrease,accx_Spectral distance,accx_Spectral entropy,accx_Spectral kurtosis,accx_Spectral positive turning points,accx_Spectral roll-off,accx_Spectral roll-on,accx_Spectral skewness,accx_Spectral slope,accx_Spectral spread,accx_Spectral variation,accx_Standard deviation,accx_Sum absolute diff,accx_Variance,accx_Wavelet absolute mean_0,accx_Wavelet absolute mean_1,accx_Wavelet absolute mean_2,accx_Wavelet absolute mean_4,accx_Wavelet absolute mean_5,accx_Wavelet absolute mean_6,accx_Wavelet absolute mean_7,accx_Wavelet absolute mean_8,accx_Wavelet energy_0,accx_Wavelet energy_1,accx_Wavelet energy_2,accx_Wavelet energy_3,accx_Wavelet standard deviation_2,accy_LPCC_0,accy_LPCC_2,accy_LPCC_6,accy_LPCC_8,accy_LPCC_9,accy_Median diff,accy_Signal distance,accy_Skewness,accy_Slope,accy_Spectral roll-on,accy_Spectral skewness,accy_Spectral slope,accy_Wavelet absolute mean_0,accz_Histogram_2
507.1827624029138,10.049202986,50.81991607243625,100.0,400.0,1.6673727923520964e-05,0.8927642803927702,0.154,-2.387568062777776,2.0807702847765257,2.931543750427573,-4.189740438136487,-3.961069542294178,1.5273694247868632,0.67853929179553,0.0062343378757515,0.0,499.03006519781945,-1.1414116095847031,-43.76113043416522,-67939.50667024663,0.6816625412940068,24.795060589232293,57.0,5.9,0.0,4.467649372325299,-0.000895197020938,2.560855580348669,0.7133036018690064,0.0213985853647421,3.1109346,0.0004578994556121,0.0033070281263488,0.0097960810395225,0.0180888428782577,0.039020668119247,0.051331824395842,0.0646974757678322,0.0790111462362735,0.0941899832038172,0.0411862740049486,0.0786946137908144,0.1134107866761085,0.1490678226993362,0.1119589223680698,0.1073934314114876,0.0097664342013205,0.1150439271165741,0.0262593579269301,0.4017173012669873,0.0002067099999999,499.0333705210729,0.2858990384068815,6.640105177665637e-07,0.0,1.4166007883106473,-0.0005663884862449,3.9236858010580426e-05,0.0
