accx_Absolute energy,accx_Area under the curve,accx_Average power,accx_ECDF Percentile Count_0,accx_ECDF Percentile Count_1,accx_FFT mean coefficient_89,accx_LPCC_8,accx_Lempel-Ziv complexity,accx_MFCC_1,accx_MFCC_10,accx_MFCC_11,accx_MFCC_3,accx_MFCC_5,accx_MFCC_8,accx_Maximum fractal length,accx_Mean absolute diff,accx_Median frequency,accx_Signal distance,accx_Skewness,accx_Spectral decrease,accx_Spectral distance,accx_Spectral entropy,accx_Spectral kurtosis,accx_Spectral positive turning points,accx_Spectral roll-off,accx_Spectral roll-on,accx_Spectral skewness,accx_Spectral slope,accx_Spectral spread,accx_Spectral variation,accx_Standard deviation,accx_Sum absolute diff,accx_Variance,accx_Wavelet absolute mean_0,accx_Wavelet absolute mean_1,accx_Wavelet absolute mean_2,accx_Wavelet absolute mean_4,accx_Wavelet absolute mean_5,accx_Wavelet absolute mean_6,accx_Wavelet absolute mean_7,accx_Wavelet absolute mean_8,accx_Wavelet energy_0,accx_Wavelet energy_1,accx_Wavelet energy_2,accx_Wavelet energy_3,accx_Wavelet standard deviation_2,accy_LPCC_0,accy_LPCC_2,accy_LPCC_6,accy_LPCC_8,accy_LPCC_9,accy_Median diff,accy_Signal distance,accy_Skewness,accy_Slope,accy_Spectral roll-on,accy_Spectral skewness,accy_Spectral slope,accy_Wavelet absolute mean_0,accz_Histogram_2
478.62717702029465,9.764364245,47.95863497197341,100.0,400.0,7.297507099951728e-07,0.8936173134912713,0.158,1.090017509792304,-4.852755988245221,-4.087933768454965,2.1064451717689217,0.7581685204005535,-4.994655216249078,0.0504070202824735,0.0014860723446893,0.0,499.000913295023,0.3713960692034445,-255.0632744856853,-62134.68930477003,0.6762916622710614,131.10971936587427,85.0,0.0,0.0,10.66797070128033,-0.0009375708733343,1.2402396268311058,0.8429313006939585,0.0034784046785874,0.7415500999999988,1.2099299108018998e-05,0.0032120514966436,0.0095190316603075,0.0176036921334464,0.0379852969532767,0.0499404218739753,0.0629257656444391,0.0768637804807438,0.0916927651756057,0.0380744892007526,0.0724480717527596,0.1081451525969032,0.1440295710109516,0.1067027837194434,0.612366053302206,1.1207064971628822,0.8352520662817313,0.8754623334443364,0.9430665869021776,9.2999999999982e-05,499.0011850638625,0.0057292705766327,2.4590246696986778e-06,0.0,4.378986281508056,-0.0008888860200497,0.0006060771976631,0.0
