accx_Absolute energy,accx_Area under the curve,accx_Average power,accx_ECDF Percentile Count_0,accx_ECDF Percentile Count_1,accx_FFT mean coefficient_89,accx_LPCC_8,accx_Lempel-Ziv complexity,accx_MFCC_1,accx_MFCC_10,accx_MFCC_11,accx_MFCC_3,accx_MFCC_5,accx_MFCC_8,accx_Maximum fractal length,accx_Mean absolute diff,accx_Median frequency,accx_Signal distance,accx_Skewness,accx_Spectral decrease,accx_Spectral distance,accx_Spectral entropy,accx_Spectral kurtosis,accx_Spectral positive turning points,accx_Spectral roll-off,accx_Spectral roll-on,accx_Spectral skewness,accx_Spectral slope,accx_Spectral spread,accx_Spectral variation,accx_Standard deviation,accx_Sum absolute diff,accx_Variance,accx_Wavelet absolute mean_0,accx_Wavelet absolute mean_1,accx_Wavelet absolute mean_2,accx_Wavelet absolute mean_4,accx_Wavelet absolute mean_5,accx_Wavelet absolute mean_6,accx_Wavelet absolute mean_7,accx_Wavelet absolute mean_8,accx_Wavelet energy_0,accx_Wavelet energy_1,accx_Wavelet energy_2,accx_Wavelet energy_3,accx_Wavelet standard deviation_2,accy_LPCC_0,accy_LPCC_2,accy_LPCC_6,accy_LPCC_8,accy_LPCC_9,accy_Median diff,accy_Signal distance,accy_Skewness,accy_Slope,accy_Spectral roll-on,accy_Spectral skewness,accy_Spectral slope,accy_Wavelet absolute mean_0,accz_Histogram_2
515.5311619465612,10.133725106,51.65642905276164,100.0,400.0,2.0046403599314417e-06,0.8934622038918999,0.168,0.4067633660339917,1.7487301431014353,-9.709099424530056,-0.9725894726199956,1.7530270870676343,-2.5538891348379003,0.3402822282602163,0.0025088024048096,0.0,499.00306272065177,-0.3121745352738699,-161.25078704865317,-64866.05404947928,0.7741610497688319,80.00737727667021,74.0,0.0,0.0,8.19591712642496,-0.0009304386049752,1.546064589969459,0.8787318661601383,0.0052260175970125,1.2518923999999996,2.7311259924285224e-05,0.0033295109879498,0.0098772706799036,0.0182562571968177,0.0393896332232473,0.0517998726006139,0.0652843987420791,0.0797644244737381,0.0951767621673966,0.0396771854878057,0.0755567019085693,0.1119750155218924,0.1489513553567927,0.1104767539996161,0.5829008412161506,1.0258958498301376,0.792196251086644,0.8306209611738599,0.8594497033641618,-1.4269999999996784e-05,499.0020973714965,-0.119857739400848,-5.832492274417088e-05,0.0,2.9066715267166217,-0.0008130161740496,0.0003037891577276,0.0
