accx_Absolute energy,accx_Area under the curve,accx_Average power,accx_ECDF Percentile Count_0,accx_ECDF Percentile Count_1,accx_FFT mean coefficient_89,accx_LPCC_8,accx_Lempel-Ziv complexity,accx_MFCC_1,accx_MFCC_10,accx_MFCC_11,accx_MFCC_3,accx_MFCC_5,accx_MFCC_8,accx_Maximum fractal length,accx_Mean absolute diff,accx_Median frequency,accx_Signal distance,accx_Skewness,accx_Spectral decrease,accx_Spectral distance,accx_Spectral entropy,accx_Spectral kurtosis,accx_Spectral positive turning points,accx_Spectral roll-off,accx_Spectral roll-on,accx_Spectral skewness,accx_Spectral slope,accx_Spectral spread,accx_Spectral variation,accx_Standard deviation,accx_Sum absolute diff,accx_Variance,accx_Wavelet absolute mean_0,accx_Wavelet absolute mean_1,accx_Wavelet absolute mean_2,accx_Wavelet absolute mean_4,accx_Wavelet absolute mean_5,accx_Wavelet absolute mean_6,accx_Wavelet absolute mean_7,accx_Wavelet absolute mean_8,accx_Wavelet energy_0,accx_Wavelet energy_1,accx_Wavelet energy_2,accx_Wavelet energy_3,accx_Wavelet standard deviation_2,accy_LPCC_0,accy_LPCC_2,accy_LPCC_6,accy_LPCC_8,accy_LPCC_9,accy_Median diff,accy_Signal distance,accy_Skewness,accy_Slope,accy_Spectral roll-on,accy_Spectral skewness,accy_Spectral slope,accy_Wavelet absolute mean_0,accz_Histogram_2
499.4100315418337,9.97414432,50.04108532483304,100.0,400.0,3.008392568963418e-07,0.890741264480919,0.172,1.1259039241787951,1.392184549988203,0.78221674247348,0.0813950180002054,-0.0905000957376812,-5.235318374816152,0.1652176036080928,0.0018221230460921,0.0,499.0016819857004,0.4044459876610564,-205.91033835589943,-63556.98316895513,0.8108516332731559,100.19831701472432,80.0,0.0,0.0,9.258876762295538,-0.0009336427002761,1.4490201274389949,0.9172252461116104,0.0037508476750951,0.9092394000000006,1.406885828176656e-05,0.0032780445364125,0.0097222285799267,0.017954395096058,0.0387007590612792,0.0509026417229551,0.0641819772799313,0.0784544950715578,0.0936498605748808,0.0389093803831972,0.0744178414834407,0.1101974071880062,0.1457442659938836,0.1087249200859394,0.6216965642835495,1.1024868910784082,0.8672151879644354,0.8962871177382002,0.9553269070936916,-5.749999999998812e-05,499.0029504602553,-0.1729889932304774,3.653217989031961e-05,0.0,4.19973420325275,-0.000879500636424,0.0008040624918119,0.0
