accx_Absolute energy,accx_Area under the curve,accx_Average power,accx_ECDF Percentile Count_0,accx_ECDF Percentile Count_1,accx_FFT mean coefficient_89,accx_LPCC_8,accx_Lempel-Ziv complexity,accx_MFCC_1,accx_MFCC_10,accx_MFCC_11,accx_MFCC_3,accx_MFCC_5,accx_MFCC_8,accx_Maximum fractal length,accx_Mean absolute diff,accx_Median frequency,accx_Signal distance,accx_Skewness,accx_Spectral decrease,accx_Spectral distance,accx_Spectral entropy,accx_Spectral kurtosis,accx_Spectral positive turning points,accx_Spectral roll-off,accx_Spectral roll-on,accx_Spectral skewness,accx_Spectral slope,accx_Spectral spread,accx_Spectral variation,accx_Standard deviation,accx_Sum absolute diff,accx_Variance,accx_Wavelet absolute mean_0,accx_Wavelet absolute mean_1,accx_Wavelet absolute mean_2,accx_Wavelet absolute mean_4,accx_Wavelet absolute mean_5,accx_Wavelet absolute mean_6,accx_Wavelet absolute mean_7,accx_Wavelet absolute mean_8,accx_Wavelet energy_0,accx_Wavelet energy_1,accx_Wavelet energy_2,accx_Wavelet energy_3,accx_Wavelet standard deviation_2,accy_LPCC_0,accy_LPCC_2,accy_LPCC_6,accy_LPCC_8,accy_LPCC_9,accy_Median diff,accy_Signal distance,accy_Skewness,accy_Slope,accy_Spectral roll-on,accy_Spectral skewness,accy_Spectral slope,accy_Wavelet absolute mean_0,accz_Histogram_2
494.9701278147351,9.92883908,49.596205191857216,100.0,400.0,1.365747678462032e-06,0.8885459280774387,0.154,-0.3496501472459397,-2.8442907169669103,1.549558257162408,-3.695112173572151,2.5022185911251618,-2.257719386707048,0.4418209316452847,0.0035642492985971,0.0,499.0114149878792,-1.6069800955391873,-71.00845076098847,-65173.19104157399,0.7629404799513246,37.42341958045886,71.0,3.3000000000000003,0.0,5.594426623646138,-0.0009118666771051,2.182384137952572,0.6121318393866129,0.0115305524877377,1.7785604000000004,0.0001329536406724,0.0032941902039182,0.0097421340652848,0.0179669075403435,0.0387111162962221,0.050902943374776,0.0641512692848809,0.0783746033240387,0.0935093844428054,0.0399409443212107,0.0759535434967827,0.1112453601873512,0.1472204462025844,0.109784882368431,0.6414579506988436,1.1023557716656436,0.8589891134286067,0.8591476545996081,0.8893865037418586,9.120000000001348e-05,499.0082221933285,-0.7521491052342211,8.278541625526547e-05,0.0,2.9856042361668003,-0.000828967703968,0.0005581607034556,0.0
