accx_Absolute energy,accx_Area under the curve,accx_Average power,accx_ECDF Percentile Count_0,accx_ECDF Percentile Count_1,accx_FFT mean coefficient_89,accx_LPCC_8,accx_Lempel-Ziv complexity,accx_MFCC_1,accx_MFCC_10,accx_MFCC_11,accx_MFCC_3,accx_MFCC_5,accx_MFCC_8,accx_Maximum fractal length,accx_Mean absolute diff,accx_Median frequency,accx_Signal distance,accx_Skewness,accx_Spectral decrease,accx_Spectral distance,accx_Spectral entropy,accx_Spectral kurtosis,accx_Spectral positive turning points,accx_Spectral roll-off,accx_Spectral roll-on,accx_Spectral skewness,accx_Spectral slope,accx_Spectral spread,accx_Spectral variation,accx_Standard deviation,accx_Sum absolute diff,accx_Variance,accx_Wavelet absolute mean_0,accx_Wavelet absolute mean_1,accx_Wavelet absolute mean_2,accx_Wavelet absolute mean_4,accx_Wavelet absolute mean_5,accx_Wavelet absolute mean_6,accx_Wavelet absolute mean_7,accx_Wavelet absolute mean_8,accx_Wavelet energy_0,accx_Wavelet energy_1,accx_Wavelet energy_2,accx_Wavelet energy_3,accx_Wavelet standard deviation_2,accy_LPCC_0,accy_LPCC_2,accy_LPCC_6,accy_LPCC_8,accy_LPCC_9,accy_Median diff,accy_Signal distance,accy_Skewness,accy_Slope,accy_Spectral roll-on,accy_Spectral skewness,accy_Spectral slope,accy_Wavelet absolute mean_0,accz_Histogram_2
510.1239748041819,10.080228294,51.11462673388596,100.0,400.0,1.0947091090841629e-06,0.895455173497784,0.176,1.2254722915567844,-0.8694016489765225,1.7269421491970842,-0.5989848309445736,2.9656919179655645,-16.057379649486442,0.4716105873048306,0.0035402805611222,0.0,499.0065556911444,-1.697300722285625,-105.22169471947755,-65165.018227564935,0.7769979075331331,52.33935402472599,73.0,1.1,0.0,6.646696224500631,-0.0009217712814794,1.8739045849643787,0.8005865278550457,0.0079296132834685,1.7666000000000006,6.287876682536047e-05,0.0033260454085283,0.0098958403565387,0.0183148507774646,0.0394284812457476,0.0517800542103042,0.0651935627211108,0.079596932437165,0.0949300481846407,0.0395360575467743,0.0760206858849785,0.1142292092880156,0.1513840280855748,0.1127514013019992,0.6041193667525739,1.07472478770442,0.7961343513102298,0.8632528486307491,0.907225343936842,6.359999999999699e-05,499.011596154477,-0.1877102574507066,5.8851464605858285e-05,0.0,3.159532237509916,-0.0008404637638726,0.000694058633451,0.0
