accx_Absolute energy,accx_Area under the curve,accx_Average power,accx_ECDF Percentile Count_0,accx_ECDF Percentile Count_1,accx_FFT mean coefficient_89,accx_LPCC_8,accx_Lempel-Ziv complexity,accx_MFCC_1,accx_MFCC_10,accx_MFCC_11,accx_MFCC_3,accx_MFCC_5,accx_MFCC_8,accx_Maximum fractal length,accx_Mean absolute diff,accx_Median frequency,accx_Signal distance,accx_Skewness,accx_Spectral decrease,accx_Spectral distance,accx_Spectral entropy,accx_Spectral kurtosis,accx_Spectral positive turning points,accx_Spectral roll-off,accx_Spectral roll-on,accx_Spectral skewness,accx_Spectral slope,accx_Spectral spread,accx_Spectral variation,accx_Standard deviation,accx_Sum absolute diff,accx_Variance,accx_Wavelet absolute mean_0,accx_Wavelet absolute mean_1,accx_Wavelet absolute mean_2,accx_Wavelet absolute mean_4,accx_Wavelet absolute mean_5,accx_Wavelet absolute mean_6,accx_Wavelet absolute mean_7,accx_Wavelet absolute mean_8,accx_Wavelet energy_0,accx_Wavelet energy_1,accx_Wavelet energy_2,accx_Wavelet energy_3,accx_Wavelet standard deviation_2,accy_LPCC_0,accy_LPCC_2,accy_LPCC_6,accy_LPCC_8,accy_LPCC_9,accy_Median diff,accy_Signal distance,accy_Skewness,accy_Slope,accy_Spectral roll-on,accy_Spectral skewness,accy_Spectral slope,accy_Wavelet absolute mean_0,accz_Histogram_2
504.3635399858965,10.023427142,50.537428856302256,100.0,400.0,2.2902861925090063e-08,0.8946364512742916,0.176,0.8031411732761176,-4.543459492594782,-2.0437094892432466,0.6926795152890605,-0.2720898018286663,-3.866599473012216,-0.0349363312946393,0.0012415975951903,0.0,499.00064520351816,0.5189600533597797,-334.48029427838463,-63523.00738327389,0.7956037694846179,157.50177779859555,79.0,0.0,0.0,11.697566313072253,-0.0009389501964757,1.199011120499123,0.72924402305827,0.0023395394990274,0.6195571999999989,5.473445067509556e-06,0.0033064130583558,0.0097940424293671,0.0180885968910541,0.0389977168304673,0.0512758291238301,0.0646184264156203,0.0789455755953475,0.0941939345909419,0.0392252359320477,0.0747541558562924,0.1108816132326973,0.1474703061052741,0.1093962285254772,0.6229081919373556,1.130408161708432,0.8516415170606773,0.8870006955854032,0.9589033864030928,-9.700000000001374e-05,499.000996165074,0.2304807409991851,-1.0063346410185391e-05,0.0,4.422123097083787,-0.0008867488571191,0.0005535655506836,0.0
