accx_Absolute energy,accx_Area under the curve,accx_Average power,accx_ECDF Percentile Count_0,accx_ECDF Percentile Count_1,accx_FFT mean coefficient_89,accx_LPCC_8,accx_Lempel-Ziv complexity,accx_MFCC_1,accx_MFCC_10,accx_MFCC_11,accx_MFCC_3,accx_MFCC_5,accx_MFCC_8,accx_Maximum fractal length,accx_Mean absolute diff,accx_Median frequency,accx_Signal distance,accx_Skewness,accx_Spectral decrease,accx_Spectral distance,accx_Spectral entropy,accx_Spectral kurtosis,accx_Spectral positive turning points,accx_Spectral roll-off,accx_Spectral roll-on,accx_Spectral skewness,accx_Spectral slope,accx_Spectral spread,accx_Spectral variation,accx_Standard deviation,accx_Sum absolute diff,accx_Variance,accx_Wavelet absolute mean_0,accx_Wavelet absolute mean_1,accx_Wavelet absolute mean_2,accx_Wavelet absolute mean_4,accx_Wavelet absolute mean_5,accx_Wavelet absolute mean_6,accx_Wavelet absolute mean_7,accx_Wavelet absolute mean_8,accx_Wavelet energy_0,accx_Wavelet energy_1,accx_Wavelet energy_2,accx_Wavelet energy_3,accx_Wavelet standard deviation_2,accy_LPCC_0,accy_LPCC_2,accy_LPCC_6,accy_LPCC_8,accy_LPCC_9,accy_Median diff,accy_Signal distance,accy_Skewness,accy_Slope,accy_Spectral roll-on,accy_Spectral skewness,accy_Spectral slope,accy_Wavelet absolute mean_0,accz_Histogram_2
505.0309087234577,10.0283488,50.60429947128834,100.0,400.0,7.145153743778322e-06,0.8771134599296039,0.166,-1.0380992313178927,5.124795643509285,4.031793765764512,-1.5550189781395254,-2.6824333003718106,-8.473013645255941,0.8257976755914582,0.0076888456913827,0.0,499.03658762659984,-0.0332899146118584,-47.59432664570995,-66974.8440185547,0.7651608877363099,23.15433743455372,71.0,6.0,0.0,4.27959784909544,-0.0008929629087438,2.559879826626184,0.8251439240510032,0.0178467177388978,3.836733999999998,0.0003185053340518,0.0033445112950116,0.0098732309703258,0.0182648158350864,0.0392729400635331,0.0514379976747848,0.0646142508679705,0.078781202375611,0.0939046564324495,0.0421439828182598,0.0798237382527181,0.1184911425239204,0.1573534630850918,0.1170749646984118,0.633008504771204,1.107262088404512,0.6527421688366184,0.6933374778877308,0.830957806115142,-8.429999999998161e-05,499.0571108979993,0.8533652827407227,0.0001253064820481,0.0,2.56273023936546,-0.0007857724177238,0.000892225619082,0.0
