accx_Absolute energy,accx_Area under the curve,accx_Average power,accx_ECDF Percentile Count_0,accx_ECDF Percentile Count_1,accx_FFT mean coefficient_89,accx_LPCC_8,accx_Lempel-Ziv complexity,accx_MFCC_1,accx_MFCC_10,accx_MFCC_11,accx_MFCC_3,accx_MFCC_5,accx_MFCC_8,accx_Maximum fractal length,accx_Mean absolute diff,accx_Median frequency,accx_Signal distance,accx_Skewness,accx_Spectral decrease,accx_Spectral distance,accx_Spectral entropy,accx_Spectral kurtosis,accx_Spectral positive turning points,accx_Spectral roll-off,accx_Spectral roll-on,accx_Spectral skewness,accx_Spectral slope,accx_Spectral spread,accx_Spectral variation,accx_Standard deviation,accx_Sum absolute diff,accx_Variance,accx_Wavelet absolute mean_0,accx_Wavelet absolute mean_1,accx_Wavelet absolute mean_2,accx_Wavelet absolute mean_4,accx_Wavelet absolute mean_5,accx_Wavelet absolute mean_6,accx_Wavelet absolute mean_7,accx_Wavelet absolute mean_8,accx_Wavelet energy_0,accx_Wavelet energy_1,accx_Wavelet energy_2,accx_Wavelet energy_3,accx_Wavelet standard deviation_2,accy_LPCC_0,accy_LPCC_2,accy_LPCC_6,accy_LPCC_8,accy_LPCC_9,accy_Median diff,accy_Signal distance,accy_Skewness,accy_Slope,accy_Spectral roll-on,accy_Spectral skewness,accy_Spectral slope,accy_Wavelet absolute mean_0,accz_Histogram_2
517.3959151525288,10.152034892,51.84327807139567,100.0,400.0,2.0188084716664726e-06,0.8930731046409754,0.17,1.0701287855775752,-3.3045263779677807,-0.6243327052335879,-0.3522072115164816,0.9294620858059116,-7.191705609562107,0.231838028061136,0.0021906172344689,0.0,499.0033491363136,0.26275888047959,-163.71889670489347,-64845.39793111759,0.8270737483178829,69.84525428367418,76.0,0.0,0.0,7.687042890617725,-0.0009289660593723,1.6254598051968356,0.8099617043630564,0.0047059498394003,1.0931180000000018,2.214596389095221e-05,0.0033434601966066,0.0099051618029945,0.0182984593490785,0.0394442035942681,0.051852033272495,0.0653348737990264,0.0798154495330429,0.0952324981123378,0.0398620162305673,0.075921282929092,0.1125854220210962,0.1494877567269259,0.1110884496116426,0.5689482871284925,1.082045139398319,0.8072870091516537,0.7709364981958597,0.8450309274180898,-0.0001304399999999,499.0035540979246,0.3753018496660108,1.1508541439285764e-05,0.0,2.63786825656164,-0.0007984661584895,0.0003352979746517,0.0
