accx_Absolute energy,accx_Area under the curve,accx_Average power,accx_ECDF Percentile Count_0,accx_ECDF Percentile Count_1,accx_FFT mean coefficient_89,accx_LPCC_8,accx_Lempel-Ziv complexity,accx_MFCC_1,accx_MFCC_10,accx_MFCC_11,accx_MFCC_3,accx_MFCC_5,accx_MFCC_8,accx_Maximum fractal length,accx_Mean absolute diff,accx_Median frequency,accx_Signal distance,accx_Skewness,accx_Spectral decrease,accx_Spectral distance,accx_Spectral entropy,accx_Spectral kurtosis,accx_Spectral positive turning points,accx_Spectral roll-off,accx_Spectral roll-on,accx_Spectral skewness,accx_Spectral slope,accx_Spectral spread,accx_Spectral variation,accx_Standard deviation,accx_Sum absolute diff,accx_Variance,accx_Wavelet absolute mean_0,accx_Wavelet absolute mean_1,accx_Wavelet absolute mean_2,accx_Wavelet absolute mean_4,accx_Wavelet absolute mean_5,accx_Wavelet absolute mean_6,accx_Wavelet absolute mean_7,accx_Wavelet absolute mean_8,accx_Wavelet energy_0,accx_Wavelet energy_1,accx_Wavelet energy_2,accx_Wavelet energy_3,accx_Wavelet standard deviation_2,accy_LPCC_0,accy_LPCC_2,accy_LPCC_6,accy_LPCC_8,accy_LPCC_9,accy_Median diff,accy_Signal distance,accy_Skewness,accy_Slope,accy_Spectral roll-on,accy_Spectral skewness,accy_Spectral slope,accy_Wavelet absolute mean_0,accz_Histogram_2
523.0688858110921,10.20758862,52.41171200511944,100.0,400.0,2.589801479172672e-07,0.8943189898816581,0.176,0.8593536446171082,-2.555941420283388,-1.9359661328270992,1.6197532637015486,0.1273815478574674,-5.9503462409994015,-0.0042090032696819,0.0013688176352705,0.0,499.00074567720014,-0.5351719590702605,-335.94408434229433,-64692.56348877517,0.8036161408898982,151.2619683159287,82.0,0.0,0.0,11.50147016550824,-0.0009390575274495,1.177343814248402,0.7877387790455972,0.0023717622966359,0.6830400000000001,5.62525639174399e-06,0.003369980015338,0.0099895406652611,0.0184577327386973,0.0397681430165168,0.0522693393390788,0.065854067568892,0.0804431288793591,0.095971921234767,0.0398946764421561,0.0762634894339616,0.1135581680177113,0.1508011529538884,0.1120480683710592,0.591033131186225,1.0262659565616934,0.6125446579216912,0.7930286202801328,0.9193438775838072,0.0001342699999999,499.0013990542478,0.4494890807178603,2.88441797717591e-05,0.0,2.329769741699925,-0.0007438957836999,0.0001190737561436,0.0
