accx_Absolute energy,accx_Area under the curve,accx_Average power,accx_ECDF Percentile Count_0,accx_ECDF Percentile Count_1,accx_FFT mean coefficient_89,accx_LPCC_8,accx_Lempel-Ziv complexity,accx_MFCC_1,accx_MFCC_10,accx_MFCC_11,accx_MFCC_3,accx_MFCC_5,accx_MFCC_8,accx_Maximum fractal length,accx_Mean absolute diff,accx_Median frequency,accx_Signal distance,accx_Skewness,accx_Spectral decrease,accx_Spectral distance,accx_Spectral entropy,accx_Spectral kurtosis,accx_Spectral positive turning points,accx_Spectral roll-off,accx_Spectral roll-on,accx_Spectral skewness,accx_Spectral slope,accx_Spectral spread,accx_Spectral variation,accx_Standard deviation,accx_Sum absolute diff,accx_Variance,accx_Wavelet absolute mean_0,accx_Wavelet absolute mean_1,accx_Wavelet absolute mean_2,accx_Wavelet absolute mean_4,accx_Wavelet absolute mean_5,accx_Wavelet absolute mean_6,accx_Wavelet absolute mean_7,accx_Wavelet absolute mean_8,accx_Wavelet energy_0,accx_Wavelet energy_1,accx_Wavelet energy_2,accx_Wavelet energy_3,accx_Wavelet standard deviation_2,accy_LPCC_0,accy_LPCC_2,accy_LPCC_6,accy_LPCC_8,accy_LPCC_9,accy_Median diff,accy_Signal distance,accy_Skewness,accy_Slope,accy_Spectral roll-on,accy_Spectral skewness,accy_Spectral slope,accy_Wavelet absolute mean_0,accz_Histogram_2
515.385382881861,10.13238309,51.6418219320502,100.0,400.0,5.713671046941014e-07,0.8958911139190785,0.172,1.018313373755242,-3.621743040752708,2.151878321360972,0.9517412501454108,-0.8464761947972235,-4.515722035831628,0.0639419268720987,0.0014210320641282,0.0,499.0008403472033,-0.0425961455497474,-289.17906428884896,-64338.79663977294,0.7935571833465351,141.76371310101496,74.0,0.0,0.0,11.10022813710676,-0.00093815033854,1.2163204938655818,0.8613541747120448,0.0027838102992114,0.7090950000000003,7.749599781996e-06,0.0033348658330673,0.0098802837089484,0.0182494247863301,0.0393417814660356,0.0517424693050077,0.0652333158704219,0.0797293708191706,0.0951604927386876,0.0394690945701014,0.0754474044420018,0.1119808382554301,0.148370423394774,0.1104837844724595,0.617205202116852,1.1219495985800587,0.791440444836575,0.8385218806938602,0.929423101594448,2.8200000000006e-05,499.004848983904,0.4397076001178457,9.67799425917711e-06,0.0,3.3220104275606843,-0.0008474430821804,0.0005925801082885,0.0
