accx_Absolute energy,accx_Area under the curve,accx_Average power,accx_ECDF Percentile Count_0,accx_ECDF Percentile Count_1,accx_FFT mean coefficient_89,accx_LPCC_8,accx_Lempel-Ziv complexity,accx_MFCC_1,accx_MFCC_10,accx_MFCC_11,accx_MFCC_3,accx_MFCC_5,accx_MFCC_8,accx_Maximum fractal length,accx_Mean absolute diff,accx_Median frequency,accx_Signal distance,accx_Skewness,accx_Spectral decrease,accx_Spectral distance,accx_Spectral entropy,accx_Spectral kurtosis,accx_Spectral positive turning points,accx_Spectral roll-off,accx_Spectral roll-on,accx_Spectral skewness,accx_Spectral slope,accx_Spectral spread,accx_Spectral variation,accx_Standard deviation,accx_Sum absolute diff,accx_Variance,accx_Wavelet absolute mean_0,accx_Wavelet absolute mean_1,accx_Wavelet absolute mean_2,accx_Wavelet absolute mean_4,accx_Wavelet absolute mean_5,accx_Wavelet absolute mean_6,accx_Wavelet absolute mean_7,accx_Wavelet absolute mean_8,accx_Wavelet energy_0,accx_Wavelet energy_1,accx_Wavelet energy_2,accx_Wavelet energy_3,accx_Wavelet standard deviation_2,accy_LPCC_0,accy_LPCC_2,accy_LPCC_6,accy_LPCC_8,accy_LPCC_9,accy_Median diff,accy_Signal distance,accy_Skewness,accy_Slope,accy_Spectral roll-on,accy_Spectral skewness,accy_Spectral slope,accy_Wavelet absolute mean_0,accz_Histogram_2
527.2682511335083,10.2482012,52.83249009353791,100.0,400.0,8.603077433807018e-07,0.8848812076671534,0.172,-0.4362031327033903,5.288566421445486,12.80401048220908,-5.850810891737388,8.63564407731603,-10.073659668067869,0.3095245312017582,0.0026070901803607,0.0,499.0033238546959,-0.8237707835340933,-157.60120775853858,-65547.9372911804,0.7983604440267389,73.37676768922707,71.0,0.0,0.0,7.892078527829717,-0.0009289039464553,1.6439389236141857,0.9038961747469392,0.0051353007062421,1.3009380000000028,2.6371313343531012e-05,0.0034005720850833,0.01004417753264,0.0184831369065358,0.0396664284499837,0.0521199569929632,0.0656843866595904,0.0802779155337304,0.095830176033107,0.0409059876154619,0.0776547451028146,0.1142958957567738,0.1500743154505868,0.1127915131423351,0.2301815065324437,0.1636906062526443,0.04560096698749,0.0627071425758306,0.6659870685663352,-0.0001704299999999,499.00298224306766,0.4120813390599871,8.673796709441875e-06,0.1,1.3092615296193844,-0.0005561215908544,2.414862467823773e-06,0.0
