accx_Absolute energy,accx_Area under the curve,accx_Average power,accx_ECDF Percentile Count_0,accx_ECDF Percentile Count_1,accx_FFT mean coefficient_89,accx_LPCC_8,accx_Lempel-Ziv complexity,accx_MFCC_1,accx_MFCC_10,accx_MFCC_11,accx_MFCC_3,accx_MFCC_5,accx_MFCC_8,accx_Maximum fractal length,accx_Mean absolute diff,accx_Median frequency,accx_Signal distance,accx_Skewness,accx_Spectral decrease,accx_Spectral distance,accx_Spectral entropy,accx_Spectral kurtosis,accx_Spectral positive turning points,accx_Spectral roll-off,accx_Spectral roll-on,accx_Spectral skewness,accx_Spectral slope,accx_Spectral spread,accx_Spectral variation,accx_Standard deviation,accx_Sum absolute diff,accx_Variance,accx_Wavelet absolute mean_0,accx_Wavelet absolute mean_1,accx_Wavelet absolute mean_2,accx_Wavelet absolute mean_4,accx_Wavelet absolute mean_5,accx_Wavelet absolute mean_6,accx_Wavelet absolute mean_7,accx_Wavelet absolute mean_8,accx_Wavelet energy_0,accx_Wavelet energy_1,accx_Wavelet energy_2,accx_Wavelet energy_3,accx_Wavelet standard deviation_2,accy_LPCC_0,accy_LPCC_2,accy_LPCC_6,accy_LPCC_8,accy_LPCC_9,accy_Median diff,accy_Signal distance,accy_Skewness,accy_Slope,accy_Spectral roll-on,accy_Spectral skewness,accy_Spectral slope,accy_Wavelet absolute mean_0,accz_Histogram_2
524.544545830679,10.22201805,52.55957373052895,100.0,400.0,4.736138747714724e-07,0.8965578591270669,0.17,0.2269810451826859,9.548782244764958,7.355463031155531,1.3197267014123386,-0.4858286859988486,-10.903424511242052,0.0977928619327418,0.0015754529058116,0.0,499.0017463050875,2.072653885180009,-247.44034601988653,-64857.5929663755,0.8490171054970274,90.74792937159444,74.0,0.0,0.0,9.003544818952104,-0.000934150922396,1.462702526307494,0.8694035591740901,0.002994166887487,0.7861510000000038,8.965035350124005e-06,0.0033647323318555,0.0099694655173019,0.0184197599894629,0.03972092935386,0.0522393376511004,0.0658501524386901,0.0804691466383584,0.0960307544862839,0.0399691830811281,0.076042072280695,0.112945191328668,0.1498963749264326,0.1114330681898331,0.5726601420200851,1.1239626581750677,0.6482722829187161,0.7701247859415067,0.8572574454500709,-4.608999999999863e-05,499.00300800103497,-0.0474544431646878,1.941356019488091e-05,0.0,2.6736613043546984,-0.0008035402716192,0.0002561928694813,0.0
