accx_Absolute energy,accx_Area under the curve,accx_Average power,accx_ECDF Percentile Count_0,accx_ECDF Percentile Count_1,accx_FFT mean coefficient_89,accx_LPCC_8,accx_Lempel-Ziv complexity,accx_MFCC_1,accx_MFCC_10,accx_MFCC_11,accx_MFCC_3,accx_MFCC_5,accx_MFCC_8,accx_Maximum fractal length,accx_Mean absolute diff,accx_Median frequency,accx_Signal distance,accx_Skewness,accx_Spectral decrease,accx_Spectral distance,accx_Spectral entropy,accx_Spectral kurtosis,accx_Spectral positive turning points,accx_Spectral roll-off,accx_Spectral roll-on,accx_Spectral skewness,accx_Spectral slope,accx_Spectral spread,accx_Spectral variation,accx_Standard deviation,accx_Sum absolute diff,accx_Variance,accx_Wavelet absolute mean_0,accx_Wavelet absolute mean_1,accx_Wavelet absolute mean_2,accx_Wavelet absolute mean_4,accx_Wavelet absolute mean_5,accx_Wavelet absolute mean_6,accx_Wavelet absolute mean_7,accx_Wavelet absolute mean_8,accx_Wavelet energy_0,accx_Wavelet energy_1,accx_Wavelet energy_2,accx_Wavelet energy_3,accx_Wavelet standard deviation_2,accy_LPCC_0,accy_LPCC_2,accy_LPCC_6,accy_LPCC_8,accy_LPCC_9,accy_Median diff,accy_Signal distance,accy_Skewness,accy_Slope,accy_Spectral roll-on,accy_Spectral skewness,accy_Spectral slope,accy_Wavelet absolute mean_0,accz_Histogram_2
525.7291286303806,10.23313129,52.67826940184175,100.0,400.0,2.949932128473276e-07,0.8915352541058589,0.166,1.3922720371853743,-0.3106653899084793,0.0819163418516062,-1.0931365592974949,-1.3928138407100037,-5.185346676808173,0.371097255815224,0.0026363438877755,0.0,499.0072912721709,-0.0883654360868071,-96.67624267970704,-66550.78998796482,0.7247009679506207,61.65634578291499,71.0,1.9,0.0,7.010049627452909,-0.0009228388165261,1.732025311225342,0.9869495397176948,0.0098220635637804,1.315535599999999,9.647293265094404e-05,0.0033673940830693,0.0099673754855328,0.018417398493039,0.0397300187235052,0.0522561741302336,0.0658789684086049,0.0805151899589251,0.0960974952689206,0.0403268118735373,0.0775296884213459,0.1147870475060182,0.1512377615425959,0.1132998927973786,0.389983361752373,0.9598172594202788,0.547916628378133,0.6370501531291389,0.7849608130749909,-9.772000000000251e-05,499.0039392633324,-0.8828880546546471,-0.000118878373612,0.0,2.7792868980719097,-0.0007731787008396,0.0002322923768009,0.0
