accx_Absolute energy,accx_Area under the curve,accx_Average power,accx_ECDF Percentile Count_0,accx_ECDF Percentile Count_1,accx_FFT mean coefficient_89,accx_LPCC_8,accx_Lempel-Ziv complexity,accx_MFCC_1,accx_MFCC_10,accx_MFCC_11,accx_MFCC_3,accx_MFCC_5,accx_MFCC_8,accx_Maximum fractal length,accx_Mean absolute diff,accx_Median frequency,accx_Signal distance,accx_Skewness,accx_Spectral decrease,accx_Spectral distance,accx_Spectral entropy,accx_Spectral kurtosis,accx_Spectral positive turning points,accx_Spectral roll-off,accx_Spectral roll-on,accx_Spectral skewness,accx_Spectral slope,accx_Spectral spread,accx_Spectral variation,accx_Standard deviation,accx_Sum absolute diff,accx_Variance,accx_Wavelet absolute mean_0,accx_Wavelet absolute mean_1,accx_Wavelet absolute mean_2,accx_Wavelet absolute mean_4,accx_Wavelet absolute mean_5,accx_Wavelet absolute mean_6,accx_Wavelet absolute mean_7,accx_Wavelet absolute mean_8,accx_Wavelet energy_0,accx_Wavelet energy_1,accx_Wavelet energy_2,accx_Wavelet energy_3,accx_Wavelet standard deviation_2,accy_LPCC_0,accy_LPCC_2,accy_LPCC_6,accy_LPCC_8,accy_LPCC_9,accy_Median diff,accy_Signal distance,accy_Skewness,accy_Slope,accy_Spectral roll-on,accy_Spectral skewness,accy_Spectral slope,accy_Wavelet absolute mean_0,accz_Histogram_2
520.710973042775,10.18454283,52.17544820067885,100.0,400.0,1.173452334447735e-07,0.8898242622580815,0.176,1.1108485768436585,-3.959211262200448,-0.7240886597774772,0.0531358414044444,2.083534608262019,-4.7086856872088445,0.0443678378546216,0.0014312164328657,0.0,499.0009316955568,-0.1793159919874873,-310.77519297726826,-64581.59379847912,0.817892300923479,136.94234210682822,81.0,0.0,0.0,10.870553729342667,-0.000938208032241,1.20450325576157,0.9346661249321644,0.0025222621442276,0.7141770000000007,6.361806324203998e-06,0.003366520259569,0.0099756405334736,0.018410577086442,0.0396161335795999,0.052064756667641,0.065603233111219,0.0801507071744402,0.0956403111251898,0.0399131635252458,0.0764215327358991,0.1135467252903691,0.1502909559502634,0.1120442299965095,0.6358764676057945,1.1435364378358353,0.8516103205853225,0.87578003296455,0.9864154205963924,-8.840000000001624e-05,499.0022921759913,-0.0891231962406508,-2.6344626738506783e-05,0.0,3.238996718533193,-0.000845548310401,0.0003987780912492,0.0
