accx_Absolute energy,accx_Area under the curve,accx_Average power,accx_ECDF Percentile Count_0,accx_ECDF Percentile Count_1,accx_FFT mean coefficient_89,accx_LPCC_8,accx_Lempel-Ziv complexity,accx_MFCC_1,accx_MFCC_10,accx_MFCC_11,accx_MFCC_3,accx_MFCC_5,accx_MFCC_8,accx_Maximum fractal length,accx_Mean absolute diff,accx_Median frequency,accx_Signal distance,accx_Skewness,accx_Spectral decrease,accx_Spectral distance,accx_Spectral entropy,accx_Spectral kurtosis,accx_Spectral positive turning points,accx_Spectral roll-off,accx_Spectral roll-on,accx_Spectral skewness,accx_Spectral slope,accx_Spectral spread,accx_Spectral variation,accx_Standard deviation,accx_Sum absolute diff,accx_Variance,accx_Wavelet absolute mean_0,accx_Wavelet absolute mean_1,accx_Wavelet absolute mean_2,accx_Wavelet absolute mean_4,accx_Wavelet absolute mean_5,accx_Wavelet absolute mean_6,accx_Wavelet absolute mean_7,accx_Wavelet absolute mean_8,accx_Wavelet energy_0,accx_Wavelet energy_1,accx_Wavelet energy_2,accx_Wavelet energy_3,accx_Wavelet standard deviation_2,accy_LPCC_0,accy_LPCC_2,accy_LPCC_6,accy_LPCC_8,accy_LPCC_9,accy_Median diff,accy_Signal distance,accy_Skewness,accy_Slope,accy_Spectral roll-on,accy_Spectral skewness,accy_Spectral slope,accy_Wavelet absolute mean_0,accz_Histogram_2
512.05145041478,10.09949665,51.30776056260321,100.0,400.0,5.234467539120669e-07,0.8924603285865051,0.18,0.7856484026512383,-5.880471621252852,-1.2454859212717189,-0.5083733397449512,4.357839380791696,-6.436161582200032,0.1152122661629103,0.0017587955911823,0.0,499.0013705698901,-0.0154087548394267,-267.24985131686407,-64102.20470036512,0.7961155638565512,111.12310502943824,78.0,0.0,0.0,9.822048027631114,-0.0009361435472804,1.32926165017964,0.9399619271614736,0.0029739611051632,0.8776389999999941,8.844444655023997e-06,0.0033300389218932,0.0098534304791755,0.0181863583350076,0.0392216662078743,0.0515897452460299,0.0650371467966953,0.0794800162278284,0.0948521357580058,0.0396384419996864,0.0752577758346972,0.1113910031092604,0.1479445063593583,0.1098963691128964,0.6216264086909569,1.1132583388247723,0.8241756395949595,0.8820518652736858,0.95474534756649,2.4000000000135024e-06,499.00241994524345,-0.0856666520883462,1.7552052401809824e-05,0.0,3.724534610776229,-0.0008613517288278,0.0005572807994883,0.0
