accx_Absolute energy,accx_Area under the curve,accx_Average power,accx_ECDF Percentile Count_0,accx_ECDF Percentile Count_1,accx_FFT mean coefficient_89,accx_LPCC_8,accx_Lempel-Ziv complexity,accx_MFCC_1,accx_MFCC_10,accx_MFCC_11,accx_MFCC_3,accx_MFCC_5,accx_MFCC_8,accx_Maximum fractal length,accx_Mean absolute diff,accx_Median frequency,accx_Signal distance,accx_Skewness,accx_Spectral decrease,accx_Spectral distance,accx_Spectral entropy,accx_Spectral kurtosis,accx_Spectral positive turning points,accx_Spectral roll-off,accx_Spectral roll-on,accx_Spectral skewness,accx_Spectral slope,accx_Spectral spread,accx_Spectral variation,accx_Standard deviation,accx_Sum absolute diff,accx_Variance,accx_Wavelet absolute mean_0,accx_Wavelet absolute mean_1,accx_Wavelet absolute mean_2,accx_Wavelet absolute mean_4,accx_Wavelet absolute mean_5,accx_Wavelet absolute mean_6,accx_Wavelet absolute mean_7,accx_Wavelet absolute mean_8,accx_Wavelet energy_0,accx_Wavelet energy_1,accx_Wavelet energy_2,accx_Wavelet energy_3,accx_Wavelet standard deviation_2,accy_LPCC_0,accy_LPCC_2,accy_LPCC_6,accy_LPCC_8,accy_LPCC_9,accy_Median diff,accy_Signal distance,accy_Skewness,accy_Slope,accy_Spectral roll-on,accy_Spectral skewness,accy_Spectral slope,accy_Wavelet absolute mean_0,accz_Histogram_2
473.3889321402228,9.710271446,47.43376073549327,100.0,400.0,2.163358171569501e-06,0.8934076205284277,0.156,0.0264247909370285,-2.717426688623576,-1.2566505379915558,1.260641045516706,0.8488551793332025,-4.01644506121889,0.4385435918994817,0.0032624949899799,0.0,499.0076616771343,-1.6829057912801346,-84.6109017107624,-63452.3867809748,0.7500127873766173,49.9033228115918,77.0,1.8,0.0,6.423233949162343,-0.0009194765637327,1.9021811306829397,0.813300440473924,0.0100535740613759,1.627984999999999,0.0001010743514075,0.0032007335273178,0.0094544661186108,0.0174484497182394,0.0376122720897478,0.0494409899837487,0.0622900975613875,0.0760914883626045,0.0907922265339915,0.0385277704584811,0.0732748461860425,0.1083724699625979,0.143597737932123,0.1069586081071751,0.6042171165058482,1.104312488241598,0.7681863883062556,0.8680291248734904,0.9495210925752376,-7.559999999995348e-05,499.0127354568384,-0.1867803864615399,3.076886673466699e-05,0.0,3.506828261637765,-0.0008507563444204,0.0010052985718422,0.0
