accx_Absolute energy,accx_Area under the curve,accx_Average power,accx_ECDF Percentile Count_0,accx_ECDF Percentile Count_1,accx_FFT mean coefficient_89,accx_LPCC_8,accx_Lempel-Ziv complexity,accx_MFCC_1,accx_MFCC_10,accx_MFCC_11,accx_MFCC_3,accx_MFCC_5,accx_MFCC_8,accx_Maximum fractal length,accx_Mean absolute diff,accx_Median frequency,accx_Signal distance,accx_Skewness,accx_Spectral decrease,accx_Spectral distance,accx_Spectral entropy,accx_Spectral kurtosis,accx_Spectral positive turning points,accx_Spectral roll-off,accx_Spectral roll-on,accx_Spectral skewness,accx_Spectral slope,accx_Spectral spread,accx_Spectral variation,accx_Standard deviation,accx_Sum absolute diff,accx_Variance,accx_Wavelet absolute mean_0,accx_Wavelet absolute mean_1,accx_Wavelet absolute mean_2,accx_Wavelet absolute mean_4,accx_Wavelet absolute mean_5,accx_Wavelet absolute mean_6,accx_Wavelet absolute mean_7,accx_Wavelet absolute mean_8,accx_Wavelet energy_0,accx_Wavelet energy_1,accx_Wavelet energy_2,accx_Wavelet energy_3,accx_Wavelet standard deviation_2,accy_LPCC_0,accy_LPCC_2,accy_LPCC_6,accy_LPCC_8,accy_LPCC_9,accy_Median diff,accy_Signal distance,accy_Skewness,accy_Slope,accy_Spectral roll-on,accy_Spectral skewness,accy_Spectral slope,accy_Wavelet absolute mean_0,accz_Histogram_2
497.5838686833577,9.955855775,49.85810307448473,100.0,400.0,8.019404829875593e-08,0.8912641208264749,0.172,0.7679354823950842,-2.084835245130716,-2.1300184437480247,0.2592256338056546,1.944606191965821,-6.712726050488988,-0.0155099025045441,0.0014194763527054,0.0,499.0007873267454,-0.4154584090120338,-303.8698090769008,-63170.73339511553,0.7576428055091187,143.25669776895248,74.0,0.0,0.0,11.19145770100167,-0.0009383895241676,1.2264547753840327,0.7794008371006123,0.0026920516000648,0.7083186999999987,7.247141817411826e-06,0.0032740283752144,0.0097010265280224,0.0179230326384305,0.0386525503961624,0.0508317876765234,0.064075166693589,0.0783017749639331,0.0934465915192682,0.038886728365943,0.0739395218690399,0.1098579556137386,0.1458787821160365,0.1083860475922612,0.6230383855550277,1.0967238313093577,0.8537888084997527,0.8876869692387288,0.9426378764028882,0.0001188999999999,499.001882638488,0.5256442682703132,4.989360695042955e-06,0.0,3.605207696360209,-0.0008663282788866,0.000501685529223,0.0
