accx_Absolute energy,accx_Area under the curve,accx_Average power,accx_ECDF Percentile Count_0,accx_ECDF Percentile Count_1,accx_FFT mean coefficient_89,accx_LPCC_8,accx_Lempel-Ziv complexity,accx_MFCC_1,accx_MFCC_10,accx_MFCC_11,accx_MFCC_3,accx_MFCC_5,accx_MFCC_8,accx_Maximum fractal length,accx_Mean absolute diff,accx_Median frequency,accx_Signal distance,accx_Skewness,accx_Spectral decrease,accx_Spectral distance,accx_Spectral entropy,accx_Spectral kurtosis,accx_Spectral positive turning points,accx_Spectral roll-off,accx_Spectral roll-on,accx_Spectral skewness,accx_Spectral slope,accx_Spectral spread,accx_Spectral variation,accx_Standard deviation,accx_Sum absolute diff,accx_Variance,accx_Wavelet absolute mean_0,accx_Wavelet absolute mean_1,accx_Wavelet absolute mean_2,accx_Wavelet absolute mean_4,accx_Wavelet absolute mean_5,accx_Wavelet absolute mean_6,accx_Wavelet absolute mean_7,accx_Wavelet absolute mean_8,accx_Wavelet energy_0,accx_Wavelet energy_1,accx_Wavelet energy_2,accx_Wavelet energy_3,accx_Wavelet standard deviation_2,accy_LPCC_0,accy_LPCC_2,accy_LPCC_6,accy_LPCC_8,accy_LPCC_9,accy_Median diff,accy_Signal distance,accy_Skewness,accy_Slope,accy_Spectral roll-on,accy_Spectral skewness,accy_Spectral slope,accy_Wavelet absolute mean_0,accz_Histogram_2
6.243071270763229,1.112719728,0.6255582435634498,100.0,400.0,1.9767843949171212e-08,0.8981534903894413,0.126,-11.538709330521057,-2.9256694496368323,46.45297872284499,-11.967997348730282,0.1044014896002208,4.75867512108438,0.0682288544746937,0.0020503214428857,0.0,499.0017796835568,1.1176600312495506,-16.76367923989274,-8234.689846793477,0.4651548514274974,12.8158566562004,83.0,12.5,0.0,3.162763036093617,-0.0008203108238708,4.476986897289835,0.311738969332379,0.0076520124950561,1.0231104,5.8553295224495166e-05,0.0003366522238939,0.0010003109396397,0.0018501221125388,0.0039686720047626,0.0052120927927167,0.0065741326929062,0.008048287200372,0.0096273823263533,0.0049133038725747,0.008999452693912,0.0126746059398914,0.0157950620614312,0.0125388469924561,0.6103684766722967,1.129843363843357,0.8453030829636983,0.8857229895591257,0.949945699460166,-7.499999999999174e-05,499.00069432734153,-0.5415650118716899,3.4183528950115826e-05,0.0,6.293709708473032,-0.0009080194684673,0.0008437531557681,0.0
