accx_Absolute energy,accx_Area under the curve,accx_Average power,accx_ECDF Percentile Count_0,accx_ECDF Percentile Count_1,accx_FFT mean coefficient_89,accx_LPCC_8,accx_Lempel-Ziv complexity,accx_MFCC_1,accx_MFCC_10,accx_MFCC_11,accx_MFCC_3,accx_MFCC_5,accx_MFCC_8,accx_Maximum fractal length,accx_Mean absolute diff,accx_Median frequency,accx_Signal distance,accx_Skewness,accx_Spectral decrease,accx_Spectral distance,accx_Spectral entropy,accx_Spectral kurtosis,accx_Spectral positive turning points,accx_Spectral roll-off,accx_Spectral roll-on,accx_Spectral skewness,accx_Spectral slope,accx_Spectral spread,accx_Spectral variation,accx_Standard deviation,accx_Sum absolute diff,accx_Variance,accx_Wavelet absolute mean_0,accx_Wavelet absolute mean_1,accx_Wavelet absolute mean_2,accx_Wavelet absolute mean_4,accx_Wavelet absolute mean_5,accx_Wavelet absolute mean_6,accx_Wavelet absolute mean_7,accx_Wavelet absolute mean_8,accx_Wavelet energy_0,accx_Wavelet energy_1,accx_Wavelet energy_2,accx_Wavelet energy_3,accx_Wavelet standard deviation_2,accy_LPCC_0,accy_LPCC_2,accy_LPCC_6,accy_LPCC_8,accy_LPCC_9,accy_Median diff,accy_Signal distance,accy_Skewness,accy_Slope,accy_Spectral roll-on,accy_Spectral skewness,accy_Spectral slope,accy_Wavelet absolute mean_0,accz_Histogram_2
10.00419432434448,1.373065812,1.0024242809964408,100.0,400.0,1.5174809064615624e-05,0.432604684887403,0.13,-67.33960187689732,-50.15227345525415,67.64094222068661,-36.629895303660014,128.25506754063747,50.09693363113839,1.0186305811603389,0.0132930032064128,3.1,499.34105003833423,-3.180145895075811,-1.6927137446174914,-19547.366734310308,0.7883669234859387,3.301923705191695,49.0,19.4,0.0,1.1059971547196192,-0.0005077529177984,6.451605275987208,0.4899141932113559,0.0559650230879127,6.6332086,0.0031320838092306,0.0005756168897142,0.0017074295883681,0.0022761751965507,0.0037432490391848,0.0047422033816679,0.0059544590829032,0.0074274786829259,0.0091741130936812,0.0417527370084825,0.0606681865396994,0.0638641611024325,0.0830512405712524,0.0638235857641363,0.062042397551082,0.3709645213863615,0.484522071671284,0.5670576235436349,0.337843986639068,-0.000175,499.10868693079726,-1.2058821820121997,5.103988136752552e-05,0.0,1.1736711783234068,-0.0004995490087942,0.000498675629085,0.0
