accx_Absolute energy,accx_Area under the curve,accx_Average power,accx_ECDF Percentile Count_0,accx_ECDF Percentile Count_1,accx_FFT mean coefficient_89,accx_LPCC_8,accx_Lempel-Ziv complexity,accx_MFCC_1,accx_MFCC_10,accx_MFCC_11,accx_MFCC_3,accx_MFCC_5,accx_MFCC_8,accx_Maximum fractal length,accx_Mean absolute diff,accx_Median frequency,accx_Signal distance,accx_Skewness,accx_Spectral decrease,accx_Spectral distance,accx_Spectral entropy,accx_Spectral kurtosis,accx_Spectral positive turning points,accx_Spectral roll-off,accx_Spectral roll-on,accx_Spectral skewness,accx_Spectral slope,accx_Spectral spread,accx_Spectral variation,accx_Standard deviation,accx_Sum absolute diff,accx_Variance,accx_Wavelet absolute mean_0,accx_Wavelet absolute mean_1,accx_Wavelet absolute mean_2,accx_Wavelet absolute mean_4,accx_Wavelet absolute mean_5,accx_Wavelet absolute mean_6,accx_Wavelet absolute mean_7,accx_Wavelet absolute mean_8,accx_Wavelet energy_0,accx_Wavelet energy_1,accx_Wavelet energy_2,accx_Wavelet energy_3,accx_Wavelet standard deviation_2,accy_LPCC_0,accy_LPCC_2,accy_LPCC_6,accy_LPCC_8,accy_LPCC_9,accy_Median diff,accy_Signal distance,accy_Skewness,accy_Slope,accy_Spectral roll-on,accy_Spectral skewness,accy_Spectral slope,accy_Wavelet absolute mean_0,accz_Histogram_2
1.3293954226138,0.328512286,0.1332059541697194,100.0,400.0,5.819652243157813e-06,0.0262202507931897,0.128,-66.25962872359574,17.784658808981867,-104.02007828577482,-45.78072020935625,-10.078446127915084,79.1794265312049,0.8463828088329022,0.0088538064128256,3.6,499.1216200246644,-2.3254605889912625,-0.3358851559508124,-12306.577976478517,0.7418489530512813,3.9592259555053815,48.0,18.1,0.0,1.2777955023025191,-0.0005298567172081,5.697490996944662,0.078498257453116,0.0464878687474438,4.4180494,0.0021611219406795,0.0001913576974998,0.0006401273703293,0.0009943494879263,0.0012627633219647,0.0009678415710529,0.0003424117614053,0.0006108828250206,0.0018583023753811,0.0253558951599685,0.0417076537180204,0.0548753047710601,0.0702410014476341,0.0548662951438549,0.3291966198663308,0.5939917611844922,0.7364544122627754,0.483450370619281,0.5658249091162696,0.0,499.0825380780893,-4.010383138987804,0.0002027167774687,0.0,1.8509893798413823,-0.0006733571019982,0.0003593072881774,0.0
