accx_Absolute energy,accx_Area under the curve,accx_Average power,accx_ECDF Percentile Count_0,accx_ECDF Percentile Count_1,accx_FFT mean coefficient_89,accx_LPCC_8,accx_Lempel-Ziv complexity,accx_MFCC_1,accx_MFCC_10,accx_MFCC_11,accx_MFCC_3,accx_MFCC_5,accx_MFCC_8,accx_Maximum fractal length,accx_Mean absolute diff,accx_Median frequency,accx_Signal distance,accx_Skewness,accx_Spectral decrease,accx_Spectral distance,accx_Spectral entropy,accx_Spectral kurtosis,accx_Spectral positive turning points,accx_Spectral roll-off,accx_Spectral roll-on,accx_Spectral skewness,accx_Spectral slope,accx_Spectral spread,accx_Spectral variation,accx_Standard deviation,accx_Sum absolute diff,accx_Variance,accx_Wavelet absolute mean_0,accx_Wavelet absolute mean_1,accx_Wavelet absolute mean_2,accx_Wavelet absolute mean_4,accx_Wavelet absolute mean_5,accx_Wavelet absolute mean_6,accx_Wavelet absolute mean_7,accx_Wavelet absolute mean_8,accx_Wavelet energy_0,accx_Wavelet energy_1,accx_Wavelet energy_2,accx_Wavelet energy_3,accx_Wavelet standard deviation_2,accy_LPCC_0,accy_LPCC_2,accy_LPCC_6,accy_LPCC_8,accy_LPCC_9,accy_Median diff,accy_Signal distance,accy_Skewness,accy_Slope,accy_Spectral roll-on,accy_Spectral skewness,accy_Spectral slope,accy_Wavelet absolute mean_0,accz_Histogram_2
5.5780913288994896,1.020539129,0.5589269868636763,100.0,400.0,6.727206375827802e-06,0.464234454698602,0.114,4.605236545417146,55.71798692789338,-81.23287157343849,13.087817308395907,-102.52457687101948,-3.616307891142065,0.8315407671496037,0.006770434268537,2.2,499.0644110625621,-3.783898850831619,-2.1722367615421385,-15609.081658808327,0.7241101896496426,6.457939533845233,53.0,15.8,0.0,1.9254042469383976,-0.0006465756940623,5.249163721395202,0.5338013587520722,0.0396716641728716,3.3784467000000005,0.0015738409382451,0.0005362027922519,0.0015120785696571,0.0024799178156184,0.0034844456109708,0.003519961114015,0.0035398489105071,0.0037339099245446,0.0041963092797982,0.0177956041082533,0.0459445718799917,0.073950787668065,0.0941696330125922,0.0739091943154234,0.4107417517568609,0.9798043674411032,0.4951349646240423,0.4307589395408551,0.6110046132921316,0.0001,499.0321331887676,0.0634197616141136,2.7334074712299687e-06,0.0,1.6337611443065172,-0.0006107916311199,0.0006153983932741,0.0
