accx_Absolute energy,accx_Area under the curve,accx_Average power,accx_ECDF Percentile Count_0,accx_ECDF Percentile Count_1,accx_FFT mean coefficient_89,accx_LPCC_8,accx_Lempel-Ziv complexity,accx_MFCC_1,accx_MFCC_10,accx_MFCC_11,accx_MFCC_3,accx_MFCC_5,accx_MFCC_8,accx_Maximum fractal length,accx_Mean absolute diff,accx_Median frequency,accx_Signal distance,accx_Skewness,accx_Spectral decrease,accx_Spectral distance,accx_Spectral entropy,accx_Spectral kurtosis,accx_Spectral positive turning points,accx_Spectral roll-off,accx_Spectral roll-on,accx_Spectral skewness,accx_Spectral slope,accx_Spectral spread,accx_Spectral variation,accx_Standard deviation,accx_Sum absolute diff,accx_Variance,accx_Wavelet absolute mean_0,accx_Wavelet absolute mean_1,accx_Wavelet absolute mean_2,accx_Wavelet absolute mean_4,accx_Wavelet absolute mean_5,accx_Wavelet absolute mean_6,accx_Wavelet absolute mean_7,accx_Wavelet absolute mean_8,accx_Wavelet energy_0,accx_Wavelet energy_1,accx_Wavelet energy_2,accx_Wavelet energy_3,accx_Wavelet standard deviation_2,accy_LPCC_0,accy_LPCC_2,accy_LPCC_6,accy_LPCC_8,accy_LPCC_9,accy_Median diff,accy_Signal distance,accy_Skewness,accy_Slope,accy_Spectral roll-on,accy_Spectral skewness,accy_Spectral slope,accy_Wavelet absolute mean_0,accz_Histogram_2
9.728464447470513,1.350516572,0.9747960368206924,100.0,400.0,4.80874343992518e-06,0.919048483177241,0.102,-57.620213978266506,73.94728054235313,107.55149726702902,57.48367928084068,51.66220670036659,80.84529507535994,0.6353048603510497,0.0078170124248496,1.8,499.1063926708067,0.7405752002519244,-3.622158151555944,-12610.335070764855,0.5313795692916756,3.4035707796370898,52.0,21.700000000000003,0.0,1.199078348038836,-0.0005327887124471,7.022974402381869,0.1954516586889766,0.0331380980131289,3.9006892,0.0010981335399277,0.0006605134427548,0.001353407956076,0.0022890467000988,0.0049312746877631,0.0064502897372937,0.0081208718341387,0.0099601757968322,0.011959634366326,0.0241332011137181,0.0263477747912182,0.0281901361820188,0.0333608085181983,0.0280970468762383,0.5227684159839274,1.0172285418997435,0.6569685173584472,0.857692335362359,0.9318687982113224,0.0001,499.0277031953462,-3.39581162930651,0.0001674914589514,0.0,3.3563970936313248,-0.0008174218161764,0.0011407227532457,0.0
