accx_Absolute energy,accx_Area under the curve,accx_Average power,accx_ECDF Percentile Count_0,accx_ECDF Percentile Count_1,accx_FFT mean coefficient_89,accx_LPCC_8,accx_Lempel-Ziv complexity,accx_MFCC_1,accx_MFCC_10,accx_MFCC_11,accx_MFCC_3,accx_MFCC_5,accx_MFCC_8,accx_Maximum fractal length,accx_Mean absolute diff,accx_Median frequency,accx_Signal distance,accx_Skewness,accx_Spectral decrease,accx_Spectral distance,accx_Spectral entropy,accx_Spectral kurtosis,accx_Spectral positive turning points,accx_Spectral roll-off,accx_Spectral roll-on,accx_Spectral skewness,accx_Spectral slope,accx_Spectral spread,accx_Spectral variation,accx_Standard deviation,accx_Sum absolute diff,accx_Variance,accx_Wavelet absolute mean_0,accx_Wavelet absolute mean_1,accx_Wavelet absolute mean_2,accx_Wavelet absolute mean_4,accx_Wavelet absolute mean_5,accx_Wavelet absolute mean_6,accx_Wavelet absolute mean_7,accx_Wavelet absolute mean_8,accx_Wavelet energy_0,accx_Wavelet energy_1,accx_Wavelet energy_2,accx_Wavelet energy_3,accx_Wavelet standard deviation_2,accy_LPCC_0,accy_LPCC_2,accy_LPCC_6,accy_LPCC_8,accy_LPCC_9,accy_Median diff,accy_Signal distance,accy_Skewness,accy_Slope,accy_Spectral roll-on,accy_Spectral skewness,accy_Spectral slope,accy_Wavelet absolute mean_0,accz_Histogram_2
2.84434959404382,0.6979564260000001,0.285004969343068,100.0,400.0,3.2859514098797964e-06,0.4916203405845928,0.112,-33.52084183655606,-27.436183937584843,82.45371510453325,-30.77191959831204,106.57776282245123,31.971564538830627,0.6330488080072044,0.0063545743486973,3.2,499.07974107959103,-0.7700349828179851,-1.8274521645552408,-9510.800900730968,0.5914346759335128,3.2183325973141126,49.0,20.700000000000003,0.0,1.1229717248158655,-0.000503505974964,6.778570674835645,0.1717637337167624,0.0313530596973438,3.1709326,0.0009830143523852,0.0002545779599692,0.0007422585959777,0.001392214167312,0.0025473515049618,0.0031636991861895,0.0039426505348094,0.00491060385647,0.0060441896280101,0.0179589044893148,0.0290390389495399,0.0345280186759489,0.0396789922849119,0.03449993932457,0.3676996374340119,0.8550098266924145,0.3887532439671822,0.5557605524197559,0.6203641513697838,-2.4999999999997247e-05,499.024669335572,1.120279017764397,-2.1729533687734672e-05,0.0,1.73048597386177,-0.0006316445720019,0.0002436289663223,0.0
