accx_Absolute energy,accx_Area under the curve,accx_Average power,accx_ECDF Percentile Count_0,accx_ECDF Percentile Count_1,accx_FFT mean coefficient_89,accx_LPCC_8,accx_Lempel-Ziv complexity,accx_MFCC_1,accx_MFCC_10,accx_MFCC_11,accx_MFCC_3,accx_MFCC_5,accx_MFCC_8,accx_Maximum fractal length,accx_Mean absolute diff,accx_Median frequency,accx_Signal distance,accx_Skewness,accx_Spectral decrease,accx_Spectral distance,accx_Spectral entropy,accx_Spectral kurtosis,accx_Spectral positive turning points,accx_Spectral roll-off,accx_Spectral roll-on,accx_Spectral skewness,accx_Spectral slope,accx_Spectral spread,accx_Spectral variation,accx_Standard deviation,accx_Sum absolute diff,accx_Variance,accx_Wavelet absolute mean_0,accx_Wavelet absolute mean_1,accx_Wavelet absolute mean_2,accx_Wavelet absolute mean_4,accx_Wavelet absolute mean_5,accx_Wavelet absolute mean_6,accx_Wavelet absolute mean_7,accx_Wavelet absolute mean_8,accx_Wavelet energy_0,accx_Wavelet energy_1,accx_Wavelet energy_2,accx_Wavelet energy_3,accx_Wavelet standard deviation_2,accy_LPCC_0,accy_LPCC_2,accy_LPCC_6,accy_LPCC_8,accy_LPCC_9,accy_Median diff,accy_Signal distance,accy_Skewness,accy_Slope,accy_Spectral roll-on,accy_Spectral skewness,accy_Spectral slope,accy_Wavelet absolute mean_0,accz_Histogram_2
6.7390237187817,1.157757618,0.6752528776334368,100.0,400.0,3.7845399808783017e-07,0.8195550423909485,0.166,1.2851576301972083,-18.466493361459232,32.562127641168985,-47.90073213385296,33.014602013769576,6.935373244087558,0.1000399369496559,0.0018186008016032,0.0,499.0016699319301,-1.6950674161542123,-23.155641099355105,-8061.672249841617,0.64820809766025,14.203403311621171,78.0,11.0,0.0,3.330494826630383,-0.0008317748911378,4.276765359400106,0.4525792082349309,0.0044012233373967,0.9074818,1.937076686564576e-05,0.000384829969204,0.0011430079584678,0.0020882088192745,0.0045122432996061,0.0059587988145359,0.0075332541129856,0.0092233758607564,0.011024292376266,0.0054743941301452,0.0100720965829805,0.0132640396579713,0.0171308549712795,0.013098630919884,0.647331724197054,1.142497033035764,0.8281590500288032,0.872022078536707,0.9777680954146312,2.669999999999062e-05,499.001719588715,0.186052322380284,6.410188512594087e-05,0.0,3.97396999840775,-0.0008589492005987,0.0008685466146983,0.0
