accx_Absolute energy,accx_Area under the curve,accx_Average power,accx_ECDF Percentile Count_0,accx_ECDF Percentile Count_1,accx_FFT mean coefficient_89,accx_LPCC_8,accx_Lempel-Ziv complexity,accx_MFCC_1,accx_MFCC_10,accx_MFCC_11,accx_MFCC_3,accx_MFCC_5,accx_MFCC_8,accx_Maximum fractal length,accx_Mean absolute diff,accx_Median frequency,accx_Signal distance,accx_Skewness,accx_Spectral decrease,accx_Spectral distance,accx_Spectral entropy,accx_Spectral kurtosis,accx_Spectral positive turning points,accx_Spectral roll-off,accx_Spectral roll-on,accx_Spectral skewness,accx_Spectral slope,accx_Spectral spread,accx_Spectral variation,accx_Standard deviation,accx_Sum absolute diff,accx_Variance,accx_Wavelet absolute mean_0,accx_Wavelet absolute mean_1,accx_Wavelet absolute mean_2,accx_Wavelet absolute mean_4,accx_Wavelet absolute mean_5,accx_Wavelet absolute mean_6,accx_Wavelet absolute mean_7,accx_Wavelet absolute mean_8,accx_Wavelet energy_0,accx_Wavelet energy_1,accx_Wavelet energy_2,accx_Wavelet energy_3,accx_Wavelet standard deviation_2,accy_LPCC_0,accy_LPCC_2,accy_LPCC_6,accy_LPCC_8,accy_LPCC_9,accy_Median diff,accy_Signal distance,accy_Skewness,accy_Slope,accy_Spectral roll-on,accy_Spectral skewness,accy_Spectral slope,accy_Wavelet absolute mean_0,accz_Histogram_2
7.9234400123261715,1.029142052,0.7939318649625422,100.0,400.0,2.0934202280866183e-06,0.2917182663262395,0.116,-31.364614798949333,-13.505657036194494,-153.42882832515687,-7.795759998572647,-20.0367040575436,-81.93109245598487,1.0655683499418107,0.0136507967935871,2.1,499.2574382496744,1.485291891406491,-1.0095152248609984,-25823.749045851066,0.6777596606035481,6.080287239592515,57.0,14.5,0.0,1.7544847193546225,-0.0006358165940494,4.898487540820055,0.2857680029221165,0.0843538479947112,6.8117476,0.0071155716715148,0.0003177150283544,0.0014614109904653,0.0037473420901653,0.0091063785930639,0.0121503041080855,0.0153089881837528,0.018383178127176,0.0212236557187757,0.0354014576188197,0.072182440607058,0.107549003945693,0.1550668380718058,0.1074836995872861,0.0940468577890233,0.2253194771615767,0.017657168974359,0.4050872634759309,0.1127975707971407,4.49999999999999e-05,499.2860518718164,0.2926326838016246,-5.665075213900856e-05,0.1,0.8521618894879036,-0.0004480554364539,0.000215281622498,0.0
