accx_Absolute energy,accx_Area under the curve,accx_Average power,accx_ECDF Percentile Count_0,accx_ECDF Percentile Count_1,accx_FFT mean coefficient_89,accx_LPCC_8,accx_Lempel-Ziv complexity,accx_MFCC_1,accx_MFCC_10,accx_MFCC_11,accx_MFCC_3,accx_MFCC_5,accx_MFCC_8,accx_Maximum fractal length,accx_Mean absolute diff,accx_Median frequency,accx_Signal distance,accx_Skewness,accx_Spectral decrease,accx_Spectral distance,accx_Spectral entropy,accx_Spectral kurtosis,accx_Spectral positive turning points,accx_Spectral roll-off,accx_Spectral roll-on,accx_Spectral skewness,accx_Spectral slope,accx_Spectral spread,accx_Spectral variation,accx_Standard deviation,accx_Sum absolute diff,accx_Variance,accx_Wavelet absolute mean_0,accx_Wavelet absolute mean_1,accx_Wavelet absolute mean_2,accx_Wavelet absolute mean_4,accx_Wavelet absolute mean_5,accx_Wavelet absolute mean_6,accx_Wavelet absolute mean_7,accx_Wavelet absolute mean_8,accx_Wavelet energy_0,accx_Wavelet energy_1,accx_Wavelet energy_2,accx_Wavelet energy_3,accx_Wavelet standard deviation_2,accy_LPCC_0,accy_LPCC_2,accy_LPCC_6,accy_LPCC_8,accy_LPCC_9,accy_Median diff,accy_Signal distance,accy_Skewness,accy_Slope,accy_Spectral roll-on,accy_Spectral skewness,accy_Spectral slope,accy_Wavelet absolute mean_0,accz_Histogram_2
414.8402554732903,8.861645178,41.567159867063154,100.0,400.0,0.0002813888331717,0.6266404808722001,0.118,-5.183954036505853,-35.5366674226413,-70.19652203206452,-70.77606389711548,-10.52409887146524,-93.60097044489576,1.841120444127276,0.0503966412825651,0.8,500.3569736052908,1.1497067391034217,-5.493541378256087,-92645.65916008154,0.4941240748590582,8.978469960253706,70.0,11.7,0.0,2.3388618284120404,-0.00075017816073,4.198522413132053,0.8371219182654824,0.2029972755359614,25.147924,0.041207893875023,0.0027603836268306,0.0078556255985255,0.0140986798599821,0.0290533807856842,0.0380189232303372,0.0482670091876687,0.0599444395277383,0.0730819398428521,0.0820116619774478,0.2168118484542655,0.3461590408257619,0.4495755834339545,0.3458718097382572,0.2427659878220455,0.3879154294521361,0.5086582210034272,0.2380321765849651,0.379569154579904,0.00131137,499.4065561906099,-0.6295741810021863,-2.010776192293089e-05,0.0,1.574605551073847,-0.0006328525026622,0.0003332646900408,206.0
