accx_Absolute energy,accx_Area under the curve,accx_Average power,accx_ECDF Percentile Count_0,accx_ECDF Percentile Count_1,accx_FFT mean coefficient_89,accx_LPCC_8,accx_Lempel-Ziv complexity,accx_MFCC_1,accx_MFCC_10,accx_MFCC_11,accx_MFCC_3,accx_MFCC_5,accx_MFCC_8,accx_Maximum fractal length,accx_Mean absolute diff,accx_Median frequency,accx_Signal distance,accx_Skewness,accx_Spectral decrease,accx_Spectral distance,accx_Spectral entropy,accx_Spectral kurtosis,accx_Spectral positive turning points,accx_Spectral roll-off,accx_Spectral roll-on,accx_Spectral skewness,accx_Spectral slope,accx_Spectral spread,accx_Spectral variation,accx_Standard deviation,accx_Sum absolute diff,accx_Variance,accx_Wavelet absolute mean_0,accx_Wavelet absolute mean_1,accx_Wavelet absolute mean_2,accx_Wavelet absolute mean_4,accx_Wavelet absolute mean_5,accx_Wavelet absolute mean_6,accx_Wavelet absolute mean_7,accx_Wavelet absolute mean_8,accx_Wavelet energy_0,accx_Wavelet energy_1,accx_Wavelet energy_2,accx_Wavelet energy_3,accx_Wavelet standard deviation_2,accy_LPCC_0,accy_LPCC_2,accy_LPCC_6,accy_LPCC_8,accy_LPCC_9,accy_Median diff,accy_Signal distance,accy_Skewness,accy_Slope,accy_Spectral roll-on,accy_Spectral skewness,accy_Spectral slope,accy_Wavelet absolute mean_0,accz_Histogram_2
529.5263299338538,9.896496337,53.05875049437413,100.0,400.0,0.000858813700906,0.635528024056286,0.142,-17.079311229616152,-31.2054735357392,-31.557400557026657,-64.76231547016675,-61.1903063692967,-10.906530075173686,1.937230656723535,0.0779158082164328,1.5,502.0470030559256,1.032176866414973,-4.13807789435734,-115598.87188936342,0.5394325118603664,6.724953354609699,72.0,12.6,0.0,1.9029206423857583,-0.0007155083283091,4.289755240496209,0.8588135922293945,0.274967118772762,38.8799883,0.0756069164061941,0.0032345665912879,0.0109234544047806,0.0216901085445495,0.0466666211155089,0.0605532173989427,0.0748994940441084,0.0892602945467184,0.1034421236862898,0.1236879693185409,0.3054906258525845,0.4389781404991277,0.5681501793655626,0.4384419540000677,0.1798606033295923,0.2902168047371283,0.2307260173312295,0.2491849650331669,0.663062240084857,0.00496535,499.886924158135,0.010349136770699,-3.197660077995529e-05,0.0,1.650224784257582,-0.0006371203379656,0.0002409314810508,0.0
