accx_Absolute energy,accx_Area under the curve,accx_Average power,accx_ECDF Percentile Count_0,accx_ECDF Percentile Count_1,accx_FFT mean coefficient_89,accx_LPCC_8,accx_Lempel-Ziv complexity,accx_MFCC_1,accx_MFCC_10,accx_MFCC_11,accx_MFCC_3,accx_MFCC_5,accx_MFCC_8,accx_Maximum fractal length,accx_Mean absolute diff,accx_Median frequency,accx_Signal distance,accx_Skewness,accx_Spectral decrease,accx_Spectral distance,accx_Spectral entropy,accx_Spectral kurtosis,accx_Spectral positive turning points,accx_Spectral roll-off,accx_Spectral roll-on,accx_Spectral skewness,accx_Spectral slope,accx_Spectral spread,accx_Spectral variation,accx_Standard deviation,accx_Sum absolute diff,accx_Variance,accx_Wavelet absolute mean_0,accx_Wavelet absolute mean_1,accx_Wavelet absolute mean_2,accx_Wavelet absolute mean_4,accx_Wavelet absolute mean_5,accx_Wavelet absolute mean_6,accx_Wavelet absolute mean_7,accx_Wavelet absolute mean_8,accx_Wavelet energy_0,accx_Wavelet energy_1,accx_Wavelet energy_2,accx_Wavelet energy_3,accx_Wavelet standard deviation_2,accy_LPCC_0,accy_LPCC_2,accy_LPCC_6,accy_LPCC_8,accy_LPCC_9,accy_Median diff,accy_Signal distance,accy_Skewness,accy_Slope,accy_Spectral roll-on,accy_Spectral skewness,accy_Spectral slope,accy_Wavelet absolute mean_0,accz_Histogram_2
530.4664500081471,10.00516129,53.15295090261995,100.0,400.0,1.5665513030308324e-06,0.7041275687117255,0.126,-28.70603346989978,-42.88133651258223,-66.43529287734324,-29.606552076169432,-34.52991739187857,-24.669869476908627,1.8687518709537767,0.0597205759519038,0.8,500.66037057519367,0.5683993866217216,-5.681203537152811,-100789.22631594312,0.4007835967264463,7.989105983331414,75.0,13.2,0.0,2.217585623296594,-0.0007353044617438,4.5728994895178285,0.8650010445543518,0.2386077431724795,29.80056740000001,0.0569336551018639,0.002445833182845,0.0072912595943638,0.0137415437740227,0.0323833475619662,0.0451604656885602,0.0602092861106291,0.077135940151543,0.0954184067923873,0.0864020773560678,0.2002570890747421,0.3196956573579635,0.477584920076239,0.3194001930310109,0.1491283277052877,0.5470471456504318,0.3421182056407814,0.2719981683780442,0.3601598059894136,0.0006805999999999,500.00420001082045,-0.1347903583200329,-4.9213349210564855e-05,0.0,1.5291629599307055,-0.0005723303020461,0.0003374134452927,13.0
