accx_Absolute energy,accx_Area under the curve,accx_Average power,accx_ECDF Percentile Count_0,accx_ECDF Percentile Count_1,accx_FFT mean coefficient_89,accx_LPCC_8,accx_Lempel-Ziv complexity,accx_MFCC_1,accx_MFCC_10,accx_MFCC_11,accx_MFCC_3,accx_MFCC_5,accx_MFCC_8,accx_Maximum fractal length,accx_Mean absolute diff,accx_Median frequency,accx_Signal distance,accx_Skewness,accx_Spectral decrease,accx_Spectral distance,accx_Spectral entropy,accx_Spectral kurtosis,accx_Spectral positive turning points,accx_Spectral roll-off,accx_Spectral roll-on,accx_Spectral skewness,accx_Spectral slope,accx_Spectral spread,accx_Spectral variation,accx_Standard deviation,accx_Sum absolute diff,accx_Variance,accx_Wavelet absolute mean_0,accx_Wavelet absolute mean_1,accx_Wavelet absolute mean_2,accx_Wavelet absolute mean_4,accx_Wavelet absolute mean_5,accx_Wavelet absolute mean_6,accx_Wavelet absolute mean_7,accx_Wavelet absolute mean_8,accx_Wavelet energy_0,accx_Wavelet energy_1,accx_Wavelet energy_2,accx_Wavelet energy_3,accx_Wavelet standard deviation_2,accy_LPCC_0,accy_LPCC_2,accy_LPCC_6,accy_LPCC_8,accy_LPCC_9,accy_Median diff,accy_Signal distance,accy_Skewness,accy_Slope,accy_Spectral roll-on,accy_Spectral skewness,accy_Spectral slope,accy_Wavelet absolute mean_0,accz_Histogram_2
499.2155975471697,9.834028542,50.02160296063824,100.0,400.0,5.135601459688256e-05,0.7683238105748053,0.13,-4.257509692413906,29.503444122993567,10.083973786471775,-16.67660593328307,-41.02693710585293,-47.29774807576259,1.6344667213589006,0.0332149014028056,0.0,499.5628698092734,0.8839238533651216,-9.014911500218451,-87410.02359347476,0.3446664411680309,10.735268209933013,77.0,10.7,0.0,2.69842652486211,-0.0008010244897544,3.810913895572954,0.9546207718328144,0.1658627991576899,16.5742358,0.0275104681444241,0.0031349129742365,0.0091772782026498,0.017056121569265,0.0379037428888226,0.0509189546880886,0.0654151274936011,0.0810680861071119,0.0975949018888871,0.0598398982551636,0.1365076378765788,0.2141894734946367,0.2952002967133604,0.2135092955187763,0.1969486686386333,0.4407901261157324,0.2795604534950336,0.3121090224998119,0.6890092120427509,0.00149346,499.3479101195792,-0.203342786352112,-3.293479913709096e-05,0.0,1.935462836583506,-0.0006811186973499,0.0001444178053192,0.0
