accx_Absolute energy,accx_Area under the curve,accx_Average power,accx_ECDF Percentile Count_0,accx_ECDF Percentile Count_1,accx_FFT mean coefficient_89,accx_LPCC_8,accx_Lempel-Ziv complexity,accx_MFCC_1,accx_MFCC_10,accx_MFCC_11,accx_MFCC_3,accx_MFCC_5,accx_MFCC_8,accx_Maximum fractal length,accx_Mean absolute diff,accx_Median frequency,accx_Signal distance,accx_Skewness,accx_Spectral decrease,accx_Spectral distance,accx_Spectral entropy,accx_Spectral kurtosis,accx_Spectral positive turning points,accx_Spectral roll-off,accx_Spectral roll-on,accx_Spectral skewness,accx_Spectral slope,accx_Spectral spread,accx_Spectral variation,accx_Standard deviation,accx_Sum absolute diff,accx_Variance,accx_Wavelet absolute mean_0,accx_Wavelet absolute mean_1,accx_Wavelet absolute mean_2,accx_Wavelet absolute mean_4,accx_Wavelet absolute mean_5,accx_Wavelet absolute mean_6,accx_Wavelet absolute mean_7,accx_Wavelet absolute mean_8,accx_Wavelet energy_0,accx_Wavelet energy_1,accx_Wavelet energy_2,accx_Wavelet energy_3,accx_Wavelet standard deviation_2,accy_LPCC_0,accy_LPCC_2,accy_LPCC_6,accy_LPCC_8,accy_LPCC_9,accy_Median diff,accy_Signal distance,accy_Skewness,accy_Slope,accy_Spectral roll-on,accy_Spectral skewness,accy_Spectral slope,accy_Wavelet absolute mean_0,accz_Histogram_2
535.2031261745802,9.819854798,53.62756775296395,100.0,400.0,0.0006175996384792,0.494504807285731,0.132,-16.10004789949473,-53.85666475453485,-53.27234590826441,-118.17899263688284,-20.4160983195418,-30.26602744489991,2.020302844480549,0.0888575623246493,1.7000000000000002,502.3295740149054,0.6504155262143849,-3.7242047729751566,-120141.37071991016,0.5117173840589979,7.49821891596039,76.0,13.9,0.0,2.0856277359498496,-0.0007038059515952,4.574224698264103,0.784814845358905,0.3193277614196766,44.339923600000006,0.1019702192133019,0.0031832622253006,0.0084246262111807,0.0143055840602634,0.0292750722191731,0.0394193297596354,0.0518021042179175,0.066416503668005,0.0830036554137071,0.1241062624486277,0.3226889068161768,0.4977363821329417,0.7005868783667896,0.4975307592134224,0.2056178392655315,0.5572143268474639,0.2207000039660177,0.3690610471741347,0.5759315080852453,0.0017158,500.1843091556856,-0.3958307697716791,-1.4321841330996968e-05,0.0,1.7963182896481036,-0.0006592274359873,0.0009113828540327,0.0
