accx_Absolute energy,accx_Area under the curve,accx_Average power,accx_ECDF Percentile Count_0,accx_ECDF Percentile Count_1,accx_FFT mean coefficient_89,accx_LPCC_8,accx_Lempel-Ziv complexity,accx_MFCC_1,accx_MFCC_10,accx_MFCC_11,accx_MFCC_3,accx_MFCC_5,accx_MFCC_8,accx_Maximum fractal length,accx_Mean absolute diff,accx_Median frequency,accx_Signal distance,accx_Skewness,accx_Spectral decrease,accx_Spectral distance,accx_Spectral entropy,accx_Spectral kurtosis,accx_Spectral positive turning points,accx_Spectral roll-off,accx_Spectral roll-on,accx_Spectral skewness,accx_Spectral slope,accx_Spectral spread,accx_Spectral variation,accx_Standard deviation,accx_Sum absolute diff,accx_Variance,accx_Wavelet absolute mean_0,accx_Wavelet absolute mean_1,accx_Wavelet absolute mean_2,accx_Wavelet absolute mean_4,accx_Wavelet absolute mean_5,accx_Wavelet absolute mean_6,accx_Wavelet absolute mean_7,accx_Wavelet absolute mean_8,accx_Wavelet energy_0,accx_Wavelet energy_1,accx_Wavelet energy_2,accx_Wavelet energy_3,accx_Wavelet standard deviation_2,accy_LPCC_0,accy_LPCC_2,accy_LPCC_6,accy_LPCC_8,accy_LPCC_9,accy_Median diff,accy_Signal distance,accy_Skewness,accy_Slope,accy_Spectral roll-on,accy_Spectral skewness,accy_Spectral slope,accy_Wavelet absolute mean_0,accz_Histogram_2
468.0202122282038,9.207633777000002,46.89581284851741,100.0,400.0,0.0004586390122691,0.4987519030544523,0.14,14.2261061255638,-41.06090263526522,-32.52175955188176,-52.72979050119765,-27.66048506073804,-81.82356433596668,1.967283313103962,0.0776171352705411,1.7000000000000002,501.6850308843257,0.3507073711278028,-3.74827874302108,-112749.69527048216,0.5142305773233365,8.146275730408433,78.0,14.1,0.0,2.23165679897896,-0.0007075317226978,4.649009080418442,0.8091357855926227,0.291076711190758,38.730950500000006,0.0847256517976279,0.0031530978847493,0.0095354355962826,0.0177484823384914,0.038091793454807,0.0499882887465102,0.0629681481777187,0.0767671172780597,0.0910988943227127,0.1054295695642882,0.3041594581854515,0.5197602658156777,0.6960657618398077,0.5194571448112579,0.0172541532142285,0.3356592339211808,0.2947502481325285,0.1188936712137597,0.3426332277545725,0.0007634999999999,500.0150727440775,-0.2779120877037169,0.0001251752932328,0.0,1.663297411673207,-0.0006161753238351,0.0003634026654835,166.0
