accx_Absolute energy,accx_Area under the curve,accx_Average power,accx_ECDF Percentile Count_0,accx_ECDF Percentile Count_1,accx_FFT mean coefficient_89,accx_LPCC_8,accx_Lempel-Ziv complexity,accx_MFCC_1,accx_MFCC_10,accx_MFCC_11,accx_MFCC_3,accx_MFCC_5,accx_MFCC_8,accx_Maximum fractal length,accx_Mean absolute diff,accx_Median frequency,accx_Signal distance,accx_Skewness,accx_Spectral decrease,accx_Spectral distance,accx_Spectral entropy,accx_Spectral kurtosis,accx_Spectral positive turning points,accx_Spectral roll-off,accx_Spectral roll-on,accx_Spectral skewness,accx_Spectral slope,accx_Spectral spread,accx_Spectral variation,accx_Standard deviation,accx_Sum absolute diff,accx_Variance,accx_Wavelet absolute mean_0,accx_Wavelet absolute mean_1,accx_Wavelet absolute mean_2,accx_Wavelet absolute mean_4,accx_Wavelet absolute mean_5,accx_Wavelet absolute mean_6,accx_Wavelet absolute mean_7,accx_Wavelet absolute mean_8,accx_Wavelet energy_0,accx_Wavelet energy_1,accx_Wavelet energy_2,accx_Wavelet energy_3,accx_Wavelet standard deviation_2,accy_LPCC_0,accy_LPCC_2,accy_LPCC_6,accy_LPCC_8,accy_LPCC_9,accy_Median diff,accy_Signal distance,accy_Skewness,accy_Slope,accy_Spectral roll-on,accy_Spectral skewness,accy_Spectral slope,accy_Wavelet absolute mean_0,accz_Histogram_2
532.4629363523496,9.719438411,53.352999634503966,100.0,400.0,0.001298119928601,0.6033993841644575,0.136,-63.00620402663431,-101.50953326356657,-66.73707736154836,-5.9799646675759295,56.15738639337283,-90.56955341766708,2.062734634955459,0.1048233216432865,1.8,503.6415973618166,0.1906899547852847,-3.60440548599177,-113727.2637937496,0.4251904683593169,4.865744361871279,82.0,15.6,0.0,1.602860525095765,-0.0006598314493215,5.236844983671422,0.7702218807046401,0.3411839277937934,52.3068375,0.1164064725848004,0.0030837513952022,0.0087860482838501,0.0150542937203178,0.0288930524674557,0.0377302676122015,0.048671910664638,0.0620093693218262,0.0776474926497283,0.1442080946663022,0.2806887512808393,0.5048145049341642,0.7955378732887587,0.5045899846732076,0.10800677574271,0.2772738373074723,0.2764035675060021,0.2741006932358873,0.5044442947491069,0.0049527999999999,501.0277684798764,-0.3341211076026015,-1.055680640689798e-05,0.0,1.4647326649285175,-0.0006149979787225,0.0013927770208491,0.0
