accx_Absolute energy,accx_Area under the curve,accx_Average power,accx_ECDF Percentile Count_0,accx_ECDF Percentile Count_1,accx_FFT mean coefficient_89,accx_LPCC_8,accx_Lempel-Ziv complexity,accx_MFCC_1,accx_MFCC_10,accx_MFCC_11,accx_MFCC_3,accx_MFCC_5,accx_MFCC_8,accx_Maximum fractal length,accx_Mean absolute diff,accx_Median frequency,accx_Signal distance,accx_Skewness,accx_Spectral decrease,accx_Spectral distance,accx_Spectral entropy,accx_Spectral kurtosis,accx_Spectral positive turning points,accx_Spectral roll-off,accx_Spectral roll-on,accx_Spectral skewness,accx_Spectral slope,accx_Spectral spread,accx_Spectral variation,accx_Standard deviation,accx_Sum absolute diff,accx_Variance,accx_Wavelet absolute mean_0,accx_Wavelet absolute mean_1,accx_Wavelet absolute mean_2,accx_Wavelet absolute mean_4,accx_Wavelet absolute mean_5,accx_Wavelet absolute mean_6,accx_Wavelet absolute mean_7,accx_Wavelet absolute mean_8,accx_Wavelet energy_0,accx_Wavelet energy_1,accx_Wavelet energy_2,accx_Wavelet energy_3,accx_Wavelet standard deviation_2,accy_LPCC_0,accy_LPCC_2,accy_LPCC_6,accy_LPCC_8,accy_LPCC_9,accy_Median diff,accy_Signal distance,accy_Skewness,accy_Slope,accy_Spectral roll-on,accy_Spectral skewness,accy_Spectral slope,accy_Wavelet absolute mean_0,accz_Histogram_2
494.23926367208855,9.608094848,49.52297231183252,100.0,400.0,1.3803969541585898e-05,0.5550572021908377,0.138,7.992150437458873,-47.91991373707589,-83.5228100224923,-74.98796557064864,-40.25278558944122,-40.20125066028484,1.8893911266653165,0.0673737763527054,1.2000000000000002,500.9532545131344,0.5984424809273357,-4.970072739148188,-104802.74160879733,0.4492770141766868,7.574384160999154,74.0,12.1,0.0,2.114590617956148,-0.0007413223442731,4.103277267422231,0.8892395142746887,0.2477700024426083,33.6195144,0.0613899741104101,0.0032387015575965,0.0098658566315092,0.0185934063669755,0.0402756050370022,0.0524302073287699,0.0652246622095334,0.0786547570193272,0.0927054613109952,0.0963509609386397,0.2538114070882307,0.3884455734917192,0.5260833093767248,0.3880003206248458,0.2269891739629557,0.6011458562245522,0.5130019165183212,0.2261373876026358,0.7442436751112691,0.0023397,499.9769237308138,-0.7625818167772318,2.1370046118104748e-05,0.0,1.7832725067863933,-0.0006567198568233,0.0006071204011156,0.0
