accx_Absolute energy,accx_Area under the curve,accx_Average power,accx_ECDF Percentile Count_0,accx_ECDF Percentile Count_1,accx_FFT mean coefficient_89,accx_LPCC_8,accx_Lempel-Ziv complexity,accx_MFCC_1,accx_MFCC_10,accx_MFCC_11,accx_MFCC_3,accx_MFCC_5,accx_MFCC_8,accx_Maximum fractal length,accx_Mean absolute diff,accx_Median frequency,accx_Signal distance,accx_Skewness,accx_Spectral decrease,accx_Spectral distance,accx_Spectral entropy,accx_Spectral kurtosis,accx_Spectral positive turning points,accx_Spectral roll-off,accx_Spectral roll-on,accx_Spectral skewness,accx_Spectral slope,accx_Spectral spread,accx_Spectral variation,accx_Standard deviation,accx_Sum absolute diff,accx_Variance,accx_Wavelet absolute mean_0,accx_Wavelet absolute mean_1,accx_Wavelet absolute mean_2,accx_Wavelet absolute mean_4,accx_Wavelet absolute mean_5,accx_Wavelet absolute mean_6,accx_Wavelet absolute mean_7,accx_Wavelet absolute mean_8,accx_Wavelet energy_0,accx_Wavelet energy_1,accx_Wavelet energy_2,accx_Wavelet energy_3,accx_Wavelet standard deviation_2,accy_LPCC_0,accy_LPCC_2,accy_LPCC_6,accy_LPCC_8,accy_LPCC_9,accy_Median diff,accy_Signal distance,accy_Skewness,accy_Slope,accy_Spectral roll-on,accy_Spectral skewness,accy_Spectral slope,accy_Wavelet absolute mean_0,accz_Histogram_2
538.0097499842157,9.87316154,53.90879258358874,100.0,400.0,1.8608445357417545e-05,0.4882190745152853,0.134,-23.39729190166912,-57.10427759467269,-81.35186269723778,-126.71975403866716,-16.0773997428624,-48.61196211097634,2.0440919179191623,0.0937919831663326,1.6,503.0186892118145,0.9176184922409668,-3.939210520632285,-117071.23903705088,0.4610116951653656,7.173114527943885,68.0,12.7,0.0,1.9648533047280423,-0.0007055995371632,4.397781192081397,0.8523484153654475,0.3127768301721624,46.8021996,0.0978293454925457,0.0026286212453197,0.0080202189907842,0.0159748202737088,0.0409660166990577,0.0568597904649436,0.0735217023664999,0.0901794538090679,0.1064753759336285,0.1416522393669382,0.352641516343609,0.5080439434805979,0.6598834682781313,0.5077927270299759,0.1813417626967077,0.5277297280965716,0.3551548922579589,0.1164311811902914,0.4514758410505891,-0.0006279999999999,501.2368471141178,-0.7744530344493938,4.09019356786421e-06,0.0,1.54326164204572,-0.0006088832066152,0.0010941425612182,0.0
