accx_Absolute energy,accx_Area under the curve,accx_Average power,accx_ECDF Percentile Count_0,accx_ECDF Percentile Count_1,accx_FFT mean coefficient_89,accx_LPCC_8,accx_Lempel-Ziv complexity,accx_MFCC_1,accx_MFCC_10,accx_MFCC_11,accx_MFCC_3,accx_MFCC_5,accx_MFCC_8,accx_Maximum fractal length,accx_Mean absolute diff,accx_Median frequency,accx_Signal distance,accx_Skewness,accx_Spectral decrease,accx_Spectral distance,accx_Spectral entropy,accx_Spectral kurtosis,accx_Spectral positive turning points,accx_Spectral roll-off,accx_Spectral roll-on,accx_Spectral skewness,accx_Spectral slope,accx_Spectral spread,accx_Spectral variation,accx_Standard deviation,accx_Sum absolute diff,accx_Variance,accx_Wavelet absolute mean_0,accx_Wavelet absolute mean_1,accx_Wavelet absolute mean_2,accx_Wavelet absolute mean_4,accx_Wavelet absolute mean_5,accx_Wavelet absolute mean_6,accx_Wavelet absolute mean_7,accx_Wavelet absolute mean_8,accx_Wavelet energy_0,accx_Wavelet energy_1,accx_Wavelet energy_2,accx_Wavelet energy_3,accx_Wavelet standard deviation_2,accy_LPCC_0,accy_LPCC_2,accy_LPCC_6,accy_LPCC_8,accy_LPCC_9,accy_Median diff,accy_Signal distance,accy_Skewness,accy_Slope,accy_Spectral roll-on,accy_Spectral skewness,accy_Spectral slope,accy_Wavelet absolute mean_0,accz_Histogram_2
477.0025710486663,9.49533745,47.79584880247157,100.0,400.0,0.0009004999238956,0.5511006002024602,0.132,-55.1368812292864,1.341079598303618,-20.018707532201,-94.283343551692,18.54829587215952,-66.9590540369024,1.8657150006295544,0.0621352444889779,1.2000000000000002,501.01667296300025,1.0929867456117408,-5.116411206678649,-97287.42943961675,0.430315889002885,6.632653946286395,68.0,13.6,0.0,1.9150453424995004,-0.0007072403365426,4.688452285711507,0.9101268016487376,0.2220218044913431,31.005487,0.0492936816695921,0.0026820916233632,0.0085049657853095,0.0171920963854829,0.0396192852727026,0.0523283174638699,0.0659018807312562,0.0803044102200017,0.0954540508921867,0.1030914041370828,0.2292513604778811,0.3308834354329225,0.4384138783265842,0.3304364986888785,0.2880500317994492,0.5798074115117262,0.5931373713003686,0.4535038662825042,0.5829273136852171,0.002369,499.8715102081768,-0.9268944253750095,-5.605811416989641e-05,0.0,1.5188572169934065,-0.0006465798666678,0.0010801287493605,52.0
