accx_Absolute energy,accx_Area under the curve,accx_Average power,accx_ECDF Percentile Count_0,accx_ECDF Percentile Count_1,accx_FFT mean coefficient_89,accx_LPCC_8,accx_Lempel-Ziv complexity,accx_MFCC_1,accx_MFCC_10,accx_MFCC_11,accx_MFCC_3,accx_MFCC_5,accx_MFCC_8,accx_Maximum fractal length,accx_Mean absolute diff,accx_Median frequency,accx_Signal distance,accx_Skewness,accx_Spectral decrease,accx_Spectral distance,accx_Spectral entropy,accx_Spectral kurtosis,accx_Spectral positive turning points,accx_Spectral roll-off,accx_Spectral roll-on,accx_Spectral skewness,accx_Spectral slope,accx_Spectral spread,accx_Spectral variation,accx_Standard deviation,accx_Sum absolute diff,accx_Variance,accx_Wavelet absolute mean_0,accx_Wavelet absolute mean_1,accx_Wavelet absolute mean_2,accx_Wavelet absolute mean_4,accx_Wavelet absolute mean_5,accx_Wavelet absolute mean_6,accx_Wavelet absolute mean_7,accx_Wavelet absolute mean_8,accx_Wavelet energy_0,accx_Wavelet energy_1,accx_Wavelet energy_2,accx_Wavelet energy_3,accx_Wavelet standard deviation_2,accy_LPCC_0,accy_LPCC_2,accy_LPCC_6,accy_LPCC_8,accy_LPCC_9,accy_Median diff,accy_Signal distance,accy_Skewness,accy_Slope,accy_Spectral roll-on,accy_Spectral skewness,accy_Spectral slope,accy_Wavelet absolute mean_0,accz_Histogram_2
388.7162805767699,8.510375447,38.94952711190079,100.0,400.0,0.00062840291725,0.5642154653621685,0.14,-18.331490232759723,-67.30310197816743,-74.21632491005091,-88.90273840595069,-81.92791626273575,-47.13000652102826,1.906533103632124,0.0706767685370741,1.5,501.01972878094193,0.5781610856724978,-4.25741223219671,-95427.88294903678,0.5164776449770169,7.14439747780288,74.0,15.1,0.0,2.0577265524813737,-0.0006988960315152,4.839541224513058,0.858155903757209,0.2240570652070738,35.2677075,0.0502015684692069,0.0026727739399693,0.0084927723370064,0.0174985126188347,0.041716257160366,0.0544561365946063,0.0669731368172491,0.0792939423242378,0.0916067557463596,0.0971490349239543,0.2519857595564705,0.3776763878234747,0.4942574892540861,0.3772707992616393,0.1673219147108098,0.660364561182386,0.3714788849963498,0.3427939441002217,0.6657400772364285,0.0046807999999999,500.0406698494751,-0.2192271268580421,4.078822733394957e-05,0.0,1.980404942462492,-0.0006775196242172,0.0012452653611238,185.0
