accx_Absolute energy,accx_Area under the curve,accx_Average power,accx_ECDF Percentile Count_0,accx_ECDF Percentile Count_1,accx_FFT mean coefficient_89,accx_LPCC_8,accx_Lempel-Ziv complexity,accx_MFCC_1,accx_MFCC_10,accx_MFCC_11,accx_MFCC_3,accx_MFCC_5,accx_MFCC_8,accx_Maximum fractal length,accx_Mean absolute diff,accx_Median frequency,accx_Signal distance,accx_Skewness,accx_Spectral decrease,accx_Spectral distance,accx_Spectral entropy,accx_Spectral kurtosis,accx_Spectral positive turning points,accx_Spectral roll-off,accx_Spectral roll-on,accx_Spectral skewness,accx_Spectral slope,accx_Spectral spread,accx_Spectral variation,accx_Standard deviation,accx_Sum absolute diff,accx_Variance,accx_Wavelet absolute mean_0,accx_Wavelet absolute mean_1,accx_Wavelet absolute mean_2,accx_Wavelet absolute mean_4,accx_Wavelet absolute mean_5,accx_Wavelet absolute mean_6,accx_Wavelet absolute mean_7,accx_Wavelet absolute mean_8,accx_Wavelet energy_0,accx_Wavelet energy_1,accx_Wavelet energy_2,accx_Wavelet energy_3,accx_Wavelet standard deviation_2,accy_LPCC_0,accy_LPCC_2,accy_LPCC_6,accy_LPCC_8,accy_LPCC_9,accy_Median diff,accy_Signal distance,accy_Skewness,accy_Slope,accy_Spectral roll-on,accy_Spectral skewness,accy_Spectral slope,accy_Wavelet absolute mean_0,accz_Histogram_2
509.21013369558415,9.909395636,51.02305948853548,100.0,400.0,1.0017072518041123e-05,0.6936786968236297,0.126,14.021403806453067,-64.58913338567018,-36.51968213784494,-40.24556328786269,-0.4000206041481551,-42.87914557613399,1.7574096587934869,0.0407761559118236,0.0,499.7722718978444,0.8791396239336374,-6.846793269292589,-98400.38204448896,0.5016456903325035,11.537928272539345,77.0,9.3,0.0,2.7138560428303613,-0.0007947924932924,3.6461298656521226,0.8847031419526465,0.1800177631488347,20.3473018,0.0324063950491099,0.0033382583738535,0.0101869682050727,0.0198117347332053,0.0455977294609604,0.0602211760204306,0.0752776355448071,0.0904938894857214,0.1057762664370334,0.0689502406980608,0.16214934340439,0.255031630208291,0.3559081108298048,0.2542609438619301,0.2261670210852758,0.7046232032222446,0.6470444124928615,0.3862460122718311,0.5140345194701034,-1.3499999999999623e-05,499.3005758803693,0.0613335507734379,4.042954140322811e-05,0.0,2.38063520059105,-0.0007339632587144,0.0008590914909679,3.0
