accx_Absolute energy,accx_Area under the curve,accx_Average power,accx_ECDF Percentile Count_0,accx_ECDF Percentile Count_1,accx_FFT mean coefficient_89,accx_LPCC_8,accx_Lempel-Ziv complexity,accx_MFCC_1,accx_MFCC_10,accx_MFCC_11,accx_MFCC_3,accx_MFCC_5,accx_MFCC_8,accx_Maximum fractal length,accx_Mean absolute diff,accx_Median frequency,accx_Signal distance,accx_Skewness,accx_Spectral decrease,accx_Spectral distance,accx_Spectral entropy,accx_Spectral kurtosis,accx_Spectral positive turning points,accx_Spectral roll-off,accx_Spectral roll-on,accx_Spectral skewness,accx_Spectral slope,accx_Spectral spread,accx_Spectral variation,accx_Standard deviation,accx_Sum absolute diff,accx_Variance,accx_Wavelet absolute mean_0,accx_Wavelet absolute mean_1,accx_Wavelet absolute mean_2,accx_Wavelet absolute mean_4,accx_Wavelet absolute mean_5,accx_Wavelet absolute mean_6,accx_Wavelet absolute mean_7,accx_Wavelet absolute mean_8,accx_Wavelet energy_0,accx_Wavelet energy_1,accx_Wavelet energy_2,accx_Wavelet energy_3,accx_Wavelet standard deviation_2,accy_LPCC_0,accy_LPCC_2,accy_LPCC_6,accy_LPCC_8,accy_LPCC_9,accy_Median diff,accy_Signal distance,accy_Skewness,accy_Slope,accy_Spectral roll-on,accy_Spectral skewness,accy_Spectral slope,accy_Wavelet absolute mean_0,accz_Histogram_2
510.1384652322109,9.708699409,51.11607868058225,100.0,400.0,1.9983092374947723e-05,0.5061285352763516,0.152,-70.29871907531532,-34.09180031730114,-94.63834743356324,-68.18911149488738,123.5852637232136,-97.88715827904606,1.9673883474446097,0.0916215068136272,1.7000000000000002,502.4522887623605,0.2207850741490984,-4.038021171516117,-107975.71175195862,0.5021458561870044,5.409722342626015,82.0,15.3,0.0,1.6949335042727436,-0.00067193328487,5.096748581829113,0.834662328235357,0.2741562206640976,45.7191319,0.0751616333288214,0.001972087427544,0.0059638658505976,0.0112589894198808,0.0285743895033531,0.0407322990869025,0.0550092675319199,0.0711051662482463,0.0885974495770857,0.1319030500694784,0.2374225547233927,0.3627692083331232,0.5607660487071938,0.3625944479330646,0.2231391876578597,0.2715510471532256,0.4447063987748842,0.1940594928821938,0.5199711298433516,-0.0030122999999999,501.74873187831,-0.5176668849152495,1.570931719308825e-05,0.0,1.373841262191745,-0.0006055477188822,0.000987591636904,1.0
