accx_Absolute energy,accx_Area under the curve,accx_Average power,accx_ECDF Percentile Count_0,accx_ECDF Percentile Count_1,accx_FFT mean coefficient_89,accx_LPCC_8,accx_Lempel-Ziv complexity,accx_MFCC_1,accx_MFCC_10,accx_MFCC_11,accx_MFCC_3,accx_MFCC_5,accx_MFCC_8,accx_Maximum fractal length,accx_Mean absolute diff,accx_Median frequency,accx_Signal distance,accx_Skewness,accx_Spectral decrease,accx_Spectral distance,accx_Spectral entropy,accx_Spectral kurtosis,accx_Spectral positive turning points,accx_Spectral roll-off,accx_Spectral roll-on,accx_Spectral skewness,accx_Spectral slope,accx_Spectral spread,accx_Spectral variation,accx_Standard deviation,accx_Sum absolute diff,accx_Variance,accx_Wavelet absolute mean_0,accx_Wavelet absolute mean_1,accx_Wavelet absolute mean_2,accx_Wavelet absolute mean_4,accx_Wavelet absolute mean_5,accx_Wavelet absolute mean_6,accx_Wavelet absolute mean_7,accx_Wavelet absolute mean_8,accx_Wavelet energy_0,accx_Wavelet energy_1,accx_Wavelet energy_2,accx_Wavelet energy_3,accx_Wavelet standard deviation_2,accy_LPCC_0,accy_LPCC_2,accy_LPCC_6,accy_LPCC_8,accy_LPCC_9,accy_Median diff,accy_Signal distance,accy_Skewness,accy_Slope,accy_Spectral roll-on,accy_Spectral skewness,accy_Spectral slope,accy_Wavelet absolute mean_0,accz_Histogram_2
428.1195919240755,9.008918544,42.89775470181117,100.0,400.0,0.0008944122604801,0.561824034941186,0.144,-11.306640658739594,-10.774378089864989,-50.37769418598033,-74.48084987561597,10.105210223357108,4.772549272406189,1.8505972970093136,0.0588770589178356,1.4,500.6918323367752,0.4884904706795427,-4.989023721556986,-93529.98321523772,0.5222139390060002,7.323389512312052,73.0,13.7,0.0,2.042555991926557,-0.0007068696907722,4.757462422147881,0.8646059736907602,0.2036255822799212,29.3796524,0.0414633777588369,0.0028088192177337,0.0082812060151766,0.0152730086660761,0.0342461363088132,0.0456009883731893,0.0578089221365579,0.0707536920147019,0.0843971735418125,0.0988831729941175,0.2210205522276474,0.3025475949061407,0.4102016987226894,0.302161848004966,0.2841704869168486,0.6801638265569269,0.2988999803461834,0.3818760215768797,0.6205413583738331,-0.0049743,499.84964805678345,-0.3041113563688331,4.565379814677025e-05,0.0,1.815790252728887,-0.0006515705326623,0.0007927763991089,168.0
