accx_Absolute energy,accx_Area under the curve,accx_Average power,accx_ECDF Percentile Count_0,accx_ECDF Percentile Count_1,accx_FFT mean coefficient_89,accx_LPCC_8,accx_Lempel-Ziv complexity,accx_MFCC_1,accx_MFCC_10,accx_MFCC_11,accx_MFCC_3,accx_MFCC_5,accx_MFCC_8,accx_Maximum fractal length,accx_Mean absolute diff,accx_Median frequency,accx_Signal distance,accx_Skewness,accx_Spectral decrease,accx_Spectral distance,accx_Spectral entropy,accx_Spectral kurtosis,accx_Spectral positive turning points,accx_Spectral roll-off,accx_Spectral roll-on,accx_Spectral skewness,accx_Spectral slope,accx_Spectral spread,accx_Spectral variation,accx_Standard deviation,accx_Sum absolute diff,accx_Variance,accx_Wavelet absolute mean_0,accx_Wavelet absolute mean_1,accx_Wavelet absolute mean_2,accx_Wavelet absolute mean_4,accx_Wavelet absolute mean_5,accx_Wavelet absolute mean_6,accx_Wavelet absolute mean_7,accx_Wavelet absolute mean_8,accx_Wavelet energy_0,accx_Wavelet energy_1,accx_Wavelet energy_2,accx_Wavelet energy_3,accx_Wavelet standard deviation_2,accy_LPCC_0,accy_LPCC_2,accy_LPCC_6,accy_LPCC_8,accy_LPCC_9,accy_Median diff,accy_Signal distance,accy_Skewness,accy_Slope,accy_Spectral roll-on,accy_Spectral skewness,accy_Spectral slope,accy_Wavelet absolute mean_0,accz_Histogram_2
501.2322348064203,9.776859071,50.2236708222866,100.0,400.0,0.0007751285399232,0.6179380614211925,0.144,-9.868608812199236,-34.530450254670384,-43.03319509533233,-75.15305358351767,31.51403404824123,-81.70280908405239,1.876956690372226,0.064577028256513,0.7000000000000001,500.84164727847457,0.1948368201800255,-5.618041432053568,-96996.21114653116,0.455161445402275,7.539888064248145,73.0,13.5,0.0,2.1097447629826123,-0.0007196228489226,4.722040268778873,0.912903591661699,0.2083002754646943,32.2239371,0.0433890047586675,0.0026755798315452,0.00786677216648,0.0150803539094135,0.0357106936921116,0.0488888143424736,0.0637530249237019,0.0798741086003399,0.0967921866204505,0.098871927278358,0.2119918539755411,0.3081442261489963,0.4191775083917551,0.3077749941677045,0.196856077499453,0.5487634751080284,0.3604776744953432,0.3805867596609213,0.5712574686421354,0.0043457999999999,500.04630757052894,-0.6548167214104007,-0.0001095954045576,0.0,1.75888656319856,-0.0006606539117728,0.0009112002641567,0.0
