accx_Absolute energy,accx_Area under the curve,accx_Average power,accx_ECDF Percentile Count_0,accx_ECDF Percentile Count_1,accx_FFT mean coefficient_89,accx_LPCC_8,accx_Lempel-Ziv complexity,accx_MFCC_1,accx_MFCC_10,accx_MFCC_11,accx_MFCC_3,accx_MFCC_5,accx_MFCC_8,accx_Maximum fractal length,accx_Mean absolute diff,accx_Median frequency,accx_Signal distance,accx_Skewness,accx_Spectral decrease,accx_Spectral distance,accx_Spectral entropy,accx_Spectral kurtosis,accx_Spectral positive turning points,accx_Spectral roll-off,accx_Spectral roll-on,accx_Spectral skewness,accx_Spectral slope,accx_Spectral spread,accx_Spectral variation,accx_Standard deviation,accx_Sum absolute diff,accx_Variance,accx_Wavelet absolute mean_0,accx_Wavelet absolute mean_1,accx_Wavelet absolute mean_2,accx_Wavelet absolute mean_4,accx_Wavelet absolute mean_5,accx_Wavelet absolute mean_6,accx_Wavelet absolute mean_7,accx_Wavelet absolute mean_8,accx_Wavelet energy_0,accx_Wavelet energy_1,accx_Wavelet energy_2,accx_Wavelet energy_3,accx_Wavelet standard deviation_2,accy_LPCC_0,accy_LPCC_2,accy_LPCC_6,accy_LPCC_8,accy_LPCC_9,accy_Median diff,accy_Signal distance,accy_Skewness,accy_Slope,accy_Spectral roll-on,accy_Spectral skewness,accy_Spectral slope,accy_Wavelet absolute mean_0,accz_Histogram_2
482.7475873686024,9.614062772,48.37150174034092,100.0,400.0,0.0004961179279179,0.6706250513688503,0.134,-12.358827066940474,-32.519400553918686,-37.41026690189209,-20.159821486724766,-25.949231315693197,-4.738868910771051,1.828543915800393,0.0507316420841683,0.0,500.14438796151137,0.2242846211443862,-6.698509424270511,-91466.57064567902,0.3975335894371157,7.838895395088746,74.0,12.0,0.0,2.1805920709213584,-0.0007522915947057,4.28969064037828,0.9280575074319182,0.1913615829244722,25.3150894,0.0366192554193596,0.0039029260809733,0.0108615566944856,0.0184719288417515,0.0361266125408448,0.046408911606549,0.057731782349901,0.0701151414653043,0.0835967691318723,0.088812190072105,0.1934364601013903,0.2851106029499849,0.3833990253313259,0.2845115880932958,0.3073325045344556,0.690495462092132,0.6112922503670948,0.3777755507898144,0.4754518896440786,0.0024018999999999,499.9970368571592,-0.8522544722362241,5.131995646046641e-05,0.0,1.7136575767232958,-0.0006363253295935,0.0013630946166478,1.0
