accx_Absolute energy,accx_Area under the curve,accx_Average power,accx_ECDF Percentile Count_0,accx_ECDF Percentile Count_1,accx_FFT mean coefficient_89,accx_LPCC_8,accx_Lempel-Ziv complexity,accx_MFCC_1,accx_MFCC_10,accx_MFCC_11,accx_MFCC_3,accx_MFCC_5,accx_MFCC_8,accx_Maximum fractal length,accx_Mean absolute diff,accx_Median frequency,accx_Signal distance,accx_Skewness,accx_Spectral decrease,accx_Spectral distance,accx_Spectral entropy,accx_Spectral kurtosis,accx_Spectral positive turning points,accx_Spectral roll-off,accx_Spectral roll-on,accx_Spectral skewness,accx_Spectral slope,accx_Spectral spread,accx_Spectral variation,accx_Standard deviation,accx_Sum absolute diff,accx_Variance,accx_Wavelet absolute mean_0,accx_Wavelet absolute mean_1,accx_Wavelet absolute mean_2,accx_Wavelet absolute mean_4,accx_Wavelet absolute mean_5,accx_Wavelet absolute mean_6,accx_Wavelet absolute mean_7,accx_Wavelet absolute mean_8,accx_Wavelet energy_0,accx_Wavelet energy_1,accx_Wavelet energy_2,accx_Wavelet energy_3,accx_Wavelet standard deviation_2,accy_LPCC_0,accy_LPCC_2,accy_LPCC_6,accy_LPCC_8,accy_LPCC_9,accy_Median diff,accy_Signal distance,accy_Skewness,accy_Slope,accy_Spectral roll-on,accy_Spectral skewness,accy_Spectral slope,accy_Wavelet absolute mean_0,accz_Histogram_2
547.0684920135201,10.080391681,54.816482165683375,100.0,400.0,0.0015098236803464,0.4605029850001033,0.14,-18.047403262125837,56.16940610590826,13.310883144908216,-122.62693027652828,25.715812426747345,-45.64909836378048,2.002697092032673,0.0806513589178356,1.5,501.9877999185243,0.5643163078253871,-4.620141912469208,-106553.44262523824,0.394990998403458,6.833345028096148,75.0,15.0,0.0,1.9692772171662896,-0.0006901870493545,4.968766120666593,0.8677613675655895,0.2742821419092282,40.2450281,0.075230693370314,0.0023845407438556,0.007607971854072,0.0156568080862795,0.0388373902513006,0.05341989939442,0.0694921370511628,0.0865825406773441,0.1043283257916623,0.1212933469239241,0.2782838664558134,0.3756266335535944,0.5022177450774608,0.375300189442206,0.091047039813614,0.2648823278117415,0.1078801181072441,0.0402027596646487,0.732687304483041,0.0024525799999999,500.52776556195374,-0.5732872986374616,4.094939111147818e-05,0.0,1.5922063645289102,-0.0006150898401529,0.000175113441704,0.0
