accx_Absolute energy,accx_Area under the curve,accx_Average power,accx_ECDF Percentile Count_0,accx_ECDF Percentile Count_1,accx_FFT mean coefficient_89,accx_LPCC_8,accx_Lempel-Ziv complexity,accx_MFCC_1,accx_MFCC_10,accx_MFCC_11,accx_MFCC_3,accx_MFCC_5,accx_MFCC_8,accx_Maximum fractal length,accx_Mean absolute diff,accx_Median frequency,accx_Signal distance,accx_Skewness,accx_Spectral decrease,accx_Spectral distance,accx_Spectral entropy,accx_Spectral kurtosis,accx_Spectral positive turning points,accx_Spectral roll-off,accx_Spectral roll-on,accx_Spectral skewness,accx_Spectral slope,accx_Spectral spread,accx_Spectral variation,accx_Standard deviation,accx_Sum absolute diff,accx_Variance,accx_Wavelet absolute mean_0,accx_Wavelet absolute mean_1,accx_Wavelet absolute mean_2,accx_Wavelet absolute mean_4,accx_Wavelet absolute mean_5,accx_Wavelet absolute mean_6,accx_Wavelet absolute mean_7,accx_Wavelet absolute mean_8,accx_Wavelet energy_0,accx_Wavelet energy_1,accx_Wavelet energy_2,accx_Wavelet energy_3,accx_Wavelet standard deviation_2,accy_LPCC_0,accy_LPCC_2,accy_LPCC_6,accy_LPCC_8,accy_LPCC_9,accy_Median diff,accy_Signal distance,accy_Skewness,accy_Slope,accy_Spectral roll-on,accy_Spectral skewness,accy_Spectral slope,accy_Wavelet absolute mean_0,accz_Histogram_2
498.0562001896716,9.557681176,49.905430880728616,100.0,400.0,0.0004798105803708,0.5790571430619873,0.138,-8.724923008174862,-76.08827777580412,-36.923350831429474,-73.89489968147774,-61.35254377946586,-79.68430679064474,2.0054540186266534,0.0873887226452905,1.8,501.9129766472705,-0.1689107356526466,-4.303019285802614,-107792.90695964605,0.4515531982371544,7.301342797316629,72.0,13.4,0.0,2.032702026376404,-0.0007065100422269,4.546521006223547,0.8336274868673983,0.2803681672299814,43.60697259999999,0.0786063091958988,0.0034826586017615,0.0107355298936764,0.0196172079489106,0.0357876285923288,0.0440941502225176,0.0539158120655794,0.0657535370415421,0.0796651995450281,0.1149078473233577,0.3164299711208277,0.5215213200646225,0.696874500751455,0.5211522353729624,0.2007864099835044,0.5234376825515603,0.3964660903488429,0.3745635071940852,0.4563795011427079,-0.0016749,501.0303115831447,-0.4674562185602415,-8.12168624610951e-05,0.0,1.3985868730571496,-0.0006163384376072,0.0025349848016993,5.0
