accx_Absolute energy,accx_Area under the curve,accx_Average power,accx_ECDF Percentile Count_0,accx_ECDF Percentile Count_1,accx_FFT mean coefficient_89,accx_LPCC_8,accx_Lempel-Ziv complexity,accx_MFCC_1,accx_MFCC_10,accx_MFCC_11,accx_MFCC_3,accx_MFCC_5,accx_MFCC_8,accx_Maximum fractal length,accx_Mean absolute diff,accx_Median frequency,accx_Signal distance,accx_Skewness,accx_Spectral decrease,accx_Spectral distance,accx_Spectral entropy,accx_Spectral kurtosis,accx_Spectral positive turning points,accx_Spectral roll-off,accx_Spectral roll-on,accx_Spectral skewness,accx_Spectral slope,accx_Spectral spread,accx_Spectral variation,accx_Standard deviation,accx_Sum absolute diff,accx_Variance,accx_Wavelet absolute mean_0,accx_Wavelet absolute mean_1,accx_Wavelet absolute mean_2,accx_Wavelet absolute mean_4,accx_Wavelet absolute mean_5,accx_Wavelet absolute mean_6,accx_Wavelet absolute mean_7,accx_Wavelet absolute mean_8,accx_Wavelet energy_0,accx_Wavelet energy_1,accx_Wavelet energy_2,accx_Wavelet energy_3,accx_Wavelet standard deviation_2,accy_LPCC_0,accy_LPCC_2,accy_LPCC_6,accy_LPCC_8,accy_LPCC_9,accy_Median diff,accy_Signal distance,accy_Skewness,accy_Slope,accy_Spectral roll-on,accy_Spectral skewness,accy_Spectral slope,accy_Wavelet absolute mean_0,accz_Histogram_2
530.7809909060892,9.975620443,53.18446802666224,100.0,400.0,0.0001410151656093,0.5748909273312244,0.144,-32.15964900538572,-3.847229139733149,-22.965742917054545,-68.23062234099311,-0.9814216703978504,-70.7592185822931,1.949848416711258,0.069457407014028,1.4,501.29706555614433,0.4721492319233766,-4.508035057023903,-111402.8137152206,0.5350709607185805,6.858240271819999,78.0,13.3,0.0,1.983208097440084,-0.0007194885581018,4.450401527114536,0.8266333445547704,0.2503874017374991,34.659246100000004,0.0626938509488557,0.003081995596278,0.0084471081879039,0.014311920061426,0.0290562972755838,0.0389783538169577,0.0509499326752662,0.0650304081608759,0.0810866768454728,0.1077710886278937,0.2569920895794057,0.3761328327920307,0.4845539779817837,0.3758604486352789,0.1422731658036057,0.4744292532532267,0.4351564048997292,0.2757741943503393,0.5089146232946323,0.0049127399999999,499.6011306601531,-0.4983157673089918,-0.0001082576498275,0.0,1.940102623072812,-0.000662330200028,0.0006704055354729,0.0
