accx_Absolute energy,accx_Area under the curve,accx_Average power,accx_ECDF Percentile Count_0,accx_ECDF Percentile Count_1,accx_FFT mean coefficient_89,accx_LPCC_8,accx_Lempel-Ziv complexity,accx_MFCC_1,accx_MFCC_10,accx_MFCC_11,accx_MFCC_3,accx_MFCC_5,accx_MFCC_8,accx_Maximum fractal length,accx_Mean absolute diff,accx_Median frequency,accx_Signal distance,accx_Skewness,accx_Spectral decrease,accx_Spectral distance,accx_Spectral entropy,accx_Spectral kurtosis,accx_Spectral positive turning points,accx_Spectral roll-off,accx_Spectral roll-on,accx_Spectral skewness,accx_Spectral slope,accx_Spectral spread,accx_Spectral variation,accx_Standard deviation,accx_Sum absolute diff,accx_Variance,accx_Wavelet absolute mean_0,accx_Wavelet absolute mean_1,accx_Wavelet absolute mean_2,accx_Wavelet absolute mean_4,accx_Wavelet absolute mean_5,accx_Wavelet absolute mean_6,accx_Wavelet absolute mean_7,accx_Wavelet absolute mean_8,accx_Wavelet energy_0,accx_Wavelet energy_1,accx_Wavelet energy_2,accx_Wavelet energy_3,accx_Wavelet standard deviation_2,accy_LPCC_0,accy_LPCC_2,accy_LPCC_6,accy_LPCC_8,accy_LPCC_9,accy_Median diff,accy_Signal distance,accy_Skewness,accy_Slope,accy_Spectral roll-on,accy_Spectral skewness,accy_Spectral slope,accy_Wavelet absolute mean_0,accz_Histogram_2
460.7773645519195,9.322710192,46.17007660840876,100.0,400.0,0.0007853593608774,0.6142696187555401,0.134,-49.71664706743134,-24.729191126639453,-83.52037591333473,-33.250433567726,-3.2712989843567786,-57.50464931382317,1.878588854599767,0.0706468709418837,1.5,501.52843862483536,0.1778684832824722,-4.3038657995303184,-104271.86006659764,0.6056521154497798,5.389813576365922,75.0,13.6,0.0,1.706769613950042,-0.0007013785115717,4.579804400197465,0.8116054498774645,0.2216187769183689,35.2527886,0.0491148822827937,0.0027819446629871,0.0081396095272439,0.0148692044018884,0.0318031177385497,0.0423719515658765,0.0546299583236386,0.0686098352354357,0.0842032084881246,0.1162441374439973,0.2321225659884963,0.3447272413857263,0.4699982279417441,0.3444064135783009,0.1220736656329014,0.356561852141964,0.2926256578004022,0.2477085641111745,0.3407631984494641,0.0069768,500.2580663989199,0.0188750956311234,-1.6258564721008192e-05,0.0,1.5093317041593823,-0.0006112227603864,0.0006670115808525,130.0
