accx_Absolute energy,accx_Area under the curve,accx_Average power,accx_ECDF Percentile Count_0,accx_ECDF Percentile Count_1,accx_FFT mean coefficient_89,accx_LPCC_8,accx_Lempel-Ziv complexity,accx_MFCC_1,accx_MFCC_10,accx_MFCC_11,accx_MFCC_3,accx_MFCC_5,accx_MFCC_8,accx_Maximum fractal length,accx_Mean absolute diff,accx_Median frequency,accx_Signal distance,accx_Skewness,accx_Spectral decrease,accx_Spectral distance,accx_Spectral entropy,accx_Spectral kurtosis,accx_Spectral positive turning points,accx_Spectral roll-off,accx_Spectral roll-on,accx_Spectral skewness,accx_Spectral slope,accx_Spectral spread,accx_Spectral variation,accx_Standard deviation,accx_Sum absolute diff,accx_Variance,accx_Wavelet absolute mean_0,accx_Wavelet absolute mean_1,accx_Wavelet absolute mean_2,accx_Wavelet absolute mean_4,accx_Wavelet absolute mean_5,accx_Wavelet absolute mean_6,accx_Wavelet absolute mean_7,accx_Wavelet absolute mean_8,accx_Wavelet energy_0,accx_Wavelet energy_1,accx_Wavelet energy_2,accx_Wavelet energy_3,accx_Wavelet standard deviation_2,accy_LPCC_0,accy_LPCC_2,accy_LPCC_6,accy_LPCC_8,accy_LPCC_9,accy_Median diff,accy_Signal distance,accy_Skewness,accy_Slope,accy_Spectral roll-on,accy_Spectral skewness,accy_Spectral slope,accy_Wavelet absolute mean_0,accz_Histogram_2
531.0659763885154,9.805924248,53.21302368622399,100.0,400.0,0.0022284313254567,0.4986566749445681,0.132,3.13122627408646,-58.67477948635801,-19.446235978414308,-51.68964044729728,-6.0610328641297055,-60.249886951079205,2.028429938412154,0.0901091278557114,1.7000000000000002,502.7628708395118,0.8265513627897554,-3.8053453681741063,-118135.74326029158,0.5118039007060177,7.988403671833725,78.0,12.6,0.0,2.1000972474459747,-0.0007018029204425,4.472231527575771,0.8100483568593271,0.3119485547866512,44.9644548,0.0973119008334803,0.0027606162451061,0.00795186309804,0.0148078555292626,0.0365165976709688,0.0507219980419489,0.0662138426100207,0.0824892052247222,0.0992252467941189,0.1311645076475361,0.3483457872998581,0.5535716004720096,0.7207062869975314,0.5533735124342027,0.0377077764851735,0.2063213376186709,0.1913251221945435,0.1708270132941676,0.0502022894826037,0.0005249999999999,499.5271978369903,-0.3194551718885682,8.429632519170063e-05,0.0,1.2983019868939956,-0.0004953070433212,0.0002817476370025,10.0
