accx_Absolute energy,accx_Area under the curve,accx_Average power,accx_ECDF Percentile Count_0,accx_ECDF Percentile Count_1,accx_FFT mean coefficient_89,accx_LPCC_8,accx_Lempel-Ziv complexity,accx_MFCC_1,accx_MFCC_10,accx_MFCC_11,accx_MFCC_3,accx_MFCC_5,accx_MFCC_8,accx_Maximum fractal length,accx_Mean absolute diff,accx_Median frequency,accx_Signal distance,accx_Skewness,accx_Spectral decrease,accx_Spectral distance,accx_Spectral entropy,accx_Spectral kurtosis,accx_Spectral positive turning points,accx_Spectral roll-off,accx_Spectral roll-on,accx_Spectral skewness,accx_Spectral slope,accx_Spectral spread,accx_Spectral variation,accx_Standard deviation,accx_Sum absolute diff,accx_Variance,accx_Wavelet absolute mean_0,accx_Wavelet absolute mean_1,accx_Wavelet absolute mean_2,accx_Wavelet absolute mean_4,accx_Wavelet absolute mean_5,accx_Wavelet absolute mean_6,accx_Wavelet absolute mean_7,accx_Wavelet absolute mean_8,accx_Wavelet energy_0,accx_Wavelet energy_1,accx_Wavelet energy_2,accx_Wavelet energy_3,accx_Wavelet standard deviation_2,accy_LPCC_0,accy_LPCC_2,accy_LPCC_6,accy_LPCC_8,accy_LPCC_9,accy_Median diff,accy_Signal distance,accy_Skewness,accy_Slope,accy_Spectral roll-on,accy_Spectral skewness,accy_Spectral slope,accy_Wavelet absolute mean_0,accz_Histogram_2
536.826671295576,9.644414149999998,53.790247624807215,100.0,400.0,0.0001858770981445,0.5586528248371418,0.134,13.28287648118346,-38.54040499900065,-81.31582868938003,-1.1958774182655956,-39.50739726941066,-68.17815803348883,2.0673202906518986,0.0982514132264529,1.9,503.4407829244107,0.8305561453626381,-2.96962305555256,-129580.9228678007,0.5412187527902562,7.178525324720902,82.0,15.5,0.0,2.076982781388973,-0.0006685305882985,5.119339851969256,0.7568321530740373,0.3729129130982517,49.0274552,0.1390640407554242,0.0036983474928574,0.0106983567416547,0.0191097195492102,0.0398106007911841,0.0523100827127903,0.0656898677623958,0.0795824621922795,0.0938901456516638,0.13464869179951,0.3628307923455222,0.6393003366703255,0.9214531008167558,0.6390146626530114,0.2761898263359235,0.6661108803315728,0.0334383266183387,0.2128117948242022,0.3770193613556077,0.0009249999999999,499.8105923374143,0.531486996231901,2.5606214090456424e-05,0.0,1.607093425109157,-0.0005568977741107,0.0004564641826019,0.0
