accx_Absolute energy,accx_Area under the curve,accx_Average power,accx_ECDF Percentile Count_0,accx_ECDF Percentile Count_1,accx_FFT mean coefficient_89,accx_LPCC_8,accx_Lempel-Ziv complexity,accx_MFCC_1,accx_MFCC_10,accx_MFCC_11,accx_MFCC_3,accx_MFCC_5,accx_MFCC_8,accx_Maximum fractal length,accx_Mean absolute diff,accx_Median frequency,accx_Signal distance,accx_Skewness,accx_Spectral decrease,accx_Spectral distance,accx_Spectral entropy,accx_Spectral kurtosis,accx_Spectral positive turning points,accx_Spectral roll-off,accx_Spectral roll-on,accx_Spectral skewness,accx_Spectral slope,accx_Spectral spread,accx_Spectral variation,accx_Standard deviation,accx_Sum absolute diff,accx_Variance,accx_Wavelet absolute mean_0,accx_Wavelet absolute mean_1,accx_Wavelet absolute mean_2,accx_Wavelet absolute mean_4,accx_Wavelet absolute mean_5,accx_Wavelet absolute mean_6,accx_Wavelet absolute mean_7,accx_Wavelet absolute mean_8,accx_Wavelet energy_0,accx_Wavelet energy_1,accx_Wavelet energy_2,accx_Wavelet energy_3,accx_Wavelet standard deviation_2,accy_LPCC_0,accy_LPCC_2,accy_LPCC_6,accy_LPCC_8,accy_LPCC_9,accy_Median diff,accy_Signal distance,accy_Skewness,accy_Slope,accy_Spectral roll-on,accy_Spectral skewness,accy_Spectral slope,accy_Wavelet absolute mean_0,accz_Histogram_2
541.3135346017417,9.775137269,54.23983312642702,100.0,400.0,0.0004144902433362,0.5583230543815179,0.13,-9.942458573000806,-35.555912319144404,-9.938228118774392,-32.06377687746787,-57.04038251494268,-91.02457620468256,2.0818526401792616,0.0970374150300601,1.7000000000000002,503.66765854101294,1.0719530866724707,-3.1608606253583105,-132716.4766126962,0.5810886637121326,8.025260452100754,88.0,12.8,0.0,2.1105542598207654,-0.0007047627320247,4.270805811438586,0.7705296964734087,0.3525736223065515,48.4216701,0.1243081591463628,0.0024353652110089,0.0077181957367588,0.0146000662324172,0.0315587192853297,0.041608591311115,0.0532346778806976,0.0668455758554803,0.0824660693924407,0.137495544369979,0.407342966625654,0.679499914374222,0.8618997801891011,0.6793430441982784,0.0491429344274977,0.3337691079367773,0.112390935966353,0.1548163957119459,0.0494949974036192,-0.000625,499.5695266792473,-0.8530200457475983,-1.447861741206966e-05,0.3,1.39655537828316,-0.0004875486215202,8.245888198778724e-05,5.0
