accx_Absolute energy,accx_Area under the curve,accx_Average power,accx_ECDF Percentile Count_0,accx_ECDF Percentile Count_1,accx_FFT mean coefficient_89,accx_LPCC_8,accx_Lempel-Ziv complexity,accx_MFCC_1,accx_MFCC_10,accx_MFCC_11,accx_MFCC_3,accx_MFCC_5,accx_MFCC_8,accx_Maximum fractal length,accx_Mean absolute diff,accx_Median frequency,accx_Signal distance,accx_Skewness,accx_Spectral decrease,accx_Spectral distance,accx_Spectral entropy,accx_Spectral kurtosis,accx_Spectral positive turning points,accx_Spectral roll-off,accx_Spectral roll-on,accx_Spectral skewness,accx_Spectral slope,accx_Spectral spread,accx_Spectral variation,accx_Standard deviation,accx_Sum absolute diff,accx_Variance,accx_Wavelet absolute mean_0,accx_Wavelet absolute mean_1,accx_Wavelet absolute mean_2,accx_Wavelet absolute mean_4,accx_Wavelet absolute mean_5,accx_Wavelet absolute mean_6,accx_Wavelet absolute mean_7,accx_Wavelet absolute mean_8,accx_Wavelet energy_0,accx_Wavelet energy_1,accx_Wavelet energy_2,accx_Wavelet energy_3,accx_Wavelet standard deviation_2,accy_LPCC_0,accy_LPCC_2,accy_LPCC_6,accy_LPCC_8,accy_LPCC_9,accy_Median diff,accy_Signal distance,accy_Skewness,accy_Slope,accy_Spectral roll-on,accy_Spectral skewness,accy_Spectral slope,accy_Wavelet absolute mean_0,accz_Histogram_2
575.4262454118373,9.751216656,57.65794042202778,100.0,400.0,0.0006600005329396,0.4135086349772728,0.122,22.413860513097088,-17.311474272382537,-40.8346929372669,-50.6369120387837,-69.45448452324075,-16.94645703875285,2.1491083938461144,0.1196932232464929,2.0,506.3417579407932,1.3241647783367798,-2.8412906643885734,-136819.10051794784,0.4883386035385303,7.78951033782188,77.0,14.0,0.0,2.096294686027314,-0.0006767681313179,4.618305889516919,0.771114033640272,0.4405224434052699,59.7269184,0.1940600231437492,0.0045603631416965,0.0114513303930082,0.0187176872028203,0.0352944850040499,0.0446824285603432,0.0547114997174247,0.0655770917161904,0.0776430408036652,0.1829438914601423,0.5544215648281035,0.8798940650146878,1.07031485685719,0.8796949549894264,0.0537099306761576,0.3059295343378234,0.0751115743472674,0.1634479538966114,0.1313778457014363,0.0016149999999999,499.8013796100264,0.366294831793059,-3.345689832359362e-06,0.0,1.4090828045074355,-0.000525900580472,0.0003436933734328,13.0
