accx_Absolute energy,accx_Area under the curve,accx_Average power,accx_ECDF Percentile Count_0,accx_ECDF Percentile Count_1,accx_FFT mean coefficient_89,accx_LPCC_8,accx_Lempel-Ziv complexity,accx_MFCC_1,accx_MFCC_10,accx_MFCC_11,accx_MFCC_3,accx_MFCC_5,accx_MFCC_8,accx_Maximum fractal length,accx_Mean absolute diff,accx_Median frequency,accx_Signal distance,accx_Skewness,accx_Spectral decrease,accx_Spectral distance,accx_Spectral entropy,accx_Spectral kurtosis,accx_Spectral positive turning points,accx_Spectral roll-off,accx_Spectral roll-on,accx_Spectral skewness,accx_Spectral slope,accx_Spectral spread,accx_Spectral variation,accx_Standard deviation,accx_Sum absolute diff,accx_Variance,accx_Wavelet absolute mean_0,accx_Wavelet absolute mean_1,accx_Wavelet absolute mean_2,accx_Wavelet absolute mean_4,accx_Wavelet absolute mean_5,accx_Wavelet absolute mean_6,accx_Wavelet absolute mean_7,accx_Wavelet absolute mean_8,accx_Wavelet energy_0,accx_Wavelet energy_1,accx_Wavelet energy_2,accx_Wavelet energy_3,accx_Wavelet standard deviation_2,accy_LPCC_0,accy_LPCC_2,accy_LPCC_6,accy_LPCC_8,accy_LPCC_9,accy_Median diff,accy_Signal distance,accy_Skewness,accy_Slope,accy_Spectral roll-on,accy_Spectral skewness,accy_Spectral slope,accy_Wavelet absolute mean_0,accz_Histogram_2
533.4594999870673,9.809815566,53.452855710126975,100.0,400.0,0.0001183036805583,0.5049561054884868,0.124,4.488039861660321,-68.75228406510078,-47.636892117393685,-61.50441145032727,-26.913407317979143,-84.09252147751037,2.020035591987537,0.088109551503006,1.7000000000000002,502.8896991410047,1.3023674096115343,-3.670335733649096,-117940.07417863049,0.5409805283800112,7.52105839786238,81.0,14.6,0.0,2.085757239695916,-0.000684310664214,4.878580616118192,0.8164936616060416,0.315438533770269,43.9666662,0.0995014685871371,0.0039655344710515,0.0106510414522212,0.0181905019232493,0.0355597761126422,0.0456787090208029,0.0571004199426038,0.069991482941489,0.0843453184296513,0.1434682730629344,0.3811843165477362,0.5852431298028223,0.7352403692136124,0.5849603632906963,0.0199192550135565,0.255497091417141,0.1498532160268813,0.1930327504203796,0.107194451801809,0.0026499999999999,499.3828139588012,-0.2224876096916442,3.3288481614726456e-05,0.4,1.4082669654961475,-0.0005017734272783,0.0001871835822839,9.0
