accx_Absolute energy,accx_Area under the curve,accx_Average power,accx_ECDF Percentile Count_0,accx_ECDF Percentile Count_1,accx_FFT mean coefficient_89,accx_LPCC_8,accx_Lempel-Ziv complexity,accx_MFCC_1,accx_MFCC_10,accx_MFCC_11,accx_MFCC_3,accx_MFCC_5,accx_MFCC_8,accx_Maximum fractal length,accx_Mean absolute diff,accx_Median frequency,accx_Signal distance,accx_Skewness,accx_Spectral decrease,accx_Spectral distance,accx_Spectral entropy,accx_Spectral kurtosis,accx_Spectral positive turning points,accx_Spectral roll-off,accx_Spectral roll-on,accx_Spectral skewness,accx_Spectral slope,accx_Spectral spread,accx_Spectral variation,accx_Standard deviation,accx_Sum absolute diff,accx_Variance,accx_Wavelet absolute mean_0,accx_Wavelet absolute mean_1,accx_Wavelet absolute mean_2,accx_Wavelet absolute mean_4,accx_Wavelet absolute mean_5,accx_Wavelet absolute mean_6,accx_Wavelet absolute mean_7,accx_Wavelet absolute mean_8,accx_Wavelet energy_0,accx_Wavelet energy_1,accx_Wavelet energy_2,accx_Wavelet energy_3,accx_Wavelet standard deviation_2,accy_LPCC_0,accy_LPCC_2,accy_LPCC_6,accy_LPCC_8,accy_LPCC_9,accy_Median diff,accy_Signal distance,accy_Skewness,accy_Slope,accy_Spectral roll-on,accy_Spectral skewness,accy_Spectral slope,accy_Wavelet absolute mean_0,accz_Histogram_2
513.8549191596367,9.660281702,51.48846885367101,100.0,400.0,0.0004357189589425,0.5551415567325493,0.126,-11.60112626903686,-19.9281106308765,-53.86660494708002,-6.283533965620613,5.079261730215403,-45.1513517068329,1.9711853692621997,0.078872111022044,1.6,501.8662027342133,0.8942356217345758,-3.8171475970913313,-117234.70028160764,0.5126321238572434,7.94853625070337,84.0,13.5,0.0,2.1795089171184507,-0.0007089445011387,4.610123894915128,0.8057143005294831,0.3024514430332487,39.3571834,0.0914768753928945,0.0026892299676805,0.0087171543406918,0.0174734976112423,0.0412679956766673,0.0555253999522541,0.0708043572731551,0.0866510258407123,0.1027281520406133,0.1070233680135127,0.2759278699552752,0.478011199457558,0.6832206389491015,0.4776917245338078,0.2369334085906382,0.8380475729310068,0.0080255446680945,0.1829855587647743,0.3623919365226596,0.00029,499.6216141595811,0.8966861357741887,9.966830550682188e-05,0.0,1.9546489363959252,-0.0006201565264993,0.0005252349634422,1.0
