accx_Absolute energy,accx_Area under the curve,accx_Average power,accx_ECDF Percentile Count_0,accx_ECDF Percentile Count_1,accx_FFT mean coefficient_89,accx_LPCC_8,accx_Lempel-Ziv complexity,accx_MFCC_1,accx_MFCC_10,accx_MFCC_11,accx_MFCC_3,accx_MFCC_5,accx_MFCC_8,accx_Maximum fractal length,accx_Mean absolute diff,accx_Median frequency,accx_Signal distance,accx_Skewness,accx_Spectral decrease,accx_Spectral distance,accx_Spectral entropy,accx_Spectral kurtosis,accx_Spectral positive turning points,accx_Spectral roll-off,accx_Spectral roll-on,accx_Spectral skewness,accx_Spectral slope,accx_Spectral spread,accx_Spectral variation,accx_Standard deviation,accx_Sum absolute diff,accx_Variance,accx_Wavelet absolute mean_0,accx_Wavelet absolute mean_1,accx_Wavelet absolute mean_2,accx_Wavelet absolute mean_4,accx_Wavelet absolute mean_5,accx_Wavelet absolute mean_6,accx_Wavelet absolute mean_7,accx_Wavelet absolute mean_8,accx_Wavelet energy_0,accx_Wavelet energy_1,accx_Wavelet energy_2,accx_Wavelet energy_3,accx_Wavelet standard deviation_2,accy_LPCC_0,accy_LPCC_2,accy_LPCC_6,accy_LPCC_8,accy_LPCC_9,accy_Median diff,accy_Signal distance,accy_Skewness,accy_Slope,accy_Spectral roll-on,accy_Spectral skewness,accy_Spectral slope,accy_Wavelet absolute mean_0,accz_Histogram_2
545.7162251113555,9.668669528,54.68098448009574,100.0,400.0,0.0007186853739805,0.4971821990375774,0.128,4.494653726553563,-94.99273131734634,-113.51024409943068,-15.008040246581348,-59.56779110062788,-40.317107019927526,2.0693431191801364,0.098199953507014,1.8,503.11254461787,0.6302225633092111,-3.3145417370903325,-124126.16970138668,0.4443869974098849,7.352723953536296,84.0,14.9,0.0,2.103471558463019,-0.0006859155694024,4.897801677149986,0.7713229948201286,0.3896283827510397,49.0017768,0.1518102766451907,0.0041101533663651,0.011469252138082,0.0200456680691663,0.0382609654632638,0.0477625934479184,0.0576225490238938,0.0682353614991413,0.0801118760796286,0.1298422506291741,0.3480732471886428,0.6267177928607041,0.9256543062499184,0.6263971288885775,0.1836792437013841,0.6874861018212212,0.0412146378379458,0.0499186150734801,0.387892572508584,-0.00235,499.707759577298,0.4004484126258384,1.3768748092592243e-05,0.0,1.7008749320356766,-0.0005643473941227,7.944593135076616e-05,1.0
