accx_Absolute energy,accx_Area under the curve,accx_Average power,accx_ECDF Percentile Count_0,accx_ECDF Percentile Count_1,accx_FFT mean coefficient_89,accx_LPCC_8,accx_Lempel-Ziv complexity,accx_MFCC_1,accx_MFCC_10,accx_MFCC_11,accx_MFCC_3,accx_MFCC_5,accx_MFCC_8,accx_Maximum fractal length,accx_Mean absolute diff,accx_Median frequency,accx_Signal distance,accx_Skewness,accx_Spectral decrease,accx_Spectral distance,accx_Spectral entropy,accx_Spectral kurtosis,accx_Spectral positive turning points,accx_Spectral roll-off,accx_Spectral roll-on,accx_Spectral skewness,accx_Spectral slope,accx_Spectral spread,accx_Spectral variation,accx_Standard deviation,accx_Sum absolute diff,accx_Variance,accx_Wavelet absolute mean_0,accx_Wavelet absolute mean_1,accx_Wavelet absolute mean_2,accx_Wavelet absolute mean_4,accx_Wavelet absolute mean_5,accx_Wavelet absolute mean_6,accx_Wavelet absolute mean_7,accx_Wavelet absolute mean_8,accx_Wavelet energy_0,accx_Wavelet energy_1,accx_Wavelet energy_2,accx_Wavelet energy_3,accx_Wavelet standard deviation_2,accy_LPCC_0,accy_LPCC_2,accy_LPCC_6,accy_LPCC_8,accy_LPCC_9,accy_Median diff,accy_Signal distance,accy_Skewness,accy_Slope,accy_Spectral roll-on,accy_Spectral skewness,accy_Spectral slope,accy_Wavelet absolute mean_0,accz_Histogram_2
516.7990245833649,9.670791908,51.78346939713075,100.0,400.0,4.373263177179495e-05,0.6499227784912213,0.126,-0.382755259309975,-95.86624440741102,-69.7586610889387,13.219736397836442,-21.54649093664655,-86.81304754708496,1.975593896793385,0.0808205675350701,1.7000000000000002,501.9554892017806,0.7367053370687772,-3.900232953089181,-115350.54771764563,0.4651996181505034,8.03894032141694,82.0,13.3,0.0,2.1859657752345427,-0.0007061860261941,4.698125689883068,0.83078033521481,0.3086257595801884,40.3294632,0.0952498594764482,0.0026819268931344,0.0082889216920286,0.0165074476403637,0.0397243805902272,0.0538467691363122,0.068826910911826,0.084199684655322,0.099691709953108,0.1096690733423997,0.2815708622455505,0.4950445247233357,0.7156320367298803,0.4947692246198767,0.2188039766950528,0.5839629321808757,0.0955170563639737,0.1748069940633059,0.424025615329216,0.0013999999999999,499.67560208933446,0.4427106769630251,-0.0001774133391477,0.0,1.6371977352277045,-0.0005747640465138,0.0003684102500878,6.0
