accx_Absolute energy,accx_Area under the curve,accx_Average power,accx_ECDF Percentile Count_0,accx_ECDF Percentile Count_1,accx_FFT mean coefficient_89,accx_LPCC_8,accx_Lempel-Ziv complexity,accx_MFCC_1,accx_MFCC_10,accx_MFCC_11,accx_MFCC_3,accx_MFCC_5,accx_MFCC_8,accx_Maximum fractal length,accx_Mean absolute diff,accx_Median frequency,accx_Signal distance,accx_Skewness,accx_Spectral decrease,accx_Spectral distance,accx_Spectral entropy,accx_Spectral kurtosis,accx_Spectral positive turning points,accx_Spectral roll-off,accx_Spectral roll-on,accx_Spectral skewness,accx_Spectral slope,accx_Spectral spread,accx_Spectral variation,accx_Standard deviation,accx_Sum absolute diff,accx_Variance,accx_Wavelet absolute mean_0,accx_Wavelet absolute mean_1,accx_Wavelet absolute mean_2,accx_Wavelet absolute mean_4,accx_Wavelet absolute mean_5,accx_Wavelet absolute mean_6,accx_Wavelet absolute mean_7,accx_Wavelet absolute mean_8,accx_Wavelet energy_0,accx_Wavelet energy_1,accx_Wavelet energy_2,accx_Wavelet energy_3,accx_Wavelet standard deviation_2,accy_LPCC_0,accy_LPCC_2,accy_LPCC_6,accy_LPCC_8,accy_LPCC_9,accy_Median diff,accy_Signal distance,accy_Skewness,accy_Slope,accy_Spectral roll-on,accy_Spectral skewness,accy_Spectral slope,accy_Wavelet absolute mean_0,accz_Histogram_2
1.603329865925207,0.5640557551000001,0.1606542951828865,100.0,400.0,1.1074628810342327e-07,0.8099859631270958,0.174,-18.60763193489146,53.40396397992946,32.41524815151256,-39.604398902235744,9.308365299225065,0.5563602042464346,0.2010279806158461,0.0018304853507014,0.0,499.0014035548708,0.1023414839440971,-13.70326174815865,-4235.134635909598,0.7675555320269183,7.735934971937166,75.0,12.8,0.0,2.2742798129513955,-0.0007838259995668,4.328414093440641,0.8629396234434399,0.0033489562553437,0.91341219,1.121550800020624e-05,0.0001982227276756,0.0005580078805272,0.0010110841305683,0.0021907726105717,0.002898703108904,0.0036675441799118,0.0044890576136992,0.0053600662773849,0.003626462661493,0.0067706752075148,0.0089197436712608,0.0103267414670285,0.0088622534404016,0.6199247981655861,1.125244676637164,0.852247180293219,0.8915190857409117,0.9637800975328372,-1.419999999996424e-05,499.001048158791,-0.1760965736502595,-7.310937083758458e-07,0.0,7.912639628978111,-0.0009279612490236,0.0019095548702038,0.0
