accx_Absolute energy,accx_Area under the curve,accx_Average power,accx_ECDF Percentile Count_0,accx_ECDF Percentile Count_1,accx_FFT mean coefficient_89,accx_LPCC_8,accx_Lempel-Ziv complexity,accx_MFCC_1,accx_MFCC_10,accx_MFCC_11,accx_MFCC_3,accx_MFCC_5,accx_MFCC_8,accx_Maximum fractal length,accx_Mean absolute diff,accx_Median frequency,accx_Signal distance,accx_Skewness,accx_Spectral decrease,accx_Spectral distance,accx_Spectral entropy,accx_Spectral kurtosis,accx_Spectral positive turning points,accx_Spectral roll-off,accx_Spectral roll-on,accx_Spectral skewness,accx_Spectral slope,accx_Spectral spread,accx_Spectral variation,accx_Standard deviation,accx_Sum absolute diff,accx_Variance,accx_Wavelet absolute mean_0,accx_Wavelet absolute mean_1,accx_Wavelet absolute mean_2,accx_Wavelet absolute mean_4,accx_Wavelet absolute mean_5,accx_Wavelet absolute mean_6,accx_Wavelet absolute mean_7,accx_Wavelet absolute mean_8,accx_Wavelet energy_0,accx_Wavelet energy_1,accx_Wavelet energy_2,accx_Wavelet energy_3,accx_Wavelet standard deviation_2,accy_LPCC_0,accy_LPCC_2,accy_LPCC_6,accy_LPCC_8,accy_LPCC_9,accy_Median diff,accy_Signal distance,accy_Skewness,accy_Slope,accy_Spectral roll-on,accy_Spectral skewness,accy_Spectral slope,accy_Wavelet absolute mean_0,accz_Histogram_2
10.65295675914891,1.456486984,1.0674305369888688,100.0,400.0,3.304986021785652e-07,0.8990450374978889,0.164,-4.838643744295688,-4.175033671988092,25.5264433465068,0.2522667650983625,0.8719946658120247,-11.414666683767503,0.0554422031732388,0.0014500877755511,0.0,499.00092982195457,-0.6301810890489159,-41.75364642011627,-9753.467523147756,0.7833165136904845,20.27491414298025,78.0,7.6,0.0,4.047344194372903,-0.0008814139036046,2.9952856687209994,0.7136063730427333,0.0027726607362118,0.7235938000000002,7.687647558131001e-06,0.0004780594188269,0.0014160840539926,0.0026056486246975,0.0055955003255669,0.007359196068634,0.0092823192843365,0.0113501532258732,0.0135502785768701,0.0060211129357871,0.0114207133657698,0.0167297163751256,0.0216268302044144,0.016525556124886,0.6208575221577155,1.1289871255063058,0.8508535185673924,0.8929059367868357,0.9701559617709612,7.079999999992648e-05,499.00104901606767,0.0079412955976174,-5.161005210421783e-06,0.0,9.65482189468284,-0.0009343516491314,0.0027880425168801,0.0
