accx_Absolute energy,accx_Area under the curve,accx_Average power,accx_ECDF Percentile Count_0,accx_ECDF Percentile Count_1,accx_FFT mean coefficient_89,accx_LPCC_8,accx_Lempel-Ziv complexity,accx_MFCC_1,accx_MFCC_10,accx_MFCC_11,accx_MFCC_3,accx_MFCC_5,accx_MFCC_8,accx_Maximum fractal length,accx_Mean absolute diff,accx_Median frequency,accx_Signal distance,accx_Skewness,accx_Spectral decrease,accx_Spectral distance,accx_Spectral entropy,accx_Spectral kurtosis,accx_Spectral positive turning points,accx_Spectral roll-off,accx_Spectral roll-on,accx_Spectral skewness,accx_Spectral slope,accx_Spectral spread,accx_Spectral variation,accx_Standard deviation,accx_Sum absolute diff,accx_Variance,accx_Wavelet absolute mean_0,accx_Wavelet absolute mean_1,accx_Wavelet absolute mean_2,accx_Wavelet absolute mean_4,accx_Wavelet absolute mean_5,accx_Wavelet absolute mean_6,accx_Wavelet absolute mean_7,accx_Wavelet absolute mean_8,accx_Wavelet energy_0,accx_Wavelet energy_1,accx_Wavelet energy_2,accx_Wavelet energy_3,accx_Wavelet standard deviation_2,accy_LPCC_0,accy_LPCC_2,accy_LPCC_6,accy_LPCC_8,accy_LPCC_9,accy_Median diff,accy_Signal distance,accy_Skewness,accy_Slope,accy_Spectral roll-on,accy_Spectral skewness,accy_Spectral slope,accy_Wavelet absolute mean_0,accz_Histogram_2
17.78569766242044,1.882075434,1.782134034310665,100.0,400.0,7.952698628936708e-08,0.8882150272794793,0.17,-0.4467615528442962,-11.98179100870669,5.065779012533513,-3.850589204640837,0.1824561627409555,5.970042069394825,0.0816855786393582,0.0014502669338677,0.0,499.0009339119357,-0.1479551583344506,-57.34331439096083,-12394.058419285162,0.7269691660625616,26.55430766011289,77.0,5.2,0.0,4.685526504132908,-0.0008978653763829,2.5991368918023485,0.7724245752418483,0.0027858823032803,0.7236831999999996,7.761140207730563e-06,0.00062076292284,0.0018496378128284,0.0034216462840109,0.0073630628387303,0.0096689305218584,0.012172255894847,0.0148588172981299,0.0177174681376408,0.0076092471967319,0.0146969061366951,0.0217830467570844,0.0285514989769673,0.0215126349554963,0.6184583751932943,1.1323482237577207,0.8481708922431075,0.8893705843575239,0.9728174130574346,-4.170000000003338e-05,499.00102004321866,-0.546612782611841,-5.696338838156424e-06,0.0,9.258441345463243,-0.0009340982709803,0.0025876699648633,0.0
