accx_Absolute energy,accx_Area under the curve,accx_Average power,accx_ECDF Percentile Count_0,accx_ECDF Percentile Count_1,accx_FFT mean coefficient_89,accx_LPCC_8,accx_Lempel-Ziv complexity,accx_MFCC_1,accx_MFCC_10,accx_MFCC_11,accx_MFCC_3,accx_MFCC_5,accx_MFCC_8,accx_Maximum fractal length,accx_Mean absolute diff,accx_Median frequency,accx_Signal distance,accx_Skewness,accx_Spectral decrease,accx_Spectral distance,accx_Spectral entropy,accx_Spectral kurtosis,accx_Spectral positive turning points,accx_Spectral roll-off,accx_Spectral roll-on,accx_Spectral skewness,accx_Spectral slope,accx_Spectral spread,accx_Spectral variation,accx_Standard deviation,accx_Sum absolute diff,accx_Variance,accx_Wavelet absolute mean_0,accx_Wavelet absolute mean_1,accx_Wavelet absolute mean_2,accx_Wavelet absolute mean_4,accx_Wavelet absolute mean_5,accx_Wavelet absolute mean_6,accx_Wavelet absolute mean_7,accx_Wavelet absolute mean_8,accx_Wavelet energy_0,accx_Wavelet energy_1,accx_Wavelet energy_2,accx_Wavelet energy_3,accx_Wavelet standard deviation_2,accy_LPCC_0,accy_LPCC_2,accy_LPCC_6,accy_LPCC_8,accy_LPCC_9,accy_Median diff,accy_Signal distance,accy_Skewness,accy_Slope,accy_Spectral roll-on,accy_Spectral skewness,accy_Spectral slope,accy_Wavelet absolute mean_0,accz_Histogram_2
0.662373449856116,0.34525484518,0.0663700851559234,100.0,400.0,1.3536654850956191e-06,0.7064563239096128,0.128,-83.17699730580036,36.85031713715053,-1.7741851925960148,-49.97798731715212,-28.77193268097032,-42.68385294091895,0.2940477006340934,0.0030336370300601,0.8,499.0054768158499,1.617746583960032,-2.877943748560748,-4669.736916093912,0.5496597689569873,4.6682602711708725,62.0,14.3,0.0,1.5647471545453355,-0.0006841478158614,4.969934060025903,0.3539003333495555,0.0126595254426842,1.5137848779999998,0.0001602635844339,0.0001488240245401,0.0004134154592981,0.000730178493518,0.0015347310981777,0.0020082314591091,0.002525198137886,0.0030849033687687,0.0036856499757382,0.0056547230885169,0.0091370636976508,0.0114761393499534,0.0138969109229636,0.0114528866993065,0.61944601042488,1.1207897983188744,0.8436910617452522,0.8984329558138807,0.9678558873685572,5.020000000000024e-05,499.0081439827902,-0.2864857382750122,3.393947583788292e-06,0.0,6.057991209897675,-0.0009186861768223,0.0032185883522108,0.0
