accx_Absolute energy,accx_Area under the curve,accx_Average power,accx_ECDF Percentile Count_0,accx_ECDF Percentile Count_1,accx_FFT mean coefficient_89,accx_LPCC_8,accx_Lempel-Ziv complexity,accx_MFCC_1,accx_MFCC_10,accx_MFCC_11,accx_MFCC_3,accx_MFCC_5,accx_MFCC_8,accx_Maximum fractal length,accx_Mean absolute diff,accx_Median frequency,accx_Signal distance,accx_Skewness,accx_Spectral decrease,accx_Spectral distance,accx_Spectral entropy,accx_Spectral kurtosis,accx_Spectral positive turning points,accx_Spectral roll-off,accx_Spectral roll-on,accx_Spectral skewness,accx_Spectral slope,accx_Spectral spread,accx_Spectral variation,accx_Standard deviation,accx_Sum absolute diff,accx_Variance,accx_Wavelet absolute mean_0,accx_Wavelet absolute mean_1,accx_Wavelet absolute mean_2,accx_Wavelet absolute mean_4,accx_Wavelet absolute mean_5,accx_Wavelet absolute mean_6,accx_Wavelet absolute mean_7,accx_Wavelet absolute mean_8,accx_Wavelet energy_0,accx_Wavelet energy_1,accx_Wavelet energy_2,accx_Wavelet energy_3,accx_Wavelet standard deviation_2,accy_LPCC_0,accy_LPCC_2,accy_LPCC_6,accy_LPCC_8,accy_LPCC_9,accy_Median diff,accy_Signal distance,accy_Skewness,accy_Slope,accy_Spectral roll-on,accy_Spectral skewness,accy_Spectral slope,accy_Wavelet absolute mean_0,accz_Histogram_2
10.80306309314584,1.466016299,1.0824712518182202,100.0,400.0,1.947319768962499e-07,0.8955221341835379,0.14,-12.130719460727049,-12.029789835434526,-12.077680218550784,-5.931899454138132,7.2032528277914745,11.36184752824556,0.1642231960525166,0.0018277801603206,0.0,499.002397259579,0.0841065376742066,-24.46285399460248,-10338.39101656154,0.6268927863283171,14.105448714675566,79.0,9.3,0.0,3.2301403113175167,-0.0008519768796274,3.4275452517519263,0.383062069352872,0.0055305413028874,0.9120623000000002,3.0586887102943995e-05,0.0004691453670931,0.0013960281612974,0.0025956658819994,0.0056460369291675,0.0074343008735746,0.0093710404917473,0.0114463596168523,0.0136533431231615,0.0066281585066966,0.0121549902166036,0.0171235563883133,0.0223806790842926,0.0169256817296311,0.6217413401086886,1.1219130368028978,0.8527434620703183,0.898146839215902,0.9697615664632886,5.500000000002725e-05,499.0019786245816,0.25931181556849,-2.087863290653205e-06,0.0,8.570464307642181,-0.0009311098411864,0.0029805422003656,0.0
