accx_Absolute energy,accx_Area under the curve,accx_Average power,accx_ECDF Percentile Count_0,accx_ECDF Percentile Count_1,accx_FFT mean coefficient_89,accx_LPCC_8,accx_Lempel-Ziv complexity,accx_MFCC_1,accx_MFCC_10,accx_MFCC_11,accx_MFCC_3,accx_MFCC_5,accx_MFCC_8,accx_Maximum fractal length,accx_Mean absolute diff,accx_Median frequency,accx_Signal distance,accx_Skewness,accx_Spectral decrease,accx_Spectral distance,accx_Spectral entropy,accx_Spectral kurtosis,accx_Spectral positive turning points,accx_Spectral roll-off,accx_Spectral roll-on,accx_Spectral skewness,accx_Spectral slope,accx_Spectral spread,accx_Spectral variation,accx_Standard deviation,accx_Sum absolute diff,accx_Variance,accx_Wavelet absolute mean_0,accx_Wavelet absolute mean_1,accx_Wavelet absolute mean_2,accx_Wavelet absolute mean_4,accx_Wavelet absolute mean_5,accx_Wavelet absolute mean_6,accx_Wavelet absolute mean_7,accx_Wavelet absolute mean_8,accx_Wavelet energy_0,accx_Wavelet energy_1,accx_Wavelet energy_2,accx_Wavelet energy_3,accx_Wavelet standard deviation_2,accy_LPCC_0,accy_LPCC_2,accy_LPCC_6,accy_LPCC_8,accy_LPCC_9,accy_Median diff,accy_Signal distance,accy_Skewness,accy_Slope,accy_Spectral roll-on,accy_Spectral skewness,accy_Spectral slope,accy_Wavelet absolute mean_0,accz_Histogram_2
14.91582609964748,1.722628406,1.4945717534716911,100.0,400.0,1.0734006390770803e-07,0.8896778412688455,0.134,-2.592107968184081,-1.305891307437245,5.146293565541519,-4.895386763722865,-0.151660264634061,-0.5480219870661495,0.2534758018664811,0.0019114649298597,0.0,499.00156092924976,-0.2123531502202576,-30.700797458880565,-11997.606619083348,0.5503237303324615,22.77777903279572,79.0,6.7,0.0,4.242719726510584,-0.0008767998202581,3.0676573656988944,0.3849399741046595,0.0060549013406198,0.9538210000000004,3.666183024464065e-05,0.0005704710199868,0.0016628232420661,0.0030528930657542,0.0065881429056258,0.008691910346857,0.0109956758432357,0.0134811432512664,0.0161315976132674,0.0072293373996773,0.0140979284333648,0.0206520205586948,0.0266745254196425,0.0204251266112556,0.6209539765904495,1.120855142022968,0.8420004603939806,0.8884482027440961,0.9588095897017386,-0.0001687,499.0018121451483,1.0438079579791892,-2.6963880066720948e-05,0.0,6.814591689150498,-0.0009151729291222,0.0018216682135053,0.0
