accx_Absolute energy,accx_Area under the curve,accx_Average power,accx_ECDF Percentile Count_0,accx_ECDF Percentile Count_1,accx_FFT mean coefficient_89,accx_LPCC_8,accx_Lempel-Ziv complexity,accx_MFCC_1,accx_MFCC_10,accx_MFCC_11,accx_MFCC_3,accx_MFCC_5,accx_MFCC_8,accx_Maximum fractal length,accx_Mean absolute diff,accx_Median frequency,accx_Signal distance,accx_Skewness,accx_Spectral decrease,accx_Spectral distance,accx_Spectral entropy,accx_Spectral kurtosis,accx_Spectral positive turning points,accx_Spectral roll-off,accx_Spectral roll-on,accx_Spectral skewness,accx_Spectral slope,accx_Spectral spread,accx_Spectral variation,accx_Standard deviation,accx_Sum absolute diff,accx_Variance,accx_Wavelet absolute mean_0,accx_Wavelet absolute mean_1,accx_Wavelet absolute mean_2,accx_Wavelet absolute mean_4,accx_Wavelet absolute mean_5,accx_Wavelet absolute mean_6,accx_Wavelet absolute mean_7,accx_Wavelet absolute mean_8,accx_Wavelet energy_0,accx_Wavelet energy_1,accx_Wavelet energy_2,accx_Wavelet energy_3,accx_Wavelet standard deviation_2,accy_LPCC_0,accy_LPCC_2,accy_LPCC_6,accy_LPCC_8,accy_LPCC_9,accy_Median diff,accy_Signal distance,accy_Skewness,accy_Slope,accy_Spectral roll-on,accy_Spectral skewness,accy_Spectral slope,accy_Wavelet absolute mean_0,accz_Histogram_2
1.460756961968839,0.5383983109,0.1463684330630099,100.0,400.0,5.651932425061429e-07,0.8554790635234557,0.17,-19.77970129050069,70.93808962074945,67.01899846064697,-39.73213683646281,-15.98354566760787,-47.6982089595957,0.1327571470867827,0.0016442543286573,0.0,499.001094716267,-0.3486680741079779,-13.800923299596098,-4073.497831120438,0.7206993945164557,8.868429764529546,71.0,12.5,0.0,2.4585854345840272,-0.0007922165504276,4.275953285410275,0.5883504362864576,0.0033470626895194,0.82048291,1.120282864757342e-05,0.0001744633328295,0.0005134782158696,0.0009488199043001,0.0020249543129914,0.0026555602260204,0.0033501974186787,0.0041053891108861,0.0049167664300004,0.0031271239908657,0.0062766107544315,0.0086646198438795,0.0098209774192786,0.0086125128637439,0.6200394499026848,1.1245188962185095,0.8502543196530882,0.8964193928016657,0.9673534018508948,-6.999999999646178e-07,499.0011364988698,-0.0232370680281268,1.773573931095558e-05,0.0,8.455299937980088,-0.0009298251622733,0.0021882384194984,0.0
