accx_Absolute energy,accx_Area under the curve,accx_Average power,accx_ECDF Percentile Count_0,accx_ECDF Percentile Count_1,accx_FFT mean coefficient_89,accx_LPCC_8,accx_Lempel-Ziv complexity,accx_MFCC_1,accx_MFCC_10,accx_MFCC_11,accx_MFCC_3,accx_MFCC_5,accx_MFCC_8,accx_Maximum fractal length,accx_Mean absolute diff,accx_Median frequency,accx_Signal distance,accx_Skewness,accx_Spectral decrease,accx_Spectral distance,accx_Spectral entropy,accx_Spectral kurtosis,accx_Spectral positive turning points,accx_Spectral roll-off,accx_Spectral roll-on,accx_Spectral skewness,accx_Spectral slope,accx_Spectral spread,accx_Spectral variation,accx_Standard deviation,accx_Sum absolute diff,accx_Variance,accx_Wavelet absolute mean_0,accx_Wavelet absolute mean_1,accx_Wavelet absolute mean_2,accx_Wavelet absolute mean_4,accx_Wavelet absolute mean_5,accx_Wavelet absolute mean_6,accx_Wavelet absolute mean_7,accx_Wavelet absolute mean_8,accx_Wavelet energy_0,accx_Wavelet energy_1,accx_Wavelet energy_2,accx_Wavelet energy_3,accx_Wavelet standard deviation_2,accy_LPCC_0,accy_LPCC_2,accy_LPCC_6,accy_LPCC_8,accy_LPCC_9,accy_Median diff,accy_Signal distance,accy_Skewness,accy_Slope,accy_Spectral roll-on,accy_Spectral skewness,accy_Spectral slope,accy_Wavelet absolute mean_0,accz_Histogram_2
7.134525520579022,1.1909250542,0.7148823166912847,100.0,400.0,7.229978399037055e-07,0.8657936610702988,0.154,-14.108100593704812,-5.759178978554081,-0.4057869398645195,-2.322241755890301,12.982526447889349,19.95783070430875,0.0532509026219637,0.0018737630861723,0.0,499.0016249317371,0.0898379018038088,-22.60263845819321,-8472.037326870073,0.5895457828844315,13.8136191109071,71.0,10.4,0.0,3.2382100577790047,-0.0008453711093648,3.7002563535453183,0.6949648512821973,0.0051715624715518,0.93500778,2.674505839716304e-05,0.0004075724118068,0.0011962894543757,0.0022001765550973,0.0047443558030566,0.00624404000246,0.0078745600556502,0.0096259944315451,0.0114907512857766,0.0057330344719236,0.0102956637727105,0.0145939342357395,0.0188207393501226,0.0144271320643948,0.6203330010351513,1.1254301581077828,0.8480579831222874,0.8977199325651721,0.9703667595876008,-4.860000000006526e-05,499.0010170464613,-0.2898891593982824,2.635579796718309e-06,0.0,9.24030881259938,-0.0009329008780823,0.002516865525066,0.0
