accx_Absolute energy,accx_Area under the curve,accx_Average power,accx_ECDF Percentile Count_0,accx_ECDF Percentile Count_1,accx_FFT mean coefficient_89,accx_LPCC_8,accx_Lempel-Ziv complexity,accx_MFCC_1,accx_MFCC_10,accx_MFCC_11,accx_MFCC_3,accx_MFCC_5,accx_MFCC_8,accx_Maximum fractal length,accx_Mean absolute diff,accx_Median frequency,accx_Signal distance,accx_Skewness,accx_Spectral decrease,accx_Spectral distance,accx_Spectral entropy,accx_Spectral kurtosis,accx_Spectral positive turning points,accx_Spectral roll-off,accx_Spectral roll-on,accx_Spectral skewness,accx_Spectral slope,accx_Spectral spread,accx_Spectral variation,accx_Standard deviation,accx_Sum absolute diff,accx_Variance,accx_Wavelet absolute mean_0,accx_Wavelet absolute mean_1,accx_Wavelet absolute mean_2,accx_Wavelet absolute mean_4,accx_Wavelet absolute mean_5,accx_Wavelet absolute mean_6,accx_Wavelet absolute mean_7,accx_Wavelet absolute mean_8,accx_Wavelet energy_0,accx_Wavelet energy_1,accx_Wavelet energy_2,accx_Wavelet energy_3,accx_Wavelet standard deviation_2,accy_LPCC_0,accy_LPCC_2,accy_LPCC_6,accy_LPCC_8,accy_LPCC_9,accy_Median diff,accy_Signal distance,accy_Skewness,accy_Slope,accy_Spectral roll-on,accy_Spectral skewness,accy_Spectral slope,accy_Wavelet absolute mean_0,accz_Histogram_2
3.044657785742152,0.7762084272,0.3050759304350853,100.0,400.0,1.2781732060158815e-06,0.8869305456465011,0.162,-18.460613555151312,-37.96719036520529,2.821008051638561,31.02900757678698,-50.00867523028935,-37.73050101266242,0.3283945393249289,0.0021953440881763,0.0,499.0029415397569,-1.154155843662149,-10.665204770613787,-6204.95915098344,0.6856761697316225,8.120877609441004,77.0,13.5,0.0,2.336190449526923,-0.0007679655017509,4.608926897924103,0.7968199385975734,0.0064473376160619,1.0954767,4.156816233548741e-05,0.0002461318065994,0.0007516668484254,0.0014140884037422,0.0031284729299742,0.0041581970621772,0.0052622274224706,0.0064129826274633,0.0075992931815264,0.004553895076333,0.009516271289426,0.0150817920323762,0.019766779695844,0.0150153523066976,0.6251172922858163,1.1175749089483549,0.8512475304790013,0.9005947471869009,0.9634062041272248,-7.190000000001362e-05,499.0032901631191,-0.1909984390401216,-2.7438272185087404e-06,0.0,6.593419675626593,-0.0009189805464549,0.0021298270610984,0.0
