accx_Absolute energy,accx_Area under the curve,accx_Average power,accx_ECDF Percentile Count_0,accx_ECDF Percentile Count_1,accx_FFT mean coefficient_89,accx_LPCC_8,accx_Lempel-Ziv complexity,accx_MFCC_1,accx_MFCC_10,accx_MFCC_11,accx_MFCC_3,accx_MFCC_5,accx_MFCC_8,accx_Maximum fractal length,accx_Mean absolute diff,accx_Median frequency,accx_Signal distance,accx_Skewness,accx_Spectral decrease,accx_Spectral distance,accx_Spectral entropy,accx_Spectral kurtosis,accx_Spectral positive turning points,accx_Spectral roll-off,accx_Spectral roll-on,accx_Spectral skewness,accx_Spectral slope,accx_Spectral spread,accx_Spectral variation,accx_Standard deviation,accx_Sum absolute diff,accx_Variance,accx_Wavelet absolute mean_0,accx_Wavelet absolute mean_1,accx_Wavelet absolute mean_2,accx_Wavelet absolute mean_4,accx_Wavelet absolute mean_5,accx_Wavelet absolute mean_6,accx_Wavelet absolute mean_7,accx_Wavelet absolute mean_8,accx_Wavelet energy_0,accx_Wavelet energy_1,accx_Wavelet energy_2,accx_Wavelet energy_3,accx_Wavelet standard deviation_2,accy_LPCC_0,accy_LPCC_2,accy_LPCC_6,accy_LPCC_8,accy_LPCC_9,accy_Median diff,accy_Signal distance,accy_Skewness,accy_Slope,accy_Spectral roll-on,accy_Spectral skewness,accy_Spectral slope,accy_Wavelet absolute mean_0,accz_Histogram_2
2.2684312781499645,0.669929019,0.2272977232615194,100.0,400.0,7.72516570857547e-07,0.915167646908544,0.156,-40.46985632886292,-11.98474261144467,32.22605471245252,0.3770644184011806,-34.23305244416656,42.07409146314781,0.147284268847998,0.0024322591983967,0.0,499.0023695376348,0.3002998420274435,-11.78517202794935,-5248.946103243217,0.5956154276877463,6.676211457392404,69.0,12.5,0.0,2.114907245017179,-0.0007808552565919,4.409927493733934,0.5470485835570301,0.0055846992068488,1.21369734,3.118886523097816e-05,0.0002168724442211,0.0006640952322965,0.0012489333197888,0.0027175638831617,0.0035775036927064,0.0045131839142934,0.0055207750095966,0.0065965007989112,0.0043238018192301,0.0070640013422332,0.0094558090069753,0.0115535261663033,0.0093729658880803,0.6172534535094036,1.1215210438846248,0.851208485721731,0.8887346847191457,0.954412061075067,-5.759999999999099e-05,499.000958510157,0.8361187156073361,-5.924370406921662e-05,0.0,6.325090617923098,-0.000911980058371,0.001382706478409,0.0
