accx_Absolute energy,accx_Area under the curve,accx_Average power,accx_ECDF Percentile Count_0,accx_ECDF Percentile Count_1,accx_FFT mean coefficient_89,accx_LPCC_8,accx_Lempel-Ziv complexity,accx_MFCC_1,accx_MFCC_10,accx_MFCC_11,accx_MFCC_3,accx_MFCC_5,accx_MFCC_8,accx_Maximum fractal length,accx_Mean absolute diff,accx_Median frequency,accx_Signal distance,accx_Skewness,accx_Spectral decrease,accx_Spectral distance,accx_Spectral entropy,accx_Spectral kurtosis,accx_Spectral positive turning points,accx_Spectral roll-off,accx_Spectral roll-on,accx_Spectral skewness,accx_Spectral slope,accx_Spectral spread,accx_Spectral variation,accx_Standard deviation,accx_Sum absolute diff,accx_Variance,accx_Wavelet absolute mean_0,accx_Wavelet absolute mean_1,accx_Wavelet absolute mean_2,accx_Wavelet absolute mean_4,accx_Wavelet absolute mean_5,accx_Wavelet absolute mean_6,accx_Wavelet absolute mean_7,accx_Wavelet absolute mean_8,accx_Wavelet energy_0,accx_Wavelet energy_1,accx_Wavelet energy_2,accx_Wavelet energy_3,accx_Wavelet standard deviation_2,accy_LPCC_0,accy_LPCC_2,accy_LPCC_6,accy_LPCC_8,accy_LPCC_9,accy_Median diff,accy_Signal distance,accy_Skewness,accy_Slope,accy_Spectral roll-on,accy_Spectral skewness,accy_Spectral slope,accy_Wavelet absolute mean_0,accz_Histogram_2
29.37462385762541,2.418645429,2.9433490839304017,100.0,400.0,1.814107952708863e-09,0.8985147158619268,0.158,0.061344669831317,-3.902026692793364,-1.6001230766504495,4.187593563196894,-1.5819224128485248,-4.089437345454107,0.0925808602287329,0.0015009541082164,0.0,499.00100382833887,-0.913927423497778,-58.78081715043078,-16031.252374315654,0.6840170277785814,33.097824304870066,76.0,4.0,0.0,5.229175675818559,-0.0009059054694112,2.3569381363609274,0.5167238820648039,0.0037443716560615,0.7489761000000001,1.402031909871724e-05,0.0007975100847383,0.002366451104529,0.0043836152510138,0.0094502572966991,0.0124164269382449,0.0156370574610936,0.0190952254474789,0.022777335231608,0.009742554976328,0.0184683670181818,0.027625959475026,0.0365592599389139,0.0272759519402506,0.6204315291337263,1.1266320975503092,0.8489174136676907,0.8946048873460548,0.9679888170598916,-3.8399999999994e-05,499.0012265675391,0.2429630882782022,3.484795233579337e-06,0.0,9.72008061366165,-0.0009357176782633,0.0031292612992969,0.0
