accx_Absolute energy,accx_Area under the curve,accx_Average power,accx_ECDF Percentile Count_0,accx_ECDF Percentile Count_1,accx_FFT mean coefficient_89,accx_LPCC_8,accx_Lempel-Ziv complexity,accx_MFCC_1,accx_MFCC_10,accx_MFCC_11,accx_MFCC_3,accx_MFCC_5,accx_MFCC_8,accx_Maximum fractal length,accx_Mean absolute diff,accx_Median frequency,accx_Signal distance,accx_Skewness,accx_Spectral decrease,accx_Spectral distance,accx_Spectral entropy,accx_Spectral kurtosis,accx_Spectral positive turning points,accx_Spectral roll-off,accx_Spectral roll-on,accx_Spectral skewness,accx_Spectral slope,accx_Spectral spread,accx_Spectral variation,accx_Standard deviation,accx_Sum absolute diff,accx_Variance,accx_Wavelet absolute mean_0,accx_Wavelet absolute mean_1,accx_Wavelet absolute mean_2,accx_Wavelet absolute mean_4,accx_Wavelet absolute mean_5,accx_Wavelet absolute mean_6,accx_Wavelet absolute mean_7,accx_Wavelet absolute mean_8,accx_Wavelet energy_0,accx_Wavelet energy_1,accx_Wavelet energy_2,accx_Wavelet energy_3,accx_Wavelet standard deviation_2,accy_LPCC_0,accy_LPCC_2,accy_LPCC_6,accy_LPCC_8,accy_LPCC_9,accy_Median diff,accy_Signal distance,accy_Skewness,accy_Slope,accy_Spectral roll-on,accy_Spectral skewness,accy_Spectral slope,accy_Wavelet absolute mean_0,accz_Histogram_2
17.727039815135498,1.878521421,1.776256494502555,100.0,400.0,7.722097854709017e-07,0.874736381218624,0.14,-6.303728024428644,-22.12314611335795,-15.188831283380052,5.165756145365331,5.8891074464540605,14.050584923790854,0.0602909870161646,0.001774558517034,0.0,499.001371018656,0.0248204768122649,-42.60276410584817,-12633.064232587543,0.5297652588075267,22.27163153132653,74.0,6.800000000000001,0.0,4.236700833246504,-0.0008875801010989,2.865382737066418,0.3706531722750444,0.0046840615428725,0.8855047,2.194043253741776e-05,0.0006274642890818,0.0018538117963619,0.0034251324768795,0.0074200350964125,0.0097712500771174,0.0123240473475727,0.0150608032638595,0.0179685388842437,0.0079653128169747,0.014624759606057,0.0211768041945705,0.0280763826706306,0.0208979784527356,0.612536164201838,1.1153927665949193,0.8489737468119272,0.8839912640028872,0.9616251722496104,-1.3599999999946988e-05,499.000933436965,0.6120350290643536,9.664607796671084e-05,0.0,7.387640139974982,-0.0009209246337734,0.0017971846344809,0.0
