accx_Absolute energy,accx_Area under the curve,accx_Average power,accx_ECDF Percentile Count_0,accx_ECDF Percentile Count_1,accx_FFT mean coefficient_89,accx_LPCC_8,accx_Lempel-Ziv complexity,accx_MFCC_1,accx_MFCC_10,accx_MFCC_11,accx_MFCC_3,accx_MFCC_5,accx_MFCC_8,accx_Maximum fractal length,accx_Mean absolute diff,accx_Median frequency,accx_Signal distance,accx_Skewness,accx_Spectral decrease,accx_Spectral distance,accx_Spectral entropy,accx_Spectral kurtosis,accx_Spectral positive turning points,accx_Spectral roll-off,accx_Spectral roll-on,accx_Spectral skewness,accx_Spectral slope,accx_Spectral spread,accx_Spectral variation,accx_Standard deviation,accx_Sum absolute diff,accx_Variance,accx_Wavelet absolute mean_0,accx_Wavelet absolute mean_1,accx_Wavelet absolute mean_2,accx_Wavelet absolute mean_4,accx_Wavelet absolute mean_5,accx_Wavelet absolute mean_6,accx_Wavelet absolute mean_7,accx_Wavelet absolute mean_8,accx_Wavelet energy_0,accx_Wavelet energy_1,accx_Wavelet energy_2,accx_Wavelet energy_3,accx_Wavelet standard deviation_2,accy_LPCC_0,accy_LPCC_2,accy_LPCC_6,accy_LPCC_8,accy_LPCC_9,accy_Median diff,accy_Signal distance,accy_Skewness,accy_Slope,accy_Spectral roll-on,accy_Spectral skewness,accy_Spectral slope,accy_Wavelet absolute mean_0,accz_Histogram_2
26.63459856148149,1.876282457902,2.668797451050249,100.0,400.0,3.82220907112724e-06,0.8263548588600395,0.088,-3.0017617294787944,11.754224735493116,11.2712638897369,-9.781893883959704,-5.10848786135122,-10.178921537110527,0.3100348103338606,0.0045405608172344,0.5,499.0087263037635,0.1233742664147125,-1.5342707921316725,-29450.91270884514,0.1662006186803677,6.29939162586127,75.0,18.2,0.0,2.040952420761048,-0.0006893799420449,5.806451400052427,0.1721285906608476,0.1762479607640337,2.2657398478,0.0310633436734803,0.0003508210897243,0.0010512737195585,0.0019180394290847,0.0040268160077653,0.0052577393671779,0.0066062209676816,0.008069456326673,0.0096406965697034,0.0119848726315848,0.0239934723593483,0.034795534966167,0.0451548896267015,0.0347426305614619,0.5669252234728853,1.1019071142539585,0.7997018378369215,0.8573888363824838,0.9491112609868428,0.0018093,499.0299140522828,-0.4961143240229744,0.0042032611841598,0.0,2.076716858636753,-0.0006955243214558,0.0007740566741162,0.0
