accx_Absolute energy,accx_Area under the curve,accx_Average power,accx_ECDF Percentile Count_0,accx_ECDF Percentile Count_1,accx_FFT mean coefficient_89,accx_LPCC_8,accx_Lempel-Ziv complexity,accx_MFCC_1,accx_MFCC_10,accx_MFCC_11,accx_MFCC_3,accx_MFCC_5,accx_MFCC_8,accx_Maximum fractal length,accx_Mean absolute diff,accx_Median frequency,accx_Signal distance,accx_Skewness,accx_Spectral decrease,accx_Spectral distance,accx_Spectral entropy,accx_Spectral kurtosis,accx_Spectral positive turning points,accx_Spectral roll-off,accx_Spectral roll-on,accx_Spectral skewness,accx_Spectral slope,accx_Spectral spread,accx_Spectral variation,accx_Standard deviation,accx_Sum absolute diff,accx_Variance,accx_Wavelet absolute mean_0,accx_Wavelet absolute mean_1,accx_Wavelet absolute mean_2,accx_Wavelet absolute mean_4,accx_Wavelet absolute mean_5,accx_Wavelet absolute mean_6,accx_Wavelet absolute mean_7,accx_Wavelet absolute mean_8,accx_Wavelet energy_0,accx_Wavelet energy_1,accx_Wavelet energy_2,accx_Wavelet energy_3,accx_Wavelet standard deviation_2,accy_LPCC_0,accy_LPCC_2,accy_LPCC_6,accy_LPCC_8,accy_LPCC_9,accy_Median diff,accy_Signal distance,accy_Skewness,accy_Slope,accy_Spectral roll-on,accy_Spectral skewness,accy_Spectral slope,accy_Wavelet absolute mean_0,accz_Histogram_2
0.007839338159866,0.0308694180693999,0.0007855048256378,100.0,400.0,8.731302764830748e-07,0.1238235849965714,0.158,-233.36648445964892,-156.76742716367193,155.51426026762937,-239.72273306882963,-34.80943288218082,-212.88781546340465,0.1520478022490982,0.0019425393660521,5.5,499.00176945335846,-0.5062268561635797,0.034902981161314,-877.4604686230781,0.7768206546717674,2.6006365572150028,76.0,17.400000000000002,0.3,0.7301821008293123,-0.0004356165705416,5.290602504976283,0.1933846391449381,0.003957291555394,0.96932714366,1.5660156454393304e-05,7.2412943926339826e-06,1.881772390487233e-05,1.5792107415875562e-05,2.101640814425748e-05,3.049003041994544e-05,2.954253324559423e-05,2.154918270865204e-05,1.0305708161290214e-05,0.0029313694385058,0.0048837459013797,0.0062459051075956,0.0068900774781396,0.0062458851432309,0.6196524365299908,1.1211998858962204,0.851609918660437,0.8955180060608754,0.965788830533672,-2.390000000007664e-05,499.00315982726426,-0.0012301047560724,-5.243931263730165e-07,0.0,7.273318115711903,-0.000925450782868,0.0027413225620897,0.0
