accx_Absolute energy,accx_Area under the curve,accx_Average power,accx_ECDF Percentile Count_0,accx_ECDF Percentile Count_1,accx_FFT mean coefficient_89,accx_LPCC_8,accx_Lempel-Ziv complexity,accx_MFCC_1,accx_MFCC_10,accx_MFCC_11,accx_MFCC_3,accx_MFCC_5,accx_MFCC_8,accx_Maximum fractal length,accx_Mean absolute diff,accx_Median frequency,accx_Signal distance,accx_Skewness,accx_Spectral decrease,accx_Spectral distance,accx_Spectral entropy,accx_Spectral kurtosis,accx_Spectral positive turning points,accx_Spectral roll-off,accx_Spectral roll-on,accx_Spectral skewness,accx_Spectral slope,accx_Spectral spread,accx_Spectral variation,accx_Standard deviation,accx_Sum absolute diff,accx_Variance,accx_Wavelet absolute mean_0,accx_Wavelet absolute mean_1,accx_Wavelet absolute mean_2,accx_Wavelet absolute mean_4,accx_Wavelet absolute mean_5,accx_Wavelet absolute mean_6,accx_Wavelet absolute mean_7,accx_Wavelet absolute mean_8,accx_Wavelet energy_0,accx_Wavelet energy_1,accx_Wavelet energy_2,accx_Wavelet energy_3,accx_Wavelet standard deviation_2,accy_LPCC_0,accy_LPCC_2,accy_LPCC_6,accy_LPCC_8,accy_LPCC_9,accy_Median diff,accy_Signal distance,accy_Skewness,accy_Slope,accy_Spectral roll-on,accy_Spectral skewness,accy_Spectral slope,accy_Wavelet absolute mean_0,accz_Histogram_2
8.425197749991622,1.293740494,0.8442081913819259,100.0,400.0,4.713684821947814e-07,0.8722163552971471,0.134,-3.5827967866426045,8.851864083008586,15.426828719470931,-3.115070155115418,0.1277809646459561,-17.08775880119067,-0.1102305004361328,0.0013474801603206,0.0,499.00085083611566,-1.4578239920999412,-24.42078796936283,-9310.732734977091,0.4956299736137917,20.635719206855416,82.0,8.1,0.0,4.059723708911879,-0.0008693987162444,3.350460739857294,0.6153949442162536,0.0064893984117455,0.6723925999999996,4.211229174636576e-05,0.0004530196585074,0.0013489810037164,0.0024923125111607,0.0053587058528206,0.0070383382245097,0.0088634386206597,0.0108239547028094,0.0129124043887299,0.0057175320112676,0.0109759951427423,0.0160749582851229,0.0210006549278259,0.0158805749963644,0.6140116563013287,1.1132577283435945,0.8522803175738619,0.8838269913566111,0.9581691404341292,-1.6300000000024628e-05,499.0010940578413,0.2946213726617213,-4.943242364969395e-06,0.0,6.612694537403254,-0.0009204915192167,0.0013733754471726,0.0
