accx_Absolute energy,accx_Area under the curve,accx_Average power,accx_ECDF Percentile Count_0,accx_ECDF Percentile Count_1,accx_FFT mean coefficient_89,accx_LPCC_8,accx_Lempel-Ziv complexity,accx_MFCC_1,accx_MFCC_10,accx_MFCC_11,accx_MFCC_3,accx_MFCC_5,accx_MFCC_8,accx_Maximum fractal length,accx_Mean absolute diff,accx_Median frequency,accx_Signal distance,accx_Skewness,accx_Spectral decrease,accx_Spectral distance,accx_Spectral entropy,accx_Spectral kurtosis,accx_Spectral positive turning points,accx_Spectral roll-off,accx_Spectral roll-on,accx_Spectral skewness,accx_Spectral slope,accx_Spectral spread,accx_Spectral variation,accx_Standard deviation,accx_Sum absolute diff,accx_Variance,accx_Wavelet absolute mean_0,accx_Wavelet absolute mean_1,accx_Wavelet absolute mean_2,accx_Wavelet absolute mean_4,accx_Wavelet absolute mean_5,accx_Wavelet absolute mean_6,accx_Wavelet absolute mean_7,accx_Wavelet absolute mean_8,accx_Wavelet energy_0,accx_Wavelet energy_1,accx_Wavelet energy_2,accx_Wavelet energy_3,accx_Wavelet standard deviation_2,accy_LPCC_0,accy_LPCC_2,accy_LPCC_6,accy_LPCC_8,accy_LPCC_9,accy_Median diff,accy_Signal distance,accy_Skewness,accy_Slope,accy_Spectral roll-on,accy_Spectral skewness,accy_Spectral slope,accy_Wavelet absolute mean_0,accz_Histogram_2
5.909952893938764,1.0834084838,0.5921796486912588,100.0,400.0,1.094923210901332e-06,0.8926042433684802,0.15,-18.292782023538475,35.56987384849357,-5.1700148292124375,18.201242381526537,-13.388760700391115,-66.59199492447748,0.2617799195811901,0.0022845971142284,0.0,499.0022883612447,0.8034004680419662,-17.467582170470457,-8013.933683607714,0.6498516075118624,12.008423245622769,75.0,10.9,0.0,2.9530110266566028,-0.0008278446539614,3.834298611922372,0.5779807947616616,0.0059700172155582,1.14001396,3.5641105554061314e-05,0.0003543722502736,0.0010363993350339,0.001905858622417,0.0041456861478899,0.0054717624414215,0.0069095536836828,0.0084468142076362,0.0100773289230365,0.0054481956922409,0.0100025179165156,0.0146958210871973,0.0193263596054892,0.0145717143925576,0.6199876235541256,1.1279724903313602,0.8353665298307063,0.8968208375002125,0.968710153230128,-1.8599999999979744e-05,499.0048017871592,-0.9517696566210504,-2.4372814083263858e-06,0.0,6.601996607468547,-0.0009188901638719,0.0025506992809282,0.0
