accx_Absolute energy,accx_Area under the curve,accx_Average power,accx_ECDF Percentile Count_0,accx_ECDF Percentile Count_1,accx_FFT mean coefficient_89,accx_LPCC_8,accx_Lempel-Ziv complexity,accx_MFCC_1,accx_MFCC_10,accx_MFCC_11,accx_MFCC_3,accx_MFCC_5,accx_MFCC_8,accx_Maximum fractal length,accx_Mean absolute diff,accx_Median frequency,accx_Signal distance,accx_Skewness,accx_Spectral decrease,accx_Spectral distance,accx_Spectral entropy,accx_Spectral kurtosis,accx_Spectral positive turning points,accx_Spectral roll-off,accx_Spectral roll-on,accx_Spectral skewness,accx_Spectral slope,accx_Spectral spread,accx_Spectral variation,accx_Standard deviation,accx_Sum absolute diff,accx_Variance,accx_Wavelet absolute mean_0,accx_Wavelet absolute mean_1,accx_Wavelet absolute mean_2,accx_Wavelet absolute mean_4,accx_Wavelet absolute mean_5,accx_Wavelet absolute mean_6,accx_Wavelet absolute mean_7,accx_Wavelet absolute mean_8,accx_Wavelet energy_0,accx_Wavelet energy_1,accx_Wavelet energy_2,accx_Wavelet energy_3,accx_Wavelet standard deviation_2,accy_LPCC_0,accy_LPCC_2,accy_LPCC_6,accy_LPCC_8,accy_LPCC_9,accy_Median diff,accy_Signal distance,accy_Skewness,accy_Slope,accy_Spectral roll-on,accy_Spectral skewness,accy_Spectral slope,accy_Wavelet absolute mean_0,accz_Histogram_2
39.64243837388499,2.809979778,3.972188213816132,100.0,400.0,5.0950907169659784e-08,0.8996820018706085,0.172,1.7213703413336836,-2.6754924905794955,2.139270930318545,-0.1855111945872806,-0.6165292326387375,-12.318593940703115,0.1593727019947615,0.0016723819639278,0.0,499.0012428680641,0.2409883993653514,-71.82626909815296,-18353.66817806582,0.7232402521814125,33.903857068435606,69.0,3.8,0.0,5.303222947813856,-0.0009081710302824,2.3051534534039573,0.8180144353717934,0.003375625750049,0.8345185999999999,1.139484920439404e-05,0.0009108502834149,0.0026992901806656,0.0050156480672935,0.0108907414330033,0.0143270123464395,0.0180505854855453,0.0220446191318887,0.0262966298826019,0.0110365364308574,0.0207999238233379,0.0311341987193236,0.0417399756076843,0.0307275382085742,0.6190630518177463,1.116927872694215,0.8481929365276027,0.8954795194664735,0.964561371111099,0.0001218,499.0014728583666,0.3346680079531232,8.674531822926413e-06,0.0,6.332420782952736,-0.0009157456114615,0.0014698805496188,0.0
