accx_Absolute energy,accx_Area under the curve,accx_Average power,accx_ECDF Percentile Count_0,accx_ECDF Percentile Count_1,accx_FFT mean coefficient_89,accx_LPCC_8,accx_Lempel-Ziv complexity,accx_MFCC_1,accx_MFCC_10,accx_MFCC_11,accx_MFCC_3,accx_MFCC_5,accx_MFCC_8,accx_Maximum fractal length,accx_Mean absolute diff,accx_Median frequency,accx_Signal distance,accx_Skewness,accx_Spectral decrease,accx_Spectral distance,accx_Spectral entropy,accx_Spectral kurtosis,accx_Spectral positive turning points,accx_Spectral roll-off,accx_Spectral roll-on,accx_Spectral skewness,accx_Spectral slope,accx_Spectral spread,accx_Spectral variation,accx_Standard deviation,accx_Sum absolute diff,accx_Variance,accx_Wavelet absolute mean_0,accx_Wavelet absolute mean_1,accx_Wavelet absolute mean_2,accx_Wavelet absolute mean_4,accx_Wavelet absolute mean_5,accx_Wavelet absolute mean_6,accx_Wavelet absolute mean_7,accx_Wavelet absolute mean_8,accx_Wavelet energy_0,accx_Wavelet energy_1,accx_Wavelet energy_2,accx_Wavelet energy_3,accx_Wavelet standard deviation_2,accy_LPCC_0,accy_LPCC_2,accy_LPCC_6,accy_LPCC_8,accy_LPCC_9,accy_Median diff,accy_Signal distance,accy_Skewness,accy_Slope,accy_Spectral roll-on,accy_Spectral skewness,accy_Spectral slope,accy_Wavelet absolute mean_0,accz_Histogram_2
32.768542044975824,2.553858546,3.283421046590764,100.0,400.0,1.1024553809455937e-07,0.9015780294712196,0.126,0.5055206792624117,10.114050697266988,16.02477748276634,2.6359108430993614,-3.4888221850581727,-21.968802174696503,-0.1730415992062572,0.0014114472945891,0.0,499.0008679350621,0.3281471014519474,-49.96158752178864,-17287.032135502326,0.4181271609323009,39.35406972289233,74.0,3.2,0.0,5.743869472068625,-0.0009102886078935,2.2933882333032143,0.6625772181225835,0.0075401323784755,0.7043122000000003,5.685359628493601e-05,0.0008290931731159,0.0024656869844502,0.0045744983143007,0.0099229851973002,0.0130808942184371,0.0165239307381929,0.0202325642889103,0.0241927415348824,0.0099958829207314,0.0189345687834415,0.0280109752407797,0.0369715530199611,0.0276349181129967,0.6186223000988824,1.1194022364701728,0.8462256811271783,0.9002948486562531,0.9621241953106012,-2.999999999531156e-07,499.00151182836896,0.3956168694250396,-8.693085433142165e-06,0.0,7.621922022531032,-0.0009275217101008,0.0021201485139044,0.0
