accx_Absolute energy,accx_Area under the curve,accx_Average power,accx_ECDF Percentile Count_0,accx_ECDF Percentile Count_1,accx_FFT mean coefficient_89,accx_LPCC_8,accx_Lempel-Ziv complexity,accx_MFCC_1,accx_MFCC_10,accx_MFCC_11,accx_MFCC_3,accx_MFCC_5,accx_MFCC_8,accx_Maximum fractal length,accx_Mean absolute diff,accx_Median frequency,accx_Signal distance,accx_Skewness,accx_Spectral decrease,accx_Spectral distance,accx_Spectral entropy,accx_Spectral kurtosis,accx_Spectral positive turning points,accx_Spectral roll-off,accx_Spectral roll-on,accx_Spectral skewness,accx_Spectral slope,accx_Spectral spread,accx_Spectral variation,accx_Standard deviation,accx_Sum absolute diff,accx_Variance,accx_Wavelet absolute mean_0,accx_Wavelet absolute mean_1,accx_Wavelet absolute mean_2,accx_Wavelet absolute mean_4,accx_Wavelet absolute mean_5,accx_Wavelet absolute mean_6,accx_Wavelet absolute mean_7,accx_Wavelet absolute mean_8,accx_Wavelet energy_0,accx_Wavelet energy_1,accx_Wavelet energy_2,accx_Wavelet energy_3,accx_Wavelet standard deviation_2,accy_LPCC_0,accy_LPCC_2,accy_LPCC_6,accy_LPCC_8,accy_LPCC_9,accy_Median diff,accy_Signal distance,accy_Skewness,accy_Slope,accy_Spectral roll-on,accy_Spectral skewness,accy_Spectral slope,accy_Wavelet absolute mean_0,accz_Histogram_2
0.6144941204479686,0.3487760292,0.061572557159115,100.0,400.0,7.200225346973337e-08,0.8354209837456259,0.166,-26.83907452905191,-14.127493332753987,58.564181658281775,-11.424991035925686,-24.197098295594834,-20.11246035052635,0.0531721882793087,0.0013647600801603,0.0,499.0007850201747,-0.1798222080266472,-10.2264929455279,-2822.4794806430045,0.7894301235070903,6.828300377399016,77.0,13.1,0.0,2.106798761684193,-0.0007654147278547,4.448471236019414,0.877698855296114,0.0027371642690462,0.6810152800000001,7.49206823574333e-06,0.000116741269588,0.0003558187055291,0.0006801060776551,0.0014779868460556,0.0019199912514524,0.002389965434551,0.0028910597501213,0.0034243009768995,0.0023075290301167,0.0045198382205006,0.0066036641615059,0.0080588638853328,0.0065685490088066,0.6207893989977306,1.1222780883746213,0.8570786527323779,0.8928482332177525,0.9617014431978564,-9.329999999996286e-05,499.0010800617016,0.1066516470925801,6.761968295859076e-07,0.0,8.98523058978679,-0.0009334311193724,0.0025773537413892,0.0
