accx_Absolute energy,accx_Area under the curve,accx_Average power,accx_ECDF Percentile Count_0,accx_ECDF Percentile Count_1,accx_FFT mean coefficient_89,accx_LPCC_8,accx_Lempel-Ziv complexity,accx_MFCC_1,accx_MFCC_10,accx_MFCC_11,accx_MFCC_3,accx_MFCC_5,accx_MFCC_8,accx_Maximum fractal length,accx_Mean absolute diff,accx_Median frequency,accx_Signal distance,accx_Skewness,accx_Spectral decrease,accx_Spectral distance,accx_Spectral entropy,accx_Spectral kurtosis,accx_Spectral positive turning points,accx_Spectral roll-off,accx_Spectral roll-on,accx_Spectral skewness,accx_Spectral slope,accx_Spectral spread,accx_Spectral variation,accx_Standard deviation,accx_Sum absolute diff,accx_Variance,accx_Wavelet absolute mean_0,accx_Wavelet absolute mean_1,accx_Wavelet absolute mean_2,accx_Wavelet absolute mean_4,accx_Wavelet absolute mean_5,accx_Wavelet absolute mean_6,accx_Wavelet absolute mean_7,accx_Wavelet absolute mean_8,accx_Wavelet energy_0,accx_Wavelet energy_1,accx_Wavelet energy_2,accx_Wavelet energy_3,accx_Wavelet standard deviation_2,accy_LPCC_0,accy_LPCC_2,accy_LPCC_6,accy_LPCC_8,accy_LPCC_9,accy_Median diff,accy_Signal distance,accy_Skewness,accy_Slope,accy_Spectral roll-on,accy_Spectral skewness,accy_Spectral slope,accy_Wavelet absolute mean_0,accz_Histogram_2
0.3436775299693444,0.179301247014,0.0344366262494333,100.0,400.0,6.273480663775536e-07,0.2993170616512447,0.13,-29.56328732343598,25.740750331195787,41.35099450179732,-59.78313265813281,61.90554574669819,-9.590554865231272,0.4621786094757514,0.0038685665743486,2.4000000000000004,499.0079807219568,2.0146075539310457,-0.8194905976625432,-5087.977220052928,0.5772317184140106,4.932374901738348,71.0,18.1,0.0,1.579539120166099,-0.0005958794858356,5.757363188143083,0.1257220778642412,0.0195685880163218,1.9304147206,0.0003829296369525,0.0001453137270626,0.0004177920997825,0.0007565611655927,0.0015634043067125,0.0019864050933756,0.0024240188488802,0.0028797642335558,0.0033520913093554,0.0073220092523821,0.0136367796013251,0.0175861858764337,0.0199018470821871,0.0175699046350056,0.6169954297770107,1.120588964804788,0.8319253099747083,0.900453725878662,0.9753802695551764,0.0002545999999999,499.0187644852256,-1.261347555863945,1.733461518005877e-05,0.0,5.197980589790391,-0.0009059070231119,0.0032459549950615,0.0
