accx_Absolute energy,accx_Area under the curve,accx_Average power,accx_ECDF Percentile Count_0,accx_ECDF Percentile Count_1,accx_FFT mean coefficient_89,accx_LPCC_8,accx_Lempel-Ziv complexity,accx_MFCC_1,accx_MFCC_10,accx_MFCC_11,accx_MFCC_3,accx_MFCC_5,accx_MFCC_8,accx_Maximum fractal length,accx_Mean absolute diff,accx_Median frequency,accx_Signal distance,accx_Skewness,accx_Spectral decrease,accx_Spectral distance,accx_Spectral entropy,accx_Spectral kurtosis,accx_Spectral positive turning points,accx_Spectral roll-off,accx_Spectral roll-on,accx_Spectral skewness,accx_Spectral slope,accx_Spectral spread,accx_Spectral variation,accx_Standard deviation,accx_Sum absolute diff,accx_Variance,accx_Wavelet absolute mean_0,accx_Wavelet absolute mean_1,accx_Wavelet absolute mean_2,accx_Wavelet absolute mean_4,accx_Wavelet absolute mean_5,accx_Wavelet absolute mean_6,accx_Wavelet absolute mean_7,accx_Wavelet absolute mean_8,accx_Wavelet energy_0,accx_Wavelet energy_1,accx_Wavelet energy_2,accx_Wavelet energy_3,accx_Wavelet standard deviation_2,accy_LPCC_0,accy_LPCC_2,accy_LPCC_6,accy_LPCC_8,accy_LPCC_9,accy_Median diff,accy_Signal distance,accy_Skewness,accy_Slope,accy_Spectral roll-on,accy_Spectral skewness,accy_Spectral slope,accy_Wavelet absolute mean_0,accz_Histogram_2
0.0889355129901322,0.10655786967064,0.0089113740471074,100.0,400.0,1.7232895118744013e-08,0.4846736134766375,0.122,-104.77575362691054,84.27718469447201,90.58406602068402,-93.0133217340845,-28.5882909732898,-23.48455605065675,-0.0272521810685306,0.0018460417714148,1.1,499.0014311942689,0.4620308984225946,-1.4071636469558662,-2009.5043844833915,0.3411156236105681,4.465505646153024,73.0,15.7,0.0,1.4851936119065046,-0.000646796607412,5.228965656414648,0.4130752999817371,0.0092709163569361,0.921174843936,8.594989009730658e-05,2.9664739905438973e-05,7.257748351399221e-05,0.0001177783757896,0.0002639073047134,0.0003752087744179,0.000508212049422,0.0006573665628683,0.0008188705213056,0.0025867472747197,0.0051163793837817,0.0066410189883453,0.0065824774851495,0.0066399745073125,0.6177675167533869,1.1081981983534608,0.847034899431278,0.8916391705816633,0.9705771290396332,-7.329999999999837e-05,499.00095479733807,0.0793729950648776,-2.9460240557762718e-05,0.0,5.107021516678637,-0.000897406290867,0.0007236877775527,0.0
