accx_Absolute energy,accx_Area under the curve,accx_Average power,accx_ECDF Percentile Count_0,accx_ECDF Percentile Count_1,accx_FFT mean coefficient_89,accx_LPCC_8,accx_Lempel-Ziv complexity,accx_MFCC_1,accx_MFCC_10,accx_MFCC_11,accx_MFCC_3,accx_MFCC_5,accx_MFCC_8,accx_Maximum fractal length,accx_Mean absolute diff,accx_Median frequency,accx_Signal distance,accx_Skewness,accx_Spectral decrease,accx_Spectral distance,accx_Spectral entropy,accx_Spectral kurtosis,accx_Spectral positive turning points,accx_Spectral roll-off,accx_Spectral roll-on,accx_Spectral skewness,accx_Spectral slope,accx_Spectral spread,accx_Spectral variation,accx_Standard deviation,accx_Sum absolute diff,accx_Variance,accx_Wavelet absolute mean_0,accx_Wavelet absolute mean_1,accx_Wavelet absolute mean_2,accx_Wavelet absolute mean_4,accx_Wavelet absolute mean_5,accx_Wavelet absolute mean_6,accx_Wavelet absolute mean_7,accx_Wavelet absolute mean_8,accx_Wavelet energy_0,accx_Wavelet energy_1,accx_Wavelet energy_2,accx_Wavelet energy_3,accx_Wavelet standard deviation_2,accy_LPCC_0,accy_LPCC_2,accy_LPCC_6,accy_LPCC_8,accy_LPCC_9,accy_Median diff,accy_Signal distance,accy_Skewness,accy_Slope,accy_Spectral roll-on,accy_Spectral skewness,accy_Spectral slope,accy_Wavelet absolute mean_0,accz_Histogram_2
446.39322211871854,9.429796766,44.72877977141468,100.0,400.0,6.488077509098686e-07,0.897103781072651,0.184,0.3003322272970112,-2.361583778821076,-2.28178693116274,1.4583280816553512,3.20231626640373,-5.202482869549524,0.1831424020389802,0.0023650625250501,0.0,499.0023566485178,-0.1629302627810529,-235.7519224577711,-59670.108701537305,0.7830240831977322,85.1249301735809,78.0,0.0,0.0,8.580410669257331,-0.000930511959704,1.731474458176804,0.6704415669262669,0.0030646370775146,1.1801662,9.39200041687743e-06,0.0031106092347125,0.0092097430804578,0.0170000296150409,0.0366462030481885,0.0481891137198011,0.0607387884848637,0.0742196483455336,0.0885704949198946,0.0369463158924891,0.070306954251392,0.1042528887128366,0.1384531416004333,0.1028574926685403,0.7199657360253011,0.7104089674316244,1.0899351508400812,0.7839353897717448,0.4791578104885698,-0.0002167,499.0019933667856,0.1967094941600149,1.681779334957339e-05,0.0,1.5390858996333443,-0.0006604435958077,8.77734306931617e-05,0.0
