accx_Absolute energy,accx_Area under the curve,accx_Average power,accx_ECDF Percentile Count_0,accx_ECDF Percentile Count_1,accx_FFT mean coefficient_89,accx_LPCC_8,accx_Lempel-Ziv complexity,accx_MFCC_1,accx_MFCC_10,accx_MFCC_11,accx_MFCC_3,accx_MFCC_5,accx_MFCC_8,accx_Maximum fractal length,accx_Mean absolute diff,accx_Median frequency,accx_Signal distance,accx_Skewness,accx_Spectral decrease,accx_Spectral distance,accx_Spectral entropy,accx_Spectral kurtosis,accx_Spectral positive turning points,accx_Spectral roll-off,accx_Spectral roll-on,accx_Spectral skewness,accx_Spectral slope,accx_Spectral spread,accx_Spectral variation,accx_Standard deviation,accx_Sum absolute diff,accx_Variance,accx_Wavelet absolute mean_0,accx_Wavelet absolute mean_1,accx_Wavelet absolute mean_2,accx_Wavelet absolute mean_4,accx_Wavelet absolute mean_5,accx_Wavelet absolute mean_6,accx_Wavelet absolute mean_7,accx_Wavelet absolute mean_8,accx_Wavelet energy_0,accx_Wavelet energy_1,accx_Wavelet energy_2,accx_Wavelet energy_3,accx_Wavelet standard deviation_2,accy_LPCC_0,accy_LPCC_2,accy_LPCC_6,accy_LPCC_8,accy_LPCC_9,accy_Median diff,accy_Signal distance,accy_Skewness,accy_Slope,accy_Spectral roll-on,accy_Spectral skewness,accy_Spectral slope,accy_Wavelet absolute mean_0,accz_Histogram_2
257.68940564651257,7.164603482,25.82058172810747,100.0,400.0,1.253355464613845e-06,0.8981204602894024,0.138,-1.0649975642119769,-3.1147621930297547,2.019233646786324,7.797120206928562,3.543885911779717,-10.413628272943628,-0.020077801138748,0.0018131374749499,0.0,499.0014219629268,-0.3820793239550391,-141.11023206991442,-45902.818404131,0.6065759520618167,81.84378972660657,83.0,0.0,0.0,8.427883383148664,-0.0009264910562459,1.9505473584202828,0.5257689823328278,0.0048396682501842,0.9047556000000002,2.3422388771841773e-05,0.0023375908436265,0.0069215868202165,0.0128300217053971,0.0277739686805321,0.0365377688047708,0.0460620237698562,0.0562946618006748,0.067192348868139,0.0277350394253642,0.0521074048415614,0.0786238621078312,0.1050307220708305,0.0775699828270594,0.6238888548392003,1.1157701078017714,0.8674806964375223,0.7966459444939584,0.8974504998428108,2.4999999999997247e-05,499.0015424094256,-0.0313081910946553,1.109299195276792e-05,0.0,2.84580949028971,-0.0007981719106924,0.0003237428877562,0.0
