accx_Absolute energy,accx_Area under the curve,accx_Average power,accx_ECDF Percentile Count_0,accx_ECDF Percentile Count_1,accx_FFT mean coefficient_89,accx_LPCC_8,accx_Lempel-Ziv complexity,accx_MFCC_1,accx_MFCC_10,accx_MFCC_11,accx_MFCC_3,accx_MFCC_5,accx_MFCC_8,accx_Maximum fractal length,accx_Mean absolute diff,accx_Median frequency,accx_Signal distance,accx_Skewness,accx_Spectral decrease,accx_Spectral distance,accx_Spectral entropy,accx_Spectral kurtosis,accx_Spectral positive turning points,accx_Spectral roll-off,accx_Spectral roll-on,accx_Spectral skewness,accx_Spectral slope,accx_Spectral spread,accx_Spectral variation,accx_Standard deviation,accx_Sum absolute diff,accx_Variance,accx_Wavelet absolute mean_0,accx_Wavelet absolute mean_1,accx_Wavelet absolute mean_2,accx_Wavelet absolute mean_4,accx_Wavelet absolute mean_5,accx_Wavelet absolute mean_6,accx_Wavelet absolute mean_7,accx_Wavelet absolute mean_8,accx_Wavelet energy_0,accx_Wavelet energy_1,accx_Wavelet energy_2,accx_Wavelet energy_3,accx_Wavelet standard deviation_2,accy_LPCC_0,accy_LPCC_2,accy_LPCC_6,accy_LPCC_8,accy_LPCC_9,accy_Median diff,accy_Signal distance,accy_Skewness,accy_Slope,accy_Spectral roll-on,accy_Spectral skewness,accy_Spectral slope,accy_Wavelet absolute mean_0,accz_Histogram_2
453.8695709801056,9.508052377000002,45.47791292385827,100.0,400.0,7.90234422986604e-06,0.8935692629296398,0.124,0.074429330099277,-2.5220796847368145,-0.6237487423978418,1.3748970270039416,-0.1410811742884491,-6.12355987483455,0.4070334813016498,0.0039884719438877,0.0,499.0075300014991,0.2268002575089487,-99.22265520195786,-61183.55054923167,0.5252272859411934,48.10646555894253,79.0,0.4,0.0,6.390491533565682,-0.0009145160435301,2.3602416283002703,0.3018956093912079,0.0094035345570122,1.9902475,8.8426462164924e-05,0.0031373639789217,0.0092897597742133,0.0171544131885008,0.0369588720794954,0.0485861096143176,0.0612263050683694,0.0748046657405075,0.0892603683188431,0.0376120573625927,0.0715150482759175,0.1058245025508335,0.1401424459578154,0.1044248602981568,0.3756084914762045,0.6951641910368208,0.5083739094602895,0.4011323602469012,0.4576407891082228,0.0,499.0036844947704,-0.5686229282111381,-3.30619968319873e-05,0.0,1.5443941721273828,-0.0005968511366689,4.6306667935348165e-05,0.0
