accx_Absolute energy,accx_Area under the curve,accx_Average power,accx_ECDF Percentile Count_0,accx_ECDF Percentile Count_1,accx_FFT mean coefficient_89,accx_LPCC_8,accx_Lempel-Ziv complexity,accx_MFCC_1,accx_MFCC_10,accx_MFCC_11,accx_MFCC_3,accx_MFCC_5,accx_MFCC_8,accx_Maximum fractal length,accx_Mean absolute diff,accx_Median frequency,accx_Signal distance,accx_Skewness,accx_Spectral decrease,accx_Spectral distance,accx_Spectral entropy,accx_Spectral kurtosis,accx_Spectral positive turning points,accx_Spectral roll-off,accx_Spectral roll-on,accx_Spectral skewness,accx_Spectral slope,accx_Spectral spread,accx_Spectral variation,accx_Standard deviation,accx_Sum absolute diff,accx_Variance,accx_Wavelet absolute mean_0,accx_Wavelet absolute mean_1,accx_Wavelet absolute mean_2,accx_Wavelet absolute mean_4,accx_Wavelet absolute mean_5,accx_Wavelet absolute mean_6,accx_Wavelet absolute mean_7,accx_Wavelet absolute mean_8,accx_Wavelet energy_0,accx_Wavelet energy_1,accx_Wavelet energy_2,accx_Wavelet energy_3,accx_Wavelet standard deviation_2,accy_LPCC_0,accy_LPCC_2,accy_LPCC_6,accy_LPCC_8,accy_LPCC_9,accy_Median diff,accy_Signal distance,accy_Skewness,accy_Slope,accy_Spectral roll-on,accy_Spectral skewness,accy_Spectral slope,accy_Wavelet absolute mean_0,accz_Histogram_2
297.47305167335605,7.697556144,29.8069190053463,100.0,400.0,6.242283688075038e-08,0.9070849115792684,0.134,2.101763394625092,-5.546759778485744,9.60546997745278,4.191274086372793,-8.133810041257357,-4.686534690298263,0.057902748597369,0.0021156737474949,0.0,499.00227950143,-1.9003789867448009,-111.8210388282681,-49722.03311451255,0.4659887560025853,71.07210864727048,73.0,0.1,0.0,7.83802744690229,-0.0009240924033387,2.034739683498929,0.3810130303474929,0.0082647765557087,1.0557212000000002,6.830653151579265e-05,0.0025108704638243,0.0074491857915467,0.0137791248937657,0.0296669293872801,0.0389748513727504,0.049087723956649,0.0599458637700357,0.0714983698743494,0.0297122881998228,0.0570598132897885,0.0852811290013234,0.1130516248018053,0.0841606005260322,0.5023963752824974,1.0178329825792392,0.8008454369188481,0.7385371426334008,0.6956968150624692,9.999999999999593e-05,499.0024974988344,-2.632756217940296,2.3355558043032183e-05,0.0,2.0149299016742086,-0.0006898679529881,0.0001537244776035,0.0
