accx_Absolute energy,accx_Area under the curve,accx_Average power,accx_ECDF Percentile Count_0,accx_ECDF Percentile Count_1,accx_FFT mean coefficient_89,accx_LPCC_8,accx_Lempel-Ziv complexity,accx_MFCC_1,accx_MFCC_10,accx_MFCC_11,accx_MFCC_3,accx_MFCC_5,accx_MFCC_8,accx_Maximum fractal length,accx_Mean absolute diff,accx_Median frequency,accx_Signal distance,accx_Skewness,accx_Spectral decrease,accx_Spectral distance,accx_Spectral entropy,accx_Spectral kurtosis,accx_Spectral positive turning points,accx_Spectral roll-off,accx_Spectral roll-on,accx_Spectral skewness,accx_Spectral slope,accx_Spectral spread,accx_Spectral variation,accx_Standard deviation,accx_Sum absolute diff,accx_Variance,accx_Wavelet absolute mean_0,accx_Wavelet absolute mean_1,accx_Wavelet absolute mean_2,accx_Wavelet absolute mean_4,accx_Wavelet absolute mean_5,accx_Wavelet absolute mean_6,accx_Wavelet absolute mean_7,accx_Wavelet absolute mean_8,accx_Wavelet energy_0,accx_Wavelet energy_1,accx_Wavelet energy_2,accx_Wavelet energy_3,accx_Wavelet standard deviation_2,accy_LPCC_0,accy_LPCC_2,accy_LPCC_6,accy_LPCC_8,accy_LPCC_9,accy_Median diff,accy_Signal distance,accy_Skewness,accy_Slope,accy_Spectral roll-on,accy_Spectral skewness,accy_Spectral slope,accy_Wavelet absolute mean_0,accz_Histogram_2
465.2475749061372,9.626931868000002,46.61799347756886,100.0,400.0,6.364479228388027e-08,0.8993455098866743,0.186,0.5718982057731233,-4.4800678625472266,-3.1281269711093564,4.613451086193985,-1.1506956360071532,-3.2889165891710848,0.1365866252549113,0.0023897947895791,0.0,499.0030107109403,0.5817736472617532,-204.0984791632878,-60799.94576526828,0.8332015559326698,70.47598459856147,80.0,0.0,0.0,7.952755946454305,-0.0009250824982986,2.1574849342342746,0.6671551916086269,0.0032286777488564,1.1925076000000003,1.0424360005960747e-05,0.0031593006414562,0.0093454565591255,0.017284682627544,0.0372987392137064,0.049046176106821,0.0618150468023569,0.0755315884841667,0.0901361903376378,0.0375085969055005,0.0710005128738676,0.1059284545063392,0.1409613714116533,0.1045087423164524,0.6059986492256734,0.6266967637751205,1.0608294575998367,0.6212329432005019,0.3841087998708066,-0.0001,499.0020446102504,-0.0590161211334265,3.238058056232622e-07,0.0,1.0270703825244574,-0.0004987115661884,5.400046335466596e-05,0.0
