accx_Absolute energy,accx_Area under the curve,accx_Average power,accx_ECDF Percentile Count_0,accx_ECDF Percentile Count_1,accx_FFT mean coefficient_89,accx_LPCC_8,accx_Lempel-Ziv complexity,accx_MFCC_1,accx_MFCC_10,accx_MFCC_11,accx_MFCC_3,accx_MFCC_5,accx_MFCC_8,accx_Maximum fractal length,accx_Mean absolute diff,accx_Median frequency,accx_Signal distance,accx_Skewness,accx_Spectral decrease,accx_Spectral distance,accx_Spectral entropy,accx_Spectral kurtosis,accx_Spectral positive turning points,accx_Spectral roll-off,accx_Spectral roll-on,accx_Spectral skewness,accx_Spectral slope,accx_Spectral spread,accx_Spectral variation,accx_Standard deviation,accx_Sum absolute diff,accx_Variance,accx_Wavelet absolute mean_0,accx_Wavelet absolute mean_1,accx_Wavelet absolute mean_2,accx_Wavelet absolute mean_4,accx_Wavelet absolute mean_5,accx_Wavelet absolute mean_6,accx_Wavelet absolute mean_7,accx_Wavelet absolute mean_8,accx_Wavelet energy_0,accx_Wavelet energy_1,accx_Wavelet energy_2,accx_Wavelet energy_3,accx_Wavelet standard deviation_2,accy_LPCC_0,accy_LPCC_2,accy_LPCC_6,accy_LPCC_8,accy_LPCC_9,accy_Median diff,accy_Signal distance,accy_Skewness,accy_Slope,accy_Spectral roll-on,accy_Spectral skewness,accy_Spectral slope,accy_Wavelet absolute mean_0,accz_Histogram_2
230.7690851629069,6.780037428,23.12315482594257,100.0,400.0,1.0843057431339732e-07,0.8882842314980981,0.164,-0.0391577075952884,-8.382904060670821,-7.244153700273923,5.284000477941058,7.943499216204183,1.3498446270848576,-0.0136423460989323,0.0019029002004007,0.0,499.0018443134074,0.33322930841472,-149.52416507138776,-43208.83342254929,0.6782706565062515,64.94138154253314,80.0,0.0,0.0,7.534594466881631,-0.0009237021678909,2.078742779107399,0.9083677659050292,0.0037705162419976,0.9495471999999988,1.4216792731168168e-05,0.0022236725472952,0.0065856975061476,0.0121866852982521,0.0263302191456813,0.0346267566210682,0.0436453040853214,0.0533351980445746,0.0636531488020896,0.0265695033991161,0.0498170904540404,0.0747913273598505,0.0997089945143398,0.0737917837546274,0.3164902756769684,0.4815124215361197,0.8354218697056357,0.4506406676595212,0.4523961422243242,-7.499999999999998e-05,499.0012342551405,-2.007987642646244,1.4863213094452396e-05,0.0,1.19292103553646,-0.0005370099795295,5.80355840499349e-05,0.0
