accx_Absolute energy,accx_Area under the curve,accx_Average power,accx_ECDF Percentile Count_0,accx_ECDF Percentile Count_1,accx_FFT mean coefficient_89,accx_LPCC_8,accx_Lempel-Ziv complexity,accx_MFCC_1,accx_MFCC_10,accx_MFCC_11,accx_MFCC_3,accx_MFCC_5,accx_MFCC_8,accx_Maximum fractal length,accx_Mean absolute diff,accx_Median frequency,accx_Signal distance,accx_Skewness,accx_Spectral decrease,accx_Spectral distance,accx_Spectral entropy,accx_Spectral kurtosis,accx_Spectral positive turning points,accx_Spectral roll-off,accx_Spectral roll-on,accx_Spectral skewness,accx_Spectral slope,accx_Spectral spread,accx_Spectral variation,accx_Standard deviation,accx_Sum absolute diff,accx_Variance,accx_Wavelet absolute mean_0,accx_Wavelet absolute mean_1,accx_Wavelet absolute mean_2,accx_Wavelet absolute mean_4,accx_Wavelet absolute mean_5,accx_Wavelet absolute mean_6,accx_Wavelet absolute mean_7,accx_Wavelet absolute mean_8,accx_Wavelet energy_0,accx_Wavelet energy_1,accx_Wavelet energy_2,accx_Wavelet energy_3,accx_Wavelet standard deviation_2,accy_LPCC_0,accy_LPCC_2,accy_LPCC_6,accy_LPCC_8,accy_LPCC_9,accy_Median diff,accy_Signal distance,accy_Skewness,accy_Slope,accy_Spectral roll-on,accy_Spectral skewness,accy_Spectral slope,accy_Wavelet absolute mean_0,accz_Histogram_2
254.42536339946787,7.118296642000001,25.493523386720227,100.0,400.0,2.91337064514165e-07,0.8364771885425102,0.138,36.24377974092642,-0.1465160798816956,17.197579839372267,-46.37113702742308,36.664252798745984,-17.33158841345488,0.1649265008478473,0.0031690761523046,0.0,499.0238586812046,2.944595951187956,-47.077393676611216,-45806.17814643838,0.8208921501602515,17.45363181623909,70.0,10.5,0.0,3.827458378071461,-0.0008592244002352,4.0764805541380245,0.6196270620218343,0.0101065063034632,1.5813689999999974,0.0001021414696619,0.0023554116088638,0.0070394874043987,0.0128487867983368,0.0274121225946618,0.0360027975345732,0.0453665931794568,0.0554492672499407,0.0662076052382536,0.029109825094319,0.0565418045544626,0.0792606936484037,0.1034669821846197,0.0782123151136506,0.6177562854410265,1.0313096698517696,0.7297356403032104,0.7647173922971402,1.025023357508101,1.6700000000001436e-05,499.0081051690726,-1.4569344516707865,-1.157824747938979e-05,0.0,1.5605066131963017,-0.0006181147727344,0.0002661471569112,0.0
