accx_Absolute energy,accx_Area under the curve,accx_Average power,accx_ECDF Percentile Count_0,accx_ECDF Percentile Count_1,accx_FFT mean coefficient_89,accx_LPCC_8,accx_Lempel-Ziv complexity,accx_MFCC_1,accx_MFCC_10,accx_MFCC_11,accx_MFCC_3,accx_MFCC_5,accx_MFCC_8,accx_Maximum fractal length,accx_Mean absolute diff,accx_Median frequency,accx_Signal distance,accx_Skewness,accx_Spectral decrease,accx_Spectral distance,accx_Spectral entropy,accx_Spectral kurtosis,accx_Spectral positive turning points,accx_Spectral roll-off,accx_Spectral roll-on,accx_Spectral skewness,accx_Spectral slope,accx_Spectral spread,accx_Spectral variation,accx_Standard deviation,accx_Sum absolute diff,accx_Variance,accx_Wavelet absolute mean_0,accx_Wavelet absolute mean_1,accx_Wavelet absolute mean_2,accx_Wavelet absolute mean_4,accx_Wavelet absolute mean_5,accx_Wavelet absolute mean_6,accx_Wavelet absolute mean_7,accx_Wavelet absolute mean_8,accx_Wavelet energy_0,accx_Wavelet energy_1,accx_Wavelet energy_2,accx_Wavelet energy_3,accx_Wavelet standard deviation_2,accy_LPCC_0,accy_LPCC_2,accy_LPCC_6,accy_LPCC_8,accy_LPCC_9,accy_Median diff,accy_Signal distance,accy_Skewness,accy_Slope,accy_Spectral roll-on,accy_Spectral skewness,accy_Spectral slope,accy_Wavelet absolute mean_0,accz_Histogram_2
512.0601318548829,9.759674074,51.30863044638105,100.0,400.0,8.914396515237879e-05,0.5994206698953584,0.148,-44.047400473275694,0.6479689136780923,20.22153849687689,-18.800746588007,37.380930962935935,-84.13878635233041,2.015743639703414,0.1027707647294589,1.9,503.307775833633,0.1933209848451745,-4.28389082493248,-102439.15656304469,0.505640828929381,5.336539772034106,79.0,14.6,0.0,1.5978671701059608,-0.0006546657784993,5.073407761132196,0.8565032601415524,0.2600528341610302,51.2826116,0.0676274765551842,0.0032070710457628,0.0087019985484607,0.0161223433077092,0.0377606370929724,0.0505685616625053,0.0641196858052444,0.0783726849019182,0.0933541161170328,0.1599805899560549,0.2951913395225591,0.4206151947465659,0.5920619592407453,0.4203060933390805,0.1407583668868889,0.2284065839229187,0.232097058078085,0.0369666525780561,0.0165224257265607,0.0011666999999999,500.5830557359389,0.679082624005574,-4.101997153108623e-05,0.0,1.1862113822085447,-0.0004614279555165,0.0001613177282889,4.0
