accx_Absolute energy,accx_Area under the curve,accx_Average power,accx_ECDF Percentile Count_0,accx_ECDF Percentile Count_1,accx_FFT mean coefficient_89,accx_LPCC_8,accx_Lempel-Ziv complexity,accx_MFCC_1,accx_MFCC_10,accx_MFCC_11,accx_MFCC_3,accx_MFCC_5,accx_MFCC_8,accx_Maximum fractal length,accx_Mean absolute diff,accx_Median frequency,accx_Signal distance,accx_Skewness,accx_Spectral decrease,accx_Spectral distance,accx_Spectral entropy,accx_Spectral kurtosis,accx_Spectral positive turning points,accx_Spectral roll-off,accx_Spectral roll-on,accx_Spectral skewness,accx_Spectral slope,accx_Spectral spread,accx_Spectral variation,accx_Standard deviation,accx_Sum absolute diff,accx_Variance,accx_Wavelet absolute mean_0,accx_Wavelet absolute mean_1,accx_Wavelet absolute mean_2,accx_Wavelet absolute mean_4,accx_Wavelet absolute mean_5,accx_Wavelet absolute mean_6,accx_Wavelet absolute mean_7,accx_Wavelet absolute mean_8,accx_Wavelet energy_0,accx_Wavelet energy_1,accx_Wavelet energy_2,accx_Wavelet energy_3,accx_Wavelet standard deviation_2,accy_LPCC_0,accy_LPCC_2,accy_LPCC_6,accy_LPCC_8,accy_LPCC_9,accy_Median diff,accy_Signal distance,accy_Skewness,accy_Slope,accy_Spectral roll-on,accy_Spectral skewness,accy_Spectral slope,accy_Wavelet absolute mean_0,accz_Histogram_2
501.3899104970263,9.822882168,50.23946998968199,100.0,400.0,0.000258954312407,0.5713550433204047,0.152,-18.718877760401124,-43.70325244958045,-58.77018220369018,-85.2804747004745,79.3711655959762,-64.89231807561278,1.8480064581857307,0.0680563695390781,0.0,500.9249418310041,0.2093323129855269,-6.819384732588371,-89781.73932333972,0.3988132944818099,7.365093015222369,79.0,10.9,0.0,1.9627071894183832,-0.0007288029002894,4.396281550885373,0.9216300232026624,0.185936248980946,33.9601284,0.0345722886851043,0.0026803831527188,0.0084703351214495,0.0169607677068694,0.0400994726259938,0.0538385088040446,0.0684700490042057,0.0836736384585788,0.0992584372992053,0.1080517087037265,0.2080086532400218,0.2856352804506668,0.4178613491472069,0.2851312781806386,0.1083168707473702,0.0664616096811867,0.0252602153969849,0.0001537931390243,0.2831652493113695,-0.0012532999999999,499.4842283033728,0.1542361546699164,1.9963249636998524e-05,0.8,1.221484145498835,-0.0004199541677855,0.0001974338287311,25.0
