accx_Absolute energy,accx_Area under the curve,accx_Average power,accx_ECDF Percentile Count_0,accx_ECDF Percentile Count_1,accx_FFT mean coefficient_89,accx_LPCC_8,accx_Lempel-Ziv complexity,accx_MFCC_1,accx_MFCC_10,accx_MFCC_11,accx_MFCC_3,accx_MFCC_5,accx_MFCC_8,accx_Maximum fractal length,accx_Mean absolute diff,accx_Median frequency,accx_Signal distance,accx_Skewness,accx_Spectral decrease,accx_Spectral distance,accx_Spectral entropy,accx_Spectral kurtosis,accx_Spectral positive turning points,accx_Spectral roll-off,accx_Spectral roll-on,accx_Spectral skewness,accx_Spectral slope,accx_Spectral spread,accx_Spectral variation,accx_Standard deviation,accx_Sum absolute diff,accx_Variance,accx_Wavelet absolute mean_0,accx_Wavelet absolute mean_1,accx_Wavelet absolute mean_2,accx_Wavelet absolute mean_4,accx_Wavelet absolute mean_5,accx_Wavelet absolute mean_6,accx_Wavelet absolute mean_7,accx_Wavelet absolute mean_8,accx_Wavelet energy_0,accx_Wavelet energy_1,accx_Wavelet energy_2,accx_Wavelet energy_3,accx_Wavelet standard deviation_2,accy_LPCC_0,accy_LPCC_2,accy_LPCC_6,accy_LPCC_8,accy_LPCC_9,accy_Median diff,accy_Signal distance,accy_Skewness,accy_Slope,accy_Spectral roll-on,accy_Spectral skewness,accy_Spectral slope,accy_Wavelet absolute mean_0,accz_Histogram_2
494.0772065112495,9.766971318,49.50673411936368,100.0,400.0,5.052035378856843e-05,0.6535143816149241,0.144,-35.394295112692944,-17.889285882536246,27.827530314744404,-38.670955008946834,45.3693371705978,-63.04412000099359,1.8195558949685464,0.0671219671342685,0.2,500.8495184872165,0.0191901776679418,-5.992323655900843,-91109.00469348596,0.5297272322551421,6.4136720848153015,76.0,14.4,0.0,1.8986580653139773,-0.0006984954548002,5.014754352912649,0.8832233759086011,0.1748711310511157,33.4938616,0.0305799124750964,0.0029578347951251,0.00882588444011,0.0160649487125626,0.0352231181363699,0.0469691251431092,0.0600077471687913,0.0742169516336655,0.0894563924235731,0.1050669359311312,0.1956615998331902,0.272031465696498,0.3852140855919319,0.2715566897571254,0.1678321397308664,0.292646842888787,0.2160193910674338,0.1124438319849189,0.1330573960067115,-0.002125,499.94990811359753,0.672479660349986,3.445249204996605e-06,0.0,1.332128561143488,-0.0004855722420642,0.0004277612066404,6.0
