accx_Absolute energy,accx_Area under the curve,accx_Average power,accx_ECDF Percentile Count_0,accx_ECDF Percentile Count_1,accx_FFT mean coefficient_89,accx_LPCC_8,accx_Lempel-Ziv complexity,accx_MFCC_1,accx_MFCC_10,accx_MFCC_11,accx_MFCC_3,accx_MFCC_5,accx_MFCC_8,accx_Maximum fractal length,accx_Mean absolute diff,accx_Median frequency,accx_Signal distance,accx_Skewness,accx_Spectral decrease,accx_Spectral distance,accx_Spectral entropy,accx_Spectral kurtosis,accx_Spectral positive turning points,accx_Spectral roll-off,accx_Spectral roll-on,accx_Spectral skewness,accx_Spectral slope,accx_Spectral spread,accx_Spectral variation,accx_Standard deviation,accx_Sum absolute diff,accx_Variance,accx_Wavelet absolute mean_0,accx_Wavelet absolute mean_1,accx_Wavelet absolute mean_2,accx_Wavelet absolute mean_4,accx_Wavelet absolute mean_5,accx_Wavelet absolute mean_6,accx_Wavelet absolute mean_7,accx_Wavelet absolute mean_8,accx_Wavelet energy_0,accx_Wavelet energy_1,accx_Wavelet energy_2,accx_Wavelet energy_3,accx_Wavelet standard deviation_2,accy_LPCC_0,accy_LPCC_2,accy_LPCC_6,accy_LPCC_8,accy_LPCC_9,accy_Median diff,accy_Signal distance,accy_Skewness,accy_Slope,accy_Spectral roll-on,accy_Spectral skewness,accy_Spectral slope,accy_Wavelet absolute mean_0,accz_Histogram_2
506.2209562074351,9.796204160000002,50.72354270615581,100.0,400.0,0.0008439351007122,0.6520925220173728,0.134,-40.80089022469355,-63.83642496486902,23.32713652819546,-19.07485748717016,75.92860505160188,-111.20270354147856,1.9274890290469584,0.0816497126252504,1.6,501.6437415119207,-0.0373355580510346,-5.352700245462212,-94838.53554781296,0.4293316283820438,6.030957443271342,80.0,14.9,0.0,1.8084707368522517,-0.0006838387944015,5.065822001129034,0.8938915810820023,0.2224849891009561,40.74320659999999,0.0494995703752525,0.0030098063593697,0.0095254888175991,0.0180386072343359,0.0394762992225931,0.0517460214648369,0.0648470745793548,0.0787591240297979,0.0934826088660018,0.1160635832011165,0.2346137329197022,0.3704145467817259,0.5406426984767813,0.3699750601277832,0.1533351587771081,0.2682895282897938,0.3828780950073108,0.0088709364267085,0.0315919599331824,-0.0029499999999999,500.0339718355189,0.5472035007870583,-4.031382952731815e-05,0.0,1.3102112385802758,-0.0004940706232724,0.0004484989832677,9.0
