accx_Absolute energy,accx_Area under the curve,accx_Average power,accx_ECDF Percentile Count_0,accx_ECDF Percentile Count_1,accx_FFT mean coefficient_89,accx_LPCC_8,accx_Lempel-Ziv complexity,accx_MFCC_1,accx_MFCC_10,accx_MFCC_11,accx_MFCC_3,accx_MFCC_5,accx_MFCC_8,accx_Maximum fractal length,accx_Mean absolute diff,accx_Median frequency,accx_Signal distance,accx_Skewness,accx_Spectral decrease,accx_Spectral distance,accx_Spectral entropy,accx_Spectral kurtosis,accx_Spectral positive turning points,accx_Spectral roll-off,accx_Spectral roll-on,accx_Spectral skewness,accx_Spectral slope,accx_Spectral spread,accx_Spectral variation,accx_Standard deviation,accx_Sum absolute diff,accx_Variance,accx_Wavelet absolute mean_0,accx_Wavelet absolute mean_1,accx_Wavelet absolute mean_2,accx_Wavelet absolute mean_4,accx_Wavelet absolute mean_5,accx_Wavelet absolute mean_6,accx_Wavelet absolute mean_7,accx_Wavelet absolute mean_8,accx_Wavelet energy_0,accx_Wavelet energy_1,accx_Wavelet energy_2,accx_Wavelet energy_3,accx_Wavelet standard deviation_2,accy_LPCC_0,accy_LPCC_2,accy_LPCC_6,accy_LPCC_8,accy_LPCC_9,accy_Median diff,accy_Signal distance,accy_Skewness,accy_Slope,accy_Spectral roll-on,accy_Spectral skewness,accy_Spectral slope,accy_Wavelet absolute mean_0,accz_Histogram_2
513.8063741894846,9.758133202000002,51.48360462820487,100.0,400.0,0.0002436851209062,0.7106067029811803,0.142,-33.46613787355844,-3.795285615299973,-43.82885966992113,-39.97177717094729,-24.80519444601565,-22.605020618728314,1.9940957430347412,0.0927543450901803,1.8,502.41420347318615,-0.0321168830585194,-4.860395722563456,-97811.71854824762,0.3646145948380939,5.831321072718965,86.0,15.3,0.0,1.7827675310252775,-0.0006721842691165,5.193648083812434,0.9015167291595996,0.269030032418757,46.284418200000005,0.0723771583432374,0.0027193401896095,0.0094164131555536,0.0185411689738587,0.0411833778621155,0.0541721197668161,0.0677423566792108,0.0816896249786014,0.0960444845767395,0.1249669971221584,0.2864087368890324,0.4413317583283205,0.6430284486172239,0.4409421118040892,0.1426070162326718,0.4190099166962696,0.0369970686648409,0.0551015418503147,0.153495542974045,-0.0003249999999999,500.15448863893744,0.6025854764739931,6.466354978219906e-05,0.0,1.2948948275007903,-0.0004958144140996,0.00024920932343,11.0
