accx_Absolute energy,accx_Area under the curve,accx_Average power,accx_ECDF Percentile Count_0,accx_ECDF Percentile Count_1,accx_FFT mean coefficient_89,accx_LPCC_8,accx_Lempel-Ziv complexity,accx_MFCC_1,accx_MFCC_10,accx_MFCC_11,accx_MFCC_3,accx_MFCC_5,accx_MFCC_8,accx_Maximum fractal length,accx_Mean absolute diff,accx_Median frequency,accx_Signal distance,accx_Skewness,accx_Spectral decrease,accx_Spectral distance,accx_Spectral entropy,accx_Spectral kurtosis,accx_Spectral positive turning points,accx_Spectral roll-off,accx_Spectral roll-on,accx_Spectral skewness,accx_Spectral slope,accx_Spectral spread,accx_Spectral variation,accx_Standard deviation,accx_Sum absolute diff,accx_Variance,accx_Wavelet absolute mean_0,accx_Wavelet absolute mean_1,accx_Wavelet absolute mean_2,accx_Wavelet absolute mean_4,accx_Wavelet absolute mean_5,accx_Wavelet absolute mean_6,accx_Wavelet absolute mean_7,accx_Wavelet absolute mean_8,accx_Wavelet energy_0,accx_Wavelet energy_1,accx_Wavelet energy_2,accx_Wavelet energy_3,accx_Wavelet standard deviation_2,accy_LPCC_0,accy_LPCC_2,accy_LPCC_6,accy_LPCC_8,accy_LPCC_9,accy_Median diff,accy_Signal distance,accy_Skewness,accy_Slope,accy_Spectral roll-on,accy_Spectral skewness,accy_Spectral slope,accy_Wavelet absolute mean_0,accz_Histogram_2
515.173958280643,9.741079737,51.62063710226883,100.0,400.0,1.6229778642009606e-05,0.6664069566362327,0.136,-37.57294189532184,-36.12357264821058,-59.22691269328197,-9.97363762963063,-19.33104679046908,-150.80011230220182,2.023446947695566,0.1000625977955911,1.9,502.8389742236568,0.0909908043394704,-4.581167841361832,-99628.58233923132,0.3704493181639126,5.829519097345549,76.0,14.7,0.0,1.7421197997559503,-0.0006635050873296,5.174497254724924,0.8775793235282283,0.2804260758022777,49.9312363,0.0786387839898647,0.0028903455803961,0.0090840858006327,0.0170041875607195,0.0376962896499629,0.0498293401314491,0.0628763179997251,0.0767410364518599,0.0913870070486667,0.1345909914495478,0.2894247400351403,0.4444556692268532,0.661661501754677,0.4441302731331088,0.1048065348554965,0.4526911227035142,0.0069556760387919,0.1409590427775464,0.1124295983519408,-0.0029699999999999,500.2546251756953,0.8168594105646697,3.25217500582002e-05,0.0,1.2031754144596505,-0.0004759835564652,0.0002637313376059,19.0
