accx_Absolute energy,accx_Area under the curve,accx_Average power,accx_ECDF Percentile Count_0,accx_ECDF Percentile Count_1,accx_FFT mean coefficient_89,accx_LPCC_8,accx_Lempel-Ziv complexity,accx_MFCC_1,accx_MFCC_10,accx_MFCC_11,accx_MFCC_3,accx_MFCC_5,accx_MFCC_8,accx_Maximum fractal length,accx_Mean absolute diff,accx_Median frequency,accx_Signal distance,accx_Skewness,accx_Spectral decrease,accx_Spectral distance,accx_Spectral entropy,accx_Spectral kurtosis,accx_Spectral positive turning points,accx_Spectral roll-off,accx_Spectral roll-on,accx_Spectral skewness,accx_Spectral slope,accx_Spectral spread,accx_Spectral variation,accx_Standard deviation,accx_Sum absolute diff,accx_Variance,accx_Wavelet absolute mean_0,accx_Wavelet absolute mean_1,accx_Wavelet absolute mean_2,accx_Wavelet absolute mean_4,accx_Wavelet absolute mean_5,accx_Wavelet absolute mean_6,accx_Wavelet absolute mean_7,accx_Wavelet absolute mean_8,accx_Wavelet energy_0,accx_Wavelet energy_1,accx_Wavelet energy_2,accx_Wavelet energy_3,accx_Wavelet standard deviation_2,accy_LPCC_0,accy_LPCC_2,accy_LPCC_6,accy_LPCC_8,accy_LPCC_9,accy_Median diff,accy_Signal distance,accy_Skewness,accy_Slope,accy_Spectral roll-on,accy_Spectral skewness,accy_Spectral slope,accy_Wavelet absolute mean_0,accz_Histogram_2
511.7703938779089,9.732828347000002,51.279598584960816,100.0,400.0,3.716864901287122e-05,0.6457073161522638,0.138,-21.71053405729048,-12.063131297906164,-73.10139616997526,-23.139010525848896,-35.47197635608,-88.00007566415418,1.993760200764608,0.0910495897795591,1.8,502.2993700720231,0.0429962878415988,-4.494034848835525,-102330.8668964182,0.4228050289865101,6.154521057291673,75.0,14.8,0.0,1.835132738286685,-0.0006745301194503,5.107982200618778,0.8540343988362845,0.2683590388462374,45.433745300000005,0.0720165737304763,0.0032451692352478,0.0089440752134171,0.0158825533481277,0.0337370707039096,0.0447812443831588,0.0573471446962055,0.0714155600627102,0.0868615015634755,0.1291392304321283,0.2796646507716386,0.4289401947168595,0.630984205914289,0.428646048789536,0.0825069857815908,0.2672291505831964,0.0961692115909862,0.1159248028944108,0.0563996296469679,-0.001875,500.1507912140584,0.5255735935136133,-5.8790822200088975e-05,0.0,1.207805172407449,-0.0004745569962782,5.494151368395095e-06,8.0
