accx_Absolute energy,accx_Area under the curve,accx_Average power,accx_ECDF Percentile Count_0,accx_ECDF Percentile Count_1,accx_FFT mean coefficient_89,accx_LPCC_8,accx_Lempel-Ziv complexity,accx_MFCC_1,accx_MFCC_10,accx_MFCC_11,accx_MFCC_3,accx_MFCC_5,accx_MFCC_8,accx_Maximum fractal length,accx_Mean absolute diff,accx_Median frequency,accx_Signal distance,accx_Skewness,accx_Spectral decrease,accx_Spectral distance,accx_Spectral entropy,accx_Spectral kurtosis,accx_Spectral positive turning points,accx_Spectral roll-off,accx_Spectral roll-on,accx_Spectral skewness,accx_Spectral slope,accx_Spectral spread,accx_Spectral variation,accx_Standard deviation,accx_Sum absolute diff,accx_Variance,accx_Wavelet absolute mean_0,accx_Wavelet absolute mean_1,accx_Wavelet absolute mean_2,accx_Wavelet absolute mean_4,accx_Wavelet absolute mean_5,accx_Wavelet absolute mean_6,accx_Wavelet absolute mean_7,accx_Wavelet absolute mean_8,accx_Wavelet energy_0,accx_Wavelet energy_1,accx_Wavelet energy_2,accx_Wavelet energy_3,accx_Wavelet standard deviation_2,accy_LPCC_0,accy_LPCC_2,accy_LPCC_6,accy_LPCC_8,accy_LPCC_9,accy_Median diff,accy_Signal distance,accy_Skewness,accy_Slope,accy_Spectral roll-on,accy_Spectral skewness,accy_Spectral slope,accy_Wavelet absolute mean_0,accz_Histogram_2
518.6948209842084,9.733921062000002,51.9734289563335,100.0,400.0,0.0002315266350745,0.6073269053009167,0.136,-26.694013270377365,-42.9139575655805,-57.63441069708054,-15.35161143211426,-16.07274806744419,-43.63390157454302,2.0147284071392204,0.0952995330661322,1.7000000000000002,502.4054144370267,-0.0283008776510516,-4.852445238835155,-97375.49847750548,0.3002955996119273,5.747283948510916,73.0,15.8,0.0,1.8078605424671224,-0.0006697185937639,5.384864386482012,0.9086067490229042,0.2915792211681294,47.554467,0.0850184422170129,0.0039150260544193,0.0101900325520198,0.0169387401295648,0.0333056791009464,0.0433878311708018,0.0549598120632929,0.0680819115397705,0.0826845858216323,0.1292391986444854,0.2816086176202547,0.4578016831065056,0.6919375115775206,0.4574882076490851,0.0657060073660956,0.4385430740139192,0.1113162626192367,0.1034094427091129,0.1725157779872749,-0.0025,500.21267309554446,0.6275070911900478,-4.651310925083721e-05,0.0,1.158131235299556,-0.0004713098227383,0.000418803437372,5.0
