accx_Absolute energy,accx_Area under the curve,accx_Average power,accx_ECDF Percentile Count_0,accx_ECDF Percentile Count_1,accx_FFT mean coefficient_89,accx_LPCC_8,accx_Lempel-Ziv complexity,accx_MFCC_1,accx_MFCC_10,accx_MFCC_11,accx_MFCC_3,accx_MFCC_5,accx_MFCC_8,accx_Maximum fractal length,accx_Mean absolute diff,accx_Median frequency,accx_Signal distance,accx_Skewness,accx_Spectral decrease,accx_Spectral distance,accx_Spectral entropy,accx_Spectral kurtosis,accx_Spectral positive turning points,accx_Spectral roll-off,accx_Spectral roll-on,accx_Spectral skewness,accx_Spectral slope,accx_Spectral spread,accx_Spectral variation,accx_Standard deviation,accx_Sum absolute diff,accx_Variance,accx_Wavelet absolute mean_0,accx_Wavelet absolute mean_1,accx_Wavelet absolute mean_2,accx_Wavelet absolute mean_4,accx_Wavelet absolute mean_5,accx_Wavelet absolute mean_6,accx_Wavelet absolute mean_7,accx_Wavelet absolute mean_8,accx_Wavelet energy_0,accx_Wavelet energy_1,accx_Wavelet energy_2,accx_Wavelet energy_3,accx_Wavelet standard deviation_2,accy_LPCC_0,accy_LPCC_2,accy_LPCC_6,accy_LPCC_8,accy_LPCC_9,accy_Median diff,accy_Signal distance,accy_Skewness,accy_Slope,accy_Spectral roll-on,accy_Spectral skewness,accy_Spectral slope,accy_Wavelet absolute mean_0,accz_Histogram_2
482.4646563907685,9.803302885,48.34315194296277,100.0,400.0,2.2422403644788575e-07,0.8946753095542512,0.192,-1.522376935052834,-3.4061185697388416,-3.051001839435333,7.044636977622445,1.2261873074211271,-3.897472983817764,0.1821994622482707,0.002401234268537,0.0,499.0026520034255,-0.0269683043075998,-223.55730742980683,-61919.3413192531,0.8741350203953606,76.27539281714535,84.0,0.0,0.0,8.225834973793441,-0.000927498158588,1.9613865484494704,0.9159572663231914,0.0029347383240324,1.198215900000001,8.612689030544775e-06,0.0032423328794664,0.009587598726051,0.0176891076253495,0.0381136017963834,0.0501111768134964,0.0631538694799243,0.0771616875667163,0.0920711993995582,0.0387769229226928,0.0730670129513884,0.1085098659724554,0.1440288053583084,0.1070583321595243,0.6188263515677013,1.0292856495541076,0.8601256457055075,0.7692212326723848,0.8455042152664365,2.4999999999997247e-05,499.0015774675987,0.522324672601429,1.835931638126484e-06,0.0,2.133514504307314,-0.0007342547492492,0.00014465357554,0.0
