accx_Absolute energy,accx_Area under the curve,accx_Average power,accx_ECDF Percentile Count_0,accx_ECDF Percentile Count_1,accx_FFT mean coefficient_89,accx_LPCC_8,accx_Lempel-Ziv complexity,accx_MFCC_1,accx_MFCC_10,accx_MFCC_11,accx_MFCC_3,accx_MFCC_5,accx_MFCC_8,accx_Maximum fractal length,accx_Mean absolute diff,accx_Median frequency,accx_Signal distance,accx_Skewness,accx_Spectral decrease,accx_Spectral distance,accx_Spectral entropy,accx_Spectral kurtosis,accx_Spectral positive turning points,accx_Spectral roll-off,accx_Spectral roll-on,accx_Spectral skewness,accx_Spectral slope,accx_Spectral spread,accx_Spectral variation,accx_Standard deviation,accx_Sum absolute diff,accx_Variance,accx_Wavelet absolute mean_0,accx_Wavelet absolute mean_1,accx_Wavelet absolute mean_2,accx_Wavelet absolute mean_4,accx_Wavelet absolute mean_5,accx_Wavelet absolute mean_6,accx_Wavelet absolute mean_7,accx_Wavelet absolute mean_8,accx_Wavelet energy_0,accx_Wavelet energy_1,accx_Wavelet energy_2,accx_Wavelet energy_3,accx_Wavelet standard deviation_2,accy_LPCC_0,accy_LPCC_2,accy_LPCC_6,accy_LPCC_8,accy_LPCC_9,accy_Median diff,accy_Signal distance,accy_Skewness,accy_Slope,accy_Spectral roll-on,accy_Spectral skewness,accy_Spectral slope,accy_Wavelet absolute mean_0,accz_Histogram_2
480.4157019029007,9.782428972000002,48.13784588205417,100.0,400.0,6.122374872314925e-07,0.899515067887574,0.186,-1.9789435033919784,8.01559366885888,2.8862563278650555,7.249856076064458,-2.709136940885882,-12.0197244239135,0.4914033829337027,0.0044110941883767,0.0,499.0091662961918,-0.4894978006020269,-104.24120535323502,-62532.02898182225,0.8610845296852253,44.39998060198323,81.0,2.0,0.0,6.124505760741144,-0.0009109365002668,2.5075692541283137,0.8819682412768112,0.0064743967459487,2.201136,4.191781322395216e-05,0.0032161397719544,0.009520883192689,0.0176257639714827,0.0380507472446873,0.0500321336915147,0.0630501741676954,0.077026045894305,0.0918956847497746,0.0387682820269092,0.0727474863402826,0.1086131797056196,0.1442916541001932,0.1071734820288433,0.6417821495224227,1.0591986981931167,0.9749655061544188,0.849162609880217,0.748632685490445,9.999999999999593e-05,499.0054907526277,0.4038884635847722,1.503239812319241e-05,0.0,1.8564139308169232,-0.0006609222423555,9.163317177179596e-05,0.0
