accx_Absolute energy,accx_Area under the curve,accx_Average power,accx_ECDF Percentile Count_0,accx_ECDF Percentile Count_1,accx_FFT mean coefficient_89,accx_LPCC_8,accx_Lempel-Ziv complexity,accx_MFCC_1,accx_MFCC_10,accx_MFCC_11,accx_MFCC_3,accx_MFCC_5,accx_MFCC_8,accx_Maximum fractal length,accx_Mean absolute diff,accx_Median frequency,accx_Signal distance,accx_Skewness,accx_Spectral decrease,accx_Spectral distance,accx_Spectral entropy,accx_Spectral kurtosis,accx_Spectral positive turning points,accx_Spectral roll-off,accx_Spectral roll-on,accx_Spectral skewness,accx_Spectral slope,accx_Spectral spread,accx_Spectral variation,accx_Standard deviation,accx_Sum absolute diff,accx_Variance,accx_Wavelet absolute mean_0,accx_Wavelet absolute mean_1,accx_Wavelet absolute mean_2,accx_Wavelet absolute mean_4,accx_Wavelet absolute mean_5,accx_Wavelet absolute mean_6,accx_Wavelet absolute mean_7,accx_Wavelet absolute mean_8,accx_Wavelet energy_0,accx_Wavelet energy_1,accx_Wavelet energy_2,accx_Wavelet energy_3,accx_Wavelet standard deviation_2,accy_LPCC_0,accy_LPCC_2,accy_LPCC_6,accy_LPCC_8,accy_LPCC_9,accy_Median diff,accy_Signal distance,accy_Skewness,accy_Slope,accy_Spectral roll-on,accy_Spectral skewness,accy_Spectral slope,accy_Wavelet absolute mean_0,accz_Histogram_2
482.8078657580662,9.806558762000002,48.37754165912487,100.0,400.0,1.849227942708871e-05,0.9015602385575504,0.184,-3.778955776344826,-9.20456210241228,6.620192126420001,5.480217864183615,4.463112477819532,-6.494911190466571,0.6240666241831497,0.0067500861723446,0.0,499.0200288938065,-0.0648358500906699,-84.18114217127773,-62741.85290135891,0.817773598522522,30.746296978024525,80.0,5.5,0.0,5.070889200059585,-0.0008998523274887,2.814788194614508,0.7649925312147803,0.0085282629308396,3.3682930000000004,7.273126861753354e-05,0.0032443878024932,0.009573430061425,0.0176478411444952,0.0380294758153342,0.0500025067271395,0.0630168268519189,0.0769948305824308,0.091874709771788,0.0400137145555439,0.0739618532352987,0.1086002616474755,0.144028685548314,0.1071567568230711,0.5543869906744605,0.6996613719222746,0.759858467535913,0.6854555047476621,0.7059822924385151,0.0,499.0048896772504,-0.2836136320406139,4.081775320701275e-06,0.0,1.232945558206937,-0.0005611514657555,7.932684744653885e-05,0.0
