accx_Absolute energy,accx_Area under the curve,accx_Average power,accx_ECDF Percentile Count_0,accx_ECDF Percentile Count_1,accx_FFT mean coefficient_89,accx_LPCC_8,accx_Lempel-Ziv complexity,accx_MFCC_1,accx_MFCC_10,accx_MFCC_11,accx_MFCC_3,accx_MFCC_5,accx_MFCC_8,accx_Maximum fractal length,accx_Mean absolute diff,accx_Median frequency,accx_Signal distance,accx_Skewness,accx_Spectral decrease,accx_Spectral distance,accx_Spectral entropy,accx_Spectral kurtosis,accx_Spectral positive turning points,accx_Spectral roll-off,accx_Spectral roll-on,accx_Spectral skewness,accx_Spectral slope,accx_Spectral spread,accx_Spectral variation,accx_Standard deviation,accx_Sum absolute diff,accx_Variance,accx_Wavelet absolute mean_0,accx_Wavelet absolute mean_1,accx_Wavelet absolute mean_2,accx_Wavelet absolute mean_4,accx_Wavelet absolute mean_5,accx_Wavelet absolute mean_6,accx_Wavelet absolute mean_7,accx_Wavelet absolute mean_8,accx_Wavelet energy_0,accx_Wavelet energy_1,accx_Wavelet energy_2,accx_Wavelet energy_3,accx_Wavelet standard deviation_2,accy_LPCC_0,accy_LPCC_2,accy_LPCC_6,accy_LPCC_8,accy_LPCC_9,accy_Median diff,accy_Signal distance,accy_Skewness,accy_Slope,accy_Spectral roll-on,accy_Spectral skewness,accy_Spectral slope,accy_Wavelet absolute mean_0,accz_Histogram_2
478.7178619112763,9.765195194,47.96772163439642,100.0,400.0,4.04278339018742e-07,0.8956918340983148,0.182,-0.6371731372461854,-4.640401995555094,2.9220067832557417,2.49685725868484,2.822008054096107,-3.990121013890155,0.2293357775056204,0.0025107278557114,0.0,499.0032087956368,-0.2613614502679757,-186.9383421290346,-61872.95867989056,0.8317316803641112,71.05203236979067,81.0,0.0,0.0,7.897070058250364,-0.0009256059313722,2.0144856749962927,0.7253951882680121,0.0037080497827784,1.2528532,1.3749633191563648e-05,0.003222850489179,0.0095219862007291,0.0175746964414591,0.0378905072680898,0.0498246770521391,0.0627986264477189,0.0767343546340682,0.0915690335148357,0.0384936394365231,0.0728074906066204,0.1079422268714147,0.1432528777630948,0.1065018985133623,0.6068512456367416,1.0791787062109923,0.8825399123459358,0.8516141706177918,0.8739429326181567,6.0000000000004494e-05,499.0016161913204,0.952886028889102,-9.880000000001426e-07,0.0,2.667799136893653,-0.0007852914813765,0.0002241861895552,0.0
