accx_Absolute energy,accx_Area under the curve,accx_Average power,accx_ECDF Percentile Count_0,accx_ECDF Percentile Count_1,accx_FFT mean coefficient_89,accx_LPCC_8,accx_Lempel-Ziv complexity,accx_MFCC_1,accx_MFCC_10,accx_MFCC_11,accx_MFCC_3,accx_MFCC_5,accx_MFCC_8,accx_Maximum fractal length,accx_Mean absolute diff,accx_Median frequency,accx_Signal distance,accx_Skewness,accx_Spectral decrease,accx_Spectral distance,accx_Spectral entropy,accx_Spectral kurtosis,accx_Spectral positive turning points,accx_Spectral roll-off,accx_Spectral roll-on,accx_Spectral skewness,accx_Spectral slope,accx_Spectral spread,accx_Spectral variation,accx_Standard deviation,accx_Sum absolute diff,accx_Variance,accx_Wavelet absolute mean_0,accx_Wavelet absolute mean_1,accx_Wavelet absolute mean_2,accx_Wavelet absolute mean_4,accx_Wavelet absolute mean_5,accx_Wavelet absolute mean_6,accx_Wavelet absolute mean_7,accx_Wavelet absolute mean_8,accx_Wavelet energy_0,accx_Wavelet energy_1,accx_Wavelet energy_2,accx_Wavelet energy_3,accx_Wavelet standard deviation_2,accy_LPCC_0,accy_LPCC_2,accy_LPCC_6,accy_LPCC_8,accy_LPCC_9,accy_Median diff,accy_Signal distance,accy_Skewness,accy_Slope,accy_Spectral roll-on,accy_Spectral skewness,accy_Spectral slope,accy_Wavelet absolute mean_0,accz_Histogram_2
475.2622390056704,9.729814336,47.62146683423551,100.0,400.0,1.2301401786887567e-06,0.8980655057267019,0.182,-0.0810340102199197,-7.741082256940508,1.9104700409263893,2.187699963438855,3.5123750977262613,-5.443057521675566,0.3568630670596776,0.0033066320641282,0.0,499.0056310132445,-0.2708705044177736,-139.9483568425902,-61883.761542613705,0.8365681412588636,55.31045457325703,73.0,0.0,0.0,6.900471436787805,-0.0009193549376613,2.219045513500085,0.8035846496352134,0.0049449098710923,1.6500094000000014,2.445213363322607e-05,0.0032110519357565,0.0094982971101773,0.0175579108864343,0.0378860923299037,0.0498121650053726,0.0627675397378497,0.0766769352338275,0.0914798404086046,0.0384862009883363,0.0725472252001657,0.1077838069460708,0.1435473118885787,0.1063441056433871,0.6136559770585573,1.0561388787356842,0.9062511319833724,0.8491496521325571,0.8262752799401594,-5.000000000000837e-05,499.0023214012504,-0.2319277545236834,-4.796581435925749e-06,0.0,2.610355644748433,-0.0007846702622522,0.0002613998935889,0.0
