accx_Absolute energy,accx_Area under the curve,accx_Average power,accx_ECDF Percentile Count_0,accx_ECDF Percentile Count_1,accx_FFT mean coefficient_89,accx_LPCC_8,accx_Lempel-Ziv complexity,accx_MFCC_1,accx_MFCC_10,accx_MFCC_11,accx_MFCC_3,accx_MFCC_5,accx_MFCC_8,accx_Maximum fractal length,accx_Mean absolute diff,accx_Median frequency,accx_Signal distance,accx_Skewness,accx_Spectral decrease,accx_Spectral distance,accx_Spectral entropy,accx_Spectral kurtosis,accx_Spectral positive turning points,accx_Spectral roll-off,accx_Spectral roll-on,accx_Spectral skewness,accx_Spectral slope,accx_Spectral spread,accx_Spectral variation,accx_Standard deviation,accx_Sum absolute diff,accx_Variance,accx_Wavelet absolute mean_0,accx_Wavelet absolute mean_1,accx_Wavelet absolute mean_2,accx_Wavelet absolute mean_4,accx_Wavelet absolute mean_5,accx_Wavelet absolute mean_6,accx_Wavelet absolute mean_7,accx_Wavelet absolute mean_8,accx_Wavelet energy_0,accx_Wavelet energy_1,accx_Wavelet energy_2,accx_Wavelet energy_3,accx_Wavelet standard deviation_2,accy_LPCC_0,accy_LPCC_2,accy_LPCC_6,accy_LPCC_8,accy_LPCC_9,accy_Median diff,accy_Signal distance,accy_Skewness,accy_Slope,accy_Spectral roll-on,accy_Spectral skewness,accy_Spectral slope,accy_Wavelet absolute mean_0,accz_Histogram_2
483.9124741369352,9.818130366,48.48822386141635,100.0,400.0,1.0971031556223796e-06,0.8825080405365827,0.182,0.6872078807886223,-5.096730544561273,-5.484858046778982,-1.6231470431966395,7.763266065271782,-2.9244772261147567,0.3380028812200963,0.003389126252505,0.0,499.0046229111889,-0.0141972055611514,-186.69401847654447,-62130.39346846061,0.8116017038022745,64.02341714410746,86.0,0.0,0.0,7.407099236040653,-0.0009244088431935,2.009017920207306,0.9380533695441508,0.0039259606116701,1.6911740000000002,1.5413166724385443e-05,0.0032515450764549,0.009629597298678,0.0177400618474826,0.0381838481233902,0.0501904060343075,0.0632423406128199,0.0772615418818813,0.0921851830247756,0.0387143011169795,0.0739646502758678,0.109048348091643,0.144641581094886,0.1075956896309681,0.513088276465282,0.7313269427345404,0.8294299843951534,0.860221965956248,0.619812574569921,-4.999999999999796e-05,499.0018465756091,0.0480312641485339,1.1729296014784032e-05,0.0,1.3871328103638805,-0.0006084390712548,6.82941973130538e-05,0.0
