accx_Absolute energy,accx_Area under the curve,accx_Average power,accx_ECDF Percentile Count_0,accx_ECDF Percentile Count_1,accx_FFT mean coefficient_89,accx_LPCC_8,accx_Lempel-Ziv complexity,accx_MFCC_1,accx_MFCC_10,accx_MFCC_11,accx_MFCC_3,accx_MFCC_5,accx_MFCC_8,accx_Maximum fractal length,accx_Mean absolute diff,accx_Median frequency,accx_Signal distance,accx_Skewness,accx_Spectral decrease,accx_Spectral distance,accx_Spectral entropy,accx_Spectral kurtosis,accx_Spectral positive turning points,accx_Spectral roll-off,accx_Spectral roll-on,accx_Spectral skewness,accx_Spectral slope,accx_Spectral spread,accx_Spectral variation,accx_Standard deviation,accx_Sum absolute diff,accx_Variance,accx_Wavelet absolute mean_0,accx_Wavelet absolute mean_1,accx_Wavelet absolute mean_2,accx_Wavelet absolute mean_4,accx_Wavelet absolute mean_5,accx_Wavelet absolute mean_6,accx_Wavelet absolute mean_7,accx_Wavelet absolute mean_8,accx_Wavelet energy_0,accx_Wavelet energy_1,accx_Wavelet energy_2,accx_Wavelet energy_3,accx_Wavelet standard deviation_2,accy_LPCC_0,accy_LPCC_2,accy_LPCC_6,accy_LPCC_8,accy_LPCC_9,accy_Median diff,accy_Signal distance,accy_Skewness,accy_Slope,accy_Spectral roll-on,accy_Spectral skewness,accy_Spectral slope,accy_Wavelet absolute mean_0,accz_Histogram_2
480.85197019771806,9.786881422,48.18156014005191,100.0,400.0,4.976395486125626e-07,0.8959471613363006,0.192,0.0719814264575529,-2.469143428057855,-1.9199539447131693,3.424956827983825,1.652978323830968,-8.240117662400984,0.378969878050707,0.0035602136272545,0.0,499.00557611091926,0.2307836394280021,-135.60702935423097,-62256.41476644615,0.8596441459806082,53.17336892355172,88.0,0.0,0.0,6.786163461221132,-0.0009182650729404,2.276157900711919,0.8866055324145768,0.0049331269591364,1.7765466,2.4335741594959168e-05,0.0032319004279716,0.0095729385601729,0.0176658519998338,0.038075106809063,0.0500527519867527,0.0630695060785211,0.0770497133841431,0.0919310458469246,0.0385586254310786,0.0734182589240152,0.1087680597393298,0.1444326126135245,0.1073238486664469,0.656862435470147,1.1130954295437063,0.8702738721985309,0.7711399001745903,0.9222891622888728,7.499999999999174e-05,499.0024777703141,-0.1892841770755603,-5.5784580802324e-06,0.0,2.416647278695591,-0.0007576686030068,0.0001987962221386,0.0
