accx_Absolute energy,accx_Area under the curve,accx_Average power,accx_ECDF Percentile Count_0,accx_ECDF Percentile Count_1,accx_FFT mean coefficient_89,accx_LPCC_8,accx_Lempel-Ziv complexity,accx_MFCC_1,accx_MFCC_10,accx_MFCC_11,accx_MFCC_3,accx_MFCC_5,accx_MFCC_8,accx_Maximum fractal length,accx_Mean absolute diff,accx_Median frequency,accx_Signal distance,accx_Skewness,accx_Spectral decrease,accx_Spectral distance,accx_Spectral entropy,accx_Spectral kurtosis,accx_Spectral positive turning points,accx_Spectral roll-off,accx_Spectral roll-on,accx_Spectral skewness,accx_Spectral slope,accx_Spectral spread,accx_Spectral variation,accx_Standard deviation,accx_Sum absolute diff,accx_Variance,accx_Wavelet absolute mean_0,accx_Wavelet absolute mean_1,accx_Wavelet absolute mean_2,accx_Wavelet absolute mean_4,accx_Wavelet absolute mean_5,accx_Wavelet absolute mean_6,accx_Wavelet absolute mean_7,accx_Wavelet absolute mean_8,accx_Wavelet energy_0,accx_Wavelet energy_1,accx_Wavelet energy_2,accx_Wavelet energy_3,accx_Wavelet standard deviation_2,accy_LPCC_0,accy_LPCC_2,accy_LPCC_6,accy_LPCC_8,accy_LPCC_9,accy_Median diff,accy_Signal distance,accy_Skewness,accy_Slope,accy_Spectral roll-on,accy_Spectral skewness,accy_Spectral slope,accy_Wavelet absolute mean_0,accz_Histogram_2
483.1383220031805,9.810051446,48.41065350733272,100.0,400.0,4.6502089747497424e-06,0.8905615212516694,0.192,0.1810941993408533,2.1640916374934083,-4.946756313349523,1.194346343952278,6.1732223657909175,-13.182070536511324,0.4240667253374682,0.0041438913827655,0.0,499.0079674280095,-0.7504689574293217,-123.40659229584824,-62333.34988345285,0.8582269337777618,46.240808196660986,83.0,0.0,0.0,6.294848669154963,-0.0009133170931437,2.465624358029952,0.9012330112413188,0.0054657123372398,2.0678018,2.9874011353455847e-05,0.0032405835713021,0.0095713876255847,0.0176862742109668,0.0381618668914145,0.0501734628858838,0.0632258220724751,0.0772454275656239,0.0921713238738925,0.0388104218399773,0.0731865248492544,0.1088194863337669,0.1447093022091552,0.1073726050279091,0.664867622979151,0.9845128727915912,0.8334429927343938,0.8322520796612848,0.7267767360875693,-7.499999999999868e-05,499.0039309425045,-0.4767336696120591,4.5577224388897526e-05,0.0,1.644445281438209,-0.0006308925678833,0.0001106884565436,0.0
