accx_Absolute energy,accx_Area under the curve,accx_Average power,accx_ECDF Percentile Count_0,accx_ECDF Percentile Count_1,accx_FFT mean coefficient_89,accx_LPCC_8,accx_Lempel-Ziv complexity,accx_MFCC_1,accx_MFCC_10,accx_MFCC_11,accx_MFCC_3,accx_MFCC_5,accx_MFCC_8,accx_Maximum fractal length,accx_Mean absolute diff,accx_Median frequency,accx_Signal distance,accx_Skewness,accx_Spectral decrease,accx_Spectral distance,accx_Spectral entropy,accx_Spectral kurtosis,accx_Spectral positive turning points,accx_Spectral roll-off,accx_Spectral roll-on,accx_Spectral skewness,accx_Spectral slope,accx_Spectral spread,accx_Spectral variation,accx_Standard deviation,accx_Sum absolute diff,accx_Variance,accx_Wavelet absolute mean_0,accx_Wavelet absolute mean_1,accx_Wavelet absolute mean_2,accx_Wavelet absolute mean_4,accx_Wavelet absolute mean_5,accx_Wavelet absolute mean_6,accx_Wavelet absolute mean_7,accx_Wavelet absolute mean_8,accx_Wavelet energy_0,accx_Wavelet energy_1,accx_Wavelet energy_2,accx_Wavelet energy_3,accx_Wavelet standard deviation_2,accy_LPCC_0,accy_LPCC_2,accy_LPCC_6,accy_LPCC_8,accy_LPCC_9,accy_Median diff,accy_Signal distance,accy_Skewness,accy_Slope,accy_Spectral roll-on,accy_Spectral skewness,accy_Spectral slope,accy_Wavelet absolute mean_0,accz_Histogram_2
582.7428420406712,10.156084853,58.3910663367406,100.0,400.0,0.0002695842257178,0.5138698683051576,0.122,23.7598563703826,-47.38088354278271,-37.744819621037486,-27.33844561419082,-40.11398886298724,-187.8159906705896,2.0591920583938377,0.0927009581162324,1.6,502.4919197700869,0.6385884276731231,-3.65750968342896,-129985.74049889712,0.495791285081046,9.622593306546168,80.0,12.9,0.0,2.4817852804370077,-0.0007293108267998,4.389538914837657,0.7650377743490729,0.3603058388100135,46.2577781,0.1298202974805874,0.0036866220036521,0.0118552132610226,0.0233886027044367,0.0515699270453761,0.0658052485116347,0.0792713295728332,0.0921414428607164,0.1049651793829069,0.1106663512282657,0.3434479323952848,0.6238667694347513,0.8759181870418873,0.6234281989680023,0.0788648647443744,0.0715761986037782,0.0437374739775773,0.0820889349642402,0.1444981780047833,-0.00164424,500.0071843428948,-0.4716069649177518,-0.0001239678183935,0.2,1.5586248183897098,-0.0005499914697504,5.947651298107426e-06,58.0
