accx_Absolute energy,accx_Area under the curve,accx_Average power,accx_ECDF Percentile Count_0,accx_ECDF Percentile Count_1,accx_FFT mean coefficient_89,accx_LPCC_8,accx_Lempel-Ziv complexity,accx_MFCC_1,accx_MFCC_10,accx_MFCC_11,accx_MFCC_3,accx_MFCC_5,accx_MFCC_8,accx_Maximum fractal length,accx_Mean absolute diff,accx_Median frequency,accx_Signal distance,accx_Skewness,accx_Spectral decrease,accx_Spectral distance,accx_Spectral entropy,accx_Spectral kurtosis,accx_Spectral positive turning points,accx_Spectral roll-off,accx_Spectral roll-on,accx_Spectral skewness,accx_Spectral slope,accx_Spectral spread,accx_Spectral variation,accx_Standard deviation,accx_Sum absolute diff,accx_Variance,accx_Wavelet absolute mean_0,accx_Wavelet absolute mean_1,accx_Wavelet absolute mean_2,accx_Wavelet absolute mean_4,accx_Wavelet absolute mean_5,accx_Wavelet absolute mean_6,accx_Wavelet absolute mean_7,accx_Wavelet absolute mean_8,accx_Wavelet energy_0,accx_Wavelet energy_1,accx_Wavelet energy_2,accx_Wavelet energy_3,accx_Wavelet standard deviation_2,accy_LPCC_0,accy_LPCC_2,accy_LPCC_6,accy_LPCC_8,accy_LPCC_9,accy_Median diff,accy_Signal distance,accy_Skewness,accy_Slope,accy_Spectral roll-on,accy_Spectral skewness,accy_Spectral slope,accy_Wavelet absolute mean_0,accz_Histogram_2
481.86503377783504,9.315041056000002,48.283069516817136,100.0,400.0,0.0006460563343712,0.4553087913543703,0.146,-37.31208139981115,0.0811443082983917,-18.948570403857595,-107.76005970465754,-31.901475941596264,-103.32316539976205,2.020680260299401,0.0956879631262525,2.0,503.52209412462,1.1701057967213289,-3.1801784215308637,-116245.42609467586,0.6074416815804201,6.014428410368712,76.0,16.2,0.0,1.8137587793875007,-0.0006486822129964,5.167352489672386,0.7914396984162644,0.3027055516323865,47.7482936,0.0916306509890673,0.0035777956100322,0.0102150110011648,0.0174753472849043,0.0340366538314579,0.0436735178661245,0.0544383722408803,0.0665632473372414,0.0801681397398722,0.1474398795611353,0.3891817804872076,0.5780291616552322,0.700602060995217,0.5777649383279696,0.2378745004956022,0.1864870958100034,0.153616186778276,0.1149698404861746,0.6102994277564625,-0.0013905999999999,502.28092425318096,-1.6502688478195393,-2.256674077662361e-05,0.0,1.4346901851652032,-0.000564150223441,0.0005364621476944,60.0
