accx_Absolute energy,accx_Area under the curve,accx_Average power,accx_ECDF Percentile Count_0,accx_ECDF Percentile Count_1,accx_FFT mean coefficient_89,accx_LPCC_8,accx_Lempel-Ziv complexity,accx_MFCC_1,accx_MFCC_10,accx_MFCC_11,accx_MFCC_3,accx_MFCC_5,accx_MFCC_8,accx_Maximum fractal length,accx_Mean absolute diff,accx_Median frequency,accx_Signal distance,accx_Skewness,accx_Spectral decrease,accx_Spectral distance,accx_Spectral entropy,accx_Spectral kurtosis,accx_Spectral positive turning points,accx_Spectral roll-off,accx_Spectral roll-on,accx_Spectral skewness,accx_Spectral slope,accx_Spectral spread,accx_Spectral variation,accx_Standard deviation,accx_Sum absolute diff,accx_Variance,accx_Wavelet absolute mean_0,accx_Wavelet absolute mean_1,accx_Wavelet absolute mean_2,accx_Wavelet absolute mean_4,accx_Wavelet absolute mean_5,accx_Wavelet absolute mean_6,accx_Wavelet absolute mean_7,accx_Wavelet absolute mean_8,accx_Wavelet energy_0,accx_Wavelet energy_1,accx_Wavelet energy_2,accx_Wavelet energy_3,accx_Wavelet standard deviation_2,accy_LPCC_0,accy_LPCC_2,accy_LPCC_6,accy_LPCC_8,accy_LPCC_9,accy_Median diff,accy_Signal distance,accy_Skewness,accy_Slope,accy_Spectral roll-on,accy_Spectral skewness,accy_Spectral slope,accy_Wavelet absolute mean_0,accz_Histogram_2
528.868511488414,9.860120833,52.992836822486375,100.0,400.0,0.0002123469621124,0.4892914612647304,0.128,-5.799083854588153,15.095917074818948,0.7767362832129585,-82.43781042148524,-28.410777994248352,-55.07715100768738,2.0059575200067483,0.0833117969939879,1.7000000000000002,502.8604777705902,1.5157840979833843,-3.863519960161462,-115383.34147218573,0.5737540778966582,6.8195636303040175,72.0,13.6,0.0,1.901484973711552,-0.0006871638708767,4.597720840259985,0.8239218299957932,0.2845870020382119,41.5725867,0.0809897617290972,0.0037157385024321,0.0109285185381824,0.0194524230876788,0.0381524309146994,0.0485992282907181,0.0603390446387216,0.0735581875697055,0.0881717895689494,0.1426150890312377,0.3723543172408936,0.5414441470845508,0.6428383325760748,0.5410946013851318,0.1621870173358765,0.3008171636028846,0.3113295793984649,0.0035389171925834,0.2893509267771433,-0.0005950299999999,499.8632096445107,-1.04499156790996,3.290426039892955e-05,0.0,1.3081733986605613,-0.0005390080852354,0.0008371966381385,39.0
