accx_Absolute energy,accx_Area under the curve,accx_Average power,accx_ECDF Percentile Count_0,accx_ECDF Percentile Count_1,accx_FFT mean coefficient_89,accx_LPCC_8,accx_Lempel-Ziv complexity,accx_MFCC_1,accx_MFCC_10,accx_MFCC_11,accx_MFCC_3,accx_MFCC_5,accx_MFCC_8,accx_Maximum fractal length,accx_Mean absolute diff,accx_Median frequency,accx_Signal distance,accx_Skewness,accx_Spectral decrease,accx_Spectral distance,accx_Spectral entropy,accx_Spectral kurtosis,accx_Spectral positive turning points,accx_Spectral roll-off,accx_Spectral roll-on,accx_Spectral skewness,accx_Spectral slope,accx_Spectral spread,accx_Spectral variation,accx_Standard deviation,accx_Sum absolute diff,accx_Variance,accx_Wavelet absolute mean_0,accx_Wavelet absolute mean_1,accx_Wavelet absolute mean_2,accx_Wavelet absolute mean_4,accx_Wavelet absolute mean_5,accx_Wavelet absolute mean_6,accx_Wavelet absolute mean_7,accx_Wavelet absolute mean_8,accx_Wavelet energy_0,accx_Wavelet energy_1,accx_Wavelet energy_2,accx_Wavelet energy_3,accx_Wavelet standard deviation_2,accy_LPCC_0,accy_LPCC_2,accy_LPCC_6,accy_LPCC_8,accy_LPCC_9,accy_Median diff,accy_Signal distance,accy_Skewness,accy_Slope,accy_Spectral roll-on,accy_Spectral skewness,accy_Spectral slope,accy_Wavelet absolute mean_0,accz_Histogram_2
586.5032789023709,10.056833890000002,58.76786361747203,100.0,400.0,0.0003349699242486,0.5625807067071853,0.124,-23.427824913322723,-48.22212206189641,-32.22484324773059,-17.123914252579684,-54.15889991804628,-175.66107711342747,2.112860887763998,0.1126515551102204,1.9,504.338222021775,0.4826255260361019,-3.039339104018677,-135984.02773415775,0.4965598791279754,6.880702605418275,79.0,14.0,0.0,1.974257555189834,-0.0006842956697848,4.676003055055091,0.7722335713372451,0.3983251875987318,56.213126,0.1586629550755648,0.0022683149946692,0.0065383157249532,0.0137418490606236,0.0372719987136777,0.0522829828294224,0.0686810653257735,0.0859050672286685,0.1035046700553568,0.1441611180347572,0.3808828132814235,0.6697492978943719,0.947481705273,0.6696083061121622,0.1999797465327918,0.4673129601843105,0.2073688345346694,0.0559846345490475,0.3631404819606851,0.0078939,501.457868111163,-1.2156521019689523,-8.112368222514492e-05,0.0,1.5354337695577671,-0.0005430085590404,0.0005570379226205,0.0
