accx_Absolute energy,accx_Area under the curve,accx_Average power,accx_ECDF Percentile Count_0,accx_ECDF Percentile Count_1,accx_FFT mean coefficient_89,accx_LPCC_8,accx_Lempel-Ziv complexity,accx_MFCC_1,accx_MFCC_10,accx_MFCC_11,accx_MFCC_3,accx_MFCC_5,accx_MFCC_8,accx_Maximum fractal length,accx_Mean absolute diff,accx_Median frequency,accx_Signal distance,accx_Skewness,accx_Spectral decrease,accx_Spectral distance,accx_Spectral entropy,accx_Spectral kurtosis,accx_Spectral positive turning points,accx_Spectral roll-off,accx_Spectral roll-on,accx_Spectral skewness,accx_Spectral slope,accx_Spectral spread,accx_Spectral variation,accx_Standard deviation,accx_Sum absolute diff,accx_Variance,accx_Wavelet absolute mean_0,accx_Wavelet absolute mean_1,accx_Wavelet absolute mean_2,accx_Wavelet absolute mean_4,accx_Wavelet absolute mean_5,accx_Wavelet absolute mean_6,accx_Wavelet absolute mean_7,accx_Wavelet absolute mean_8,accx_Wavelet energy_0,accx_Wavelet energy_1,accx_Wavelet energy_2,accx_Wavelet energy_3,accx_Wavelet standard deviation_2,accy_LPCC_0,accy_LPCC_2,accy_LPCC_6,accy_LPCC_8,accy_LPCC_9,accy_Median diff,accy_Signal distance,accy_Skewness,accy_Slope,accy_Spectral roll-on,accy_Spectral skewness,accy_Spectral slope,accy_Wavelet absolute mean_0,accz_Histogram_2
523.2049326187542,9.845064898000002,52.42534394977497,100.0,400.0,6.658743180859019e-06,0.6469903492772702,0.12,4.826969374262622,-86.72267482625311,-44.08597148620816,-23.654380152436456,-23.588649838321015,-75.56176651928843,1.9010435157022367,0.0677035462925851,1.0,500.9898720300296,0.5914739941453171,-4.851252497432297,-106725.6159415396,0.3807127461295,7.872959525923842,71.0,13.5,0.0,2.2061666113630536,-0.0007280642626394,4.60348005256036,0.8408938058136851,0.2688739070716882,33.7840696,0.0722931779039948,0.0042171565767562,0.0126317977146027,0.0230428362005155,0.046516839391085,0.0589532393274736,0.0717772859494162,0.0850370305723227,0.0989222507883217,0.0978962963511746,0.2480681212725629,0.4289835495926596,0.6182915493239852,0.428364229973692,0.0858012683135199,0.0869466051479211,0.0170629628158354,0.2438853074598202,0.4516546195677284,-0.00387005,500.07247702359655,-0.892371345502536,1.5764856624372145e-05,0.1,1.5682070302903826,-0.0005643951259173,0.0001960656964002,0.0
