accx_Absolute energy,accx_Area under the curve,accx_Average power,accx_ECDF Percentile Count_0,accx_ECDF Percentile Count_1,accx_FFT mean coefficient_89,accx_LPCC_8,accx_Lempel-Ziv complexity,accx_MFCC_1,accx_MFCC_10,accx_MFCC_11,accx_MFCC_3,accx_MFCC_5,accx_MFCC_8,accx_Maximum fractal length,accx_Mean absolute diff,accx_Median frequency,accx_Signal distance,accx_Skewness,accx_Spectral decrease,accx_Spectral distance,accx_Spectral entropy,accx_Spectral kurtosis,accx_Spectral positive turning points,accx_Spectral roll-off,accx_Spectral roll-on,accx_Spectral skewness,accx_Spectral slope,accx_Spectral spread,accx_Spectral variation,accx_Standard deviation,accx_Sum absolute diff,accx_Variance,accx_Wavelet absolute mean_0,accx_Wavelet absolute mean_1,accx_Wavelet absolute mean_2,accx_Wavelet absolute mean_4,accx_Wavelet absolute mean_5,accx_Wavelet absolute mean_6,accx_Wavelet absolute mean_7,accx_Wavelet absolute mean_8,accx_Wavelet energy_0,accx_Wavelet energy_1,accx_Wavelet energy_2,accx_Wavelet energy_3,accx_Wavelet standard deviation_2,accy_LPCC_0,accy_LPCC_2,accy_LPCC_6,accy_LPCC_8,accy_LPCC_9,accy_Median diff,accy_Signal distance,accy_Skewness,accy_Slope,accy_Spectral roll-on,accy_Spectral skewness,accy_Spectral slope,accy_Wavelet absolute mean_0,accz_Histogram_2
564.2666823021239,10.12685128,56.53974772566371,100.0,400.0,0.0001612771941715,0.5922950485142535,0.122,-77.22271510924094,-40.43813282585608,-54.51551652275159,-27.304251648403586,1.847691142201336,-113.90229710367336,2.0254983642454407,0.0985015126252505,1.7000000000000002,503.915904196797,1.017585436567523,-3.531984921485589,-123520.6988780564,0.5447957557952382,5.014759423586116,71.0,13.1,0.0,1.559662570672323,-0.0006786772264536,4.557614858694891,0.8388118684779386,0.3161605792908126,49.1522548,0.0999575118975022,0.0025628727643691,0.0075969407175081,0.0143021749929342,0.0334285913623784,0.046520721598106,0.062143375573006,0.0798355231730209,0.0989058866896145,0.158438939630161,0.3244527713033536,0.5160392031093128,0.6947448696275752,0.515840970587027,0.2793149880850176,0.2756494768675026,0.3479101928092152,0.0567313766831394,0.3683951139040914,0.0026323,501.5137039612911,-1.5829808807652397,-1.8802046373609384e-05,0.0,1.311570670460477,-0.0005352752501387,0.0001293578695881,5.0
