accx_Absolute energy,accx_Area under the curve,accx_Average power,accx_ECDF Percentile Count_0,accx_ECDF Percentile Count_1,accx_FFT mean coefficient_89,accx_LPCC_8,accx_Lempel-Ziv complexity,accx_MFCC_1,accx_MFCC_10,accx_MFCC_11,accx_MFCC_3,accx_MFCC_5,accx_MFCC_8,accx_Maximum fractal length,accx_Mean absolute diff,accx_Median frequency,accx_Signal distance,accx_Skewness,accx_Spectral decrease,accx_Spectral distance,accx_Spectral entropy,accx_Spectral kurtosis,accx_Spectral positive turning points,accx_Spectral roll-off,accx_Spectral roll-on,accx_Spectral skewness,accx_Spectral slope,accx_Spectral spread,accx_Spectral variation,accx_Standard deviation,accx_Sum absolute diff,accx_Variance,accx_Wavelet absolute mean_0,accx_Wavelet absolute mean_1,accx_Wavelet absolute mean_2,accx_Wavelet absolute mean_4,accx_Wavelet absolute mean_5,accx_Wavelet absolute mean_6,accx_Wavelet absolute mean_7,accx_Wavelet absolute mean_8,accx_Wavelet energy_0,accx_Wavelet energy_1,accx_Wavelet energy_2,accx_Wavelet energy_3,accx_Wavelet standard deviation_2,accy_LPCC_0,accy_LPCC_2,accy_LPCC_6,accy_LPCC_8,accy_LPCC_9,accy_Median diff,accy_Signal distance,accy_Skewness,accy_Slope,accy_Spectral roll-on,accy_Spectral skewness,accy_Spectral slope,accy_Wavelet absolute mean_0,accz_Histogram_2
549.806507588268,9.997157544,55.090832423674144,100.0,400.0,0.0012201834819979,0.4410344201625747,0.154,-19.40280341356877,-86.68584390288376,41.537843924816656,-110.6966098115021,-41.03457183679208,-32.289623239184635,2.0707170862267468,0.1155115406813627,2.4000000000000004,505.68296034509126,0.7592782664589839,-2.9284058545035814,-131820.80092613905,0.7230880018443733,6.036982493116788,73.0,15.0,0.0,1.727360112421753,-0.0006488284856739,4.819712225006016,0.8205865992686977,0.3087652325784381,57.6402588,0.0953359688492169,0.0037978334280158,0.0117591400603586,0.0221671819627466,0.042411693548816,0.0525577442073561,0.0634699146827209,0.0755225160716583,0.0888635585663168,0.1914593860736383,0.4550727247912819,0.5986264462821307,0.6944289743650839,0.5982158792879066,0.1730465107123248,0.0646993703449446,0.2096838293100364,0.121737378469322,0.207736442654034,-0.0026782999999999,501.265110488558,-1.321197346249524,-9.166389119071663e-05,0.0,1.1613175820877943,-0.0005139391748848,0.0007990094073633,19.0
