accx_Absolute energy,accx_Area under the curve,accx_Average power,accx_ECDF Percentile Count_0,accx_ECDF Percentile Count_1,accx_FFT mean coefficient_89,accx_LPCC_8,accx_Lempel-Ziv complexity,accx_MFCC_1,accx_MFCC_10,accx_MFCC_11,accx_MFCC_3,accx_MFCC_5,accx_MFCC_8,accx_Maximum fractal length,accx_Mean absolute diff,accx_Median frequency,accx_Signal distance,accx_Skewness,accx_Spectral decrease,accx_Spectral distance,accx_Spectral entropy,accx_Spectral kurtosis,accx_Spectral positive turning points,accx_Spectral roll-off,accx_Spectral roll-on,accx_Spectral skewness,accx_Spectral slope,accx_Spectral spread,accx_Spectral variation,accx_Standard deviation,accx_Sum absolute diff,accx_Variance,accx_Wavelet absolute mean_0,accx_Wavelet absolute mean_1,accx_Wavelet absolute mean_2,accx_Wavelet absolute mean_4,accx_Wavelet absolute mean_5,accx_Wavelet absolute mean_6,accx_Wavelet absolute mean_7,accx_Wavelet absolute mean_8,accx_Wavelet energy_0,accx_Wavelet energy_1,accx_Wavelet energy_2,accx_Wavelet energy_3,accx_Wavelet standard deviation_2,accy_LPCC_0,accy_LPCC_2,accy_LPCC_6,accy_LPCC_8,accy_LPCC_9,accy_Median diff,accy_Signal distance,accy_Skewness,accy_Slope,accy_Spectral roll-on,accy_Spectral skewness,accy_Spectral slope,accy_Wavelet absolute mean_0,accz_Histogram_2
550.0272179088151,9.968692111,55.11294768625402,100.0,400.0,0.0036506316766516,0.4385982859609247,0.16,-56.136371456833146,-45.358187877249534,-76.1614009510867,-54.10105350712024,29.605754013778167,-37.07841463652943,2.1122940859818637,0.1269024563126252,2.3000000000000003,506.26108459429406,0.4986509597461277,-2.9929298847025256,-126382.1446590824,0.643769987275355,4.972114944202294,81.0,15.1,0.0,1.5024196631175584,-0.0006333970764391,4.999384577122774,0.8248606258419131,0.3215445694611465,63.3243257,0.103390910149954,0.0021444962201074,0.0067891205772474,0.0148442669594839,0.0399035848649658,0.0546944367159358,0.0696322727039991,0.0844025375868573,0.0990709060911791,0.1972339638036662,0.3757028309450661,0.5674682586554064,0.7554332400265649,0.567274071608984,0.1120042541782974,0.2668833821918005,0.0730918614309487,0.0392641999717217,0.2928704112341447,-0.0154005999999999,503.6929968631274,-0.8831491212640107,4.8580429029988665e-05,0.0,1.4265991473522837,-0.0005527136133025,0.0003502274236644,10.0
