accx_Absolute energy,accx_Area under the curve,accx_Average power,accx_ECDF Percentile Count_0,accx_ECDF Percentile Count_1,accx_FFT mean coefficient_89,accx_LPCC_8,accx_Lempel-Ziv complexity,accx_MFCC_1,accx_MFCC_10,accx_MFCC_11,accx_MFCC_3,accx_MFCC_5,accx_MFCC_8,accx_Maximum fractal length,accx_Mean absolute diff,accx_Median frequency,accx_Signal distance,accx_Skewness,accx_Spectral decrease,accx_Spectral distance,accx_Spectral entropy,accx_Spectral kurtosis,accx_Spectral positive turning points,accx_Spectral roll-off,accx_Spectral roll-on,accx_Spectral skewness,accx_Spectral slope,accx_Spectral spread,accx_Spectral variation,accx_Standard deviation,accx_Sum absolute diff,accx_Variance,accx_Wavelet absolute mean_0,accx_Wavelet absolute mean_1,accx_Wavelet absolute mean_2,accx_Wavelet absolute mean_4,accx_Wavelet absolute mean_5,accx_Wavelet absolute mean_6,accx_Wavelet absolute mean_7,accx_Wavelet absolute mean_8,accx_Wavelet energy_0,accx_Wavelet energy_1,accx_Wavelet energy_2,accx_Wavelet energy_3,accx_Wavelet standard deviation_2,accy_LPCC_0,accy_LPCC_2,accy_LPCC_6,accy_LPCC_8,accy_LPCC_9,accy_Median diff,accy_Signal distance,accy_Skewness,accy_Slope,accy_Spectral roll-on,accy_Spectral skewness,accy_Spectral slope,accy_Wavelet absolute mean_0,accz_Histogram_2
609.2697830984223,10.02793158,61.049076462767765,100.0,400.0,6.348931713988418e-05,0.4685304241854664,0.142,-26.85612449074805,-50.969793017850336,-54.51737878887532,-44.750448269822975,-35.78883428019354,-56.66693821422301,2.177837411557225,0.1339908629258517,1.9,506.8606760310839,0.6561058116120098,-2.832182182398418,-135309.25256550725,0.4109394274445357,5.419061744305588,83.0,14.8,0.0,1.6434604967118591,-0.0006496584555816,4.872540587821172,0.7629925957504043,0.4546046136042532,66.86144060000001,0.2066653547102723,0.005356305401295,0.0154816480158103,0.0259349632458652,0.0446470179996498,0.0541148858206623,0.0642845335272467,0.0754993061435762,0.0881352242461999,0.1930991435894329,0.4695211581258678,0.7634900082963285,1.0738858254159032,0.7630493892598063,0.0205346389593162,0.1165123468004812,0.0482774685467604,0.1657591919204875,0.319012709514016,-0.0064135999999999,504.2506951856869,-0.909828946375467,-0.0001231462305171,0.0,1.3960148919988982,-0.0005220487324155,0.0001410734693942,0.0
