accx_Absolute energy,accx_Area under the curve,accx_Average power,accx_ECDF Percentile Count_0,accx_ECDF Percentile Count_1,accx_FFT mean coefficient_89,accx_LPCC_8,accx_Lempel-Ziv complexity,accx_MFCC_1,accx_MFCC_10,accx_MFCC_11,accx_MFCC_3,accx_MFCC_5,accx_MFCC_8,accx_Maximum fractal length,accx_Mean absolute diff,accx_Median frequency,accx_Signal distance,accx_Skewness,accx_Spectral decrease,accx_Spectral distance,accx_Spectral entropy,accx_Spectral kurtosis,accx_Spectral positive turning points,accx_Spectral roll-off,accx_Spectral roll-on,accx_Spectral skewness,accx_Spectral slope,accx_Spectral spread,accx_Spectral variation,accx_Standard deviation,accx_Sum absolute diff,accx_Variance,accx_Wavelet absolute mean_0,accx_Wavelet absolute mean_1,accx_Wavelet absolute mean_2,accx_Wavelet absolute mean_4,accx_Wavelet absolute mean_5,accx_Wavelet absolute mean_6,accx_Wavelet absolute mean_7,accx_Wavelet absolute mean_8,accx_Wavelet energy_0,accx_Wavelet energy_1,accx_Wavelet energy_2,accx_Wavelet energy_3,accx_Wavelet standard deviation_2,accy_LPCC_0,accy_LPCC_2,accy_LPCC_6,accy_LPCC_8,accy_LPCC_9,accy_Median diff,accy_Signal distance,accy_Skewness,accy_Slope,accy_Spectral roll-on,accy_Spectral skewness,accy_Spectral slope,accy_Wavelet absolute mean_0,accz_Histogram_2
553.192672943039,10.010872297,55.43012754940271,100.0,400.0,0.0012306576696385,0.606448419879617,0.122,-25.305763233296627,-33.2981903781434,-52.697317022197296,-15.60159525410439,-19.496188588019027,-122.53822069655509,2.0059821206769497,0.0938855681362725,1.7000000000000002,502.9241052688433,0.8308861094577804,-3.7564715071231856,-117557.15270216558,0.4856722092387218,5.836920300625097,79.0,14.3,0.0,1.764959137512342,-0.0006780269638896,4.817057579275851,0.8278970357159557,0.3161942702181966,46.8488985,0.0999788165188179,0.0032501469459187,0.0094315135228987,0.0175381754062494,0.0382205396909621,0.0502945680346823,0.0635778778780169,0.0780864530712745,0.0937183867425498,0.1359382245242846,0.3041602284091307,0.5159692432239336,0.7309080322305269,0.5156710893161438,0.204532076678567,0.4145970952025806,0.2326450991206965,0.1539778631564533,0.4026171994334244,0.0005318299999999,500.9297962008437,-0.9880139227228444,-1.2786571910767489e-05,0.0,1.396891097764308,-0.0006013563675511,0.0006757946416766,7.0
