accx_Absolute energy,accx_Area under the curve,accx_Average power,accx_ECDF Percentile Count_0,accx_ECDF Percentile Count_1,accx_FFT mean coefficient_89,accx_LPCC_8,accx_Lempel-Ziv complexity,accx_MFCC_1,accx_MFCC_10,accx_MFCC_11,accx_MFCC_3,accx_MFCC_5,accx_MFCC_8,accx_Maximum fractal length,accx_Mean absolute diff,accx_Median frequency,accx_Signal distance,accx_Skewness,accx_Spectral decrease,accx_Spectral distance,accx_Spectral entropy,accx_Spectral kurtosis,accx_Spectral positive turning points,accx_Spectral roll-off,accx_Spectral roll-on,accx_Spectral skewness,accx_Spectral slope,accx_Spectral spread,accx_Spectral variation,accx_Standard deviation,accx_Sum absolute diff,accx_Variance,accx_Wavelet absolute mean_0,accx_Wavelet absolute mean_1,accx_Wavelet absolute mean_2,accx_Wavelet absolute mean_4,accx_Wavelet absolute mean_5,accx_Wavelet absolute mean_6,accx_Wavelet absolute mean_7,accx_Wavelet absolute mean_8,accx_Wavelet energy_0,accx_Wavelet energy_1,accx_Wavelet energy_2,accx_Wavelet energy_3,accx_Wavelet standard deviation_2,accy_LPCC_0,accy_LPCC_2,accy_LPCC_6,accy_LPCC_8,accy_LPCC_9,accy_Median diff,accy_Signal distance,accy_Skewness,accy_Slope,accy_Spectral roll-on,accy_Spectral skewness,accy_Spectral slope,accy_Wavelet absolute mean_0,accz_Histogram_2
589.5685494663794,9.839704327000002,59.07500495655104,100.0,400.0,0.0006508002266573,0.5920610848858443,0.124,-25.692952020113918,-64.33381299999172,-115.21694386817244,-8.873715242040376,-23.483848771363327,-85.56435194046287,2.260192711013771,0.1274150102204408,2.1,505.4618162482181,0.5187995085971618,-2.867123953517128,-135419.06456958584,0.452416478668762,6.161913465153506,83.0,15.1,0.0,1.8655902080131117,-0.0006692660959096,4.907480651335264,0.7203269994064878,0.4535674114708993,63.5800901,0.205723396748412,0.0041592421782076,0.0109863132986536,0.0180763528188968,0.0347708291694282,0.0452838375118992,0.0574371212049031,0.0710659485183936,0.0859720694351141,0.1606708621423261,0.4302586957530065,0.8117804861363705,1.2095613866213246,0.8115792032454805,0.1407702249801193,0.1460421602758631,0.1868928273472181,0.0097875791924912,0.354235905583477,0.0007357,501.8315858288593,-1.0190849321880473,1.049597725197957e-05,0.0,1.297028248367104,-0.0005539153819696,0.000820050886572,0.0
