accx_Absolute energy,accx_Area under the curve,accx_Average power,accx_ECDF Percentile Count_0,accx_ECDF Percentile Count_1,accx_FFT mean coefficient_89,accx_LPCC_8,accx_Lempel-Ziv complexity,accx_MFCC_1,accx_MFCC_10,accx_MFCC_11,accx_MFCC_3,accx_MFCC_5,accx_MFCC_8,accx_Maximum fractal length,accx_Mean absolute diff,accx_Median frequency,accx_Signal distance,accx_Skewness,accx_Spectral decrease,accx_Spectral distance,accx_Spectral entropy,accx_Spectral kurtosis,accx_Spectral positive turning points,accx_Spectral roll-off,accx_Spectral roll-on,accx_Spectral skewness,accx_Spectral slope,accx_Spectral spread,accx_Spectral variation,accx_Standard deviation,accx_Sum absolute diff,accx_Variance,accx_Wavelet absolute mean_0,accx_Wavelet absolute mean_1,accx_Wavelet absolute mean_2,accx_Wavelet absolute mean_4,accx_Wavelet absolute mean_5,accx_Wavelet absolute mean_6,accx_Wavelet absolute mean_7,accx_Wavelet absolute mean_8,accx_Wavelet energy_0,accx_Wavelet energy_1,accx_Wavelet energy_2,accx_Wavelet energy_3,accx_Wavelet standard deviation_2,accy_LPCC_0,accy_LPCC_2,accy_LPCC_6,accy_LPCC_8,accy_LPCC_9,accy_Median diff,accy_Signal distance,accy_Skewness,accy_Slope,accy_Spectral roll-on,accy_Spectral skewness,accy_Spectral slope,accy_Wavelet absolute mean_0,accz_Histogram_2
595.5904208152629,10.128913316000002,59.678398879284856,100.0,400.0,0.0026586200469651,0.5105528238950972,0.12,23.53881473238166,-64.73400441010143,-93.9947034885847,-56.9703468192512,-87.37479922282508,-85.21118845427931,2.106993384318457,0.1046364,1.8,504.0422687868896,0.8548404474965529,-3.053019155004695,-137607.1968592628,0.5398522442648707,8.006636853755209,74.0,14.9,0.0,2.217518934861604,-0.0006893047634754,4.805163582242441,0.7498497649322248,0.4017386859104362,52.2135636,0.1613939717570441,0.0034127097252384,0.0118693447523667,0.0238591716405162,0.052051930851847,0.0663185263903492,0.0800445580991099,0.0933094431500679,0.1064901102608937,0.1382149447278239,0.4136747340523417,0.7022278246521477,0.965367745292176,0.7018223832596934,0.0667173551083892,0.0243519567098742,0.0597477478906299,0.2569099980957906,0.2615713975813249,-0.0091691999999999,501.4386625410268,-0.9454490019041764,-2.3014072937310167e-05,0.1,1.3202177450154229,-0.00050249098083,0.0004790093570275,0.0
