accx_Absolute energy,accx_Area under the curve,accx_Average power,accx_ECDF Percentile Count_0,accx_ECDF Percentile Count_1,accx_FFT mean coefficient_89,accx_LPCC_8,accx_Lempel-Ziv complexity,accx_MFCC_1,accx_MFCC_10,accx_MFCC_11,accx_MFCC_3,accx_MFCC_5,accx_MFCC_8,accx_Maximum fractal length,accx_Mean absolute diff,accx_Median frequency,accx_Signal distance,accx_Skewness,accx_Spectral decrease,accx_Spectral distance,accx_Spectral entropy,accx_Spectral kurtosis,accx_Spectral positive turning points,accx_Spectral roll-off,accx_Spectral roll-on,accx_Spectral skewness,accx_Spectral slope,accx_Spectral spread,accx_Spectral variation,accx_Standard deviation,accx_Sum absolute diff,accx_Variance,accx_Wavelet absolute mean_0,accx_Wavelet absolute mean_1,accx_Wavelet absolute mean_2,accx_Wavelet absolute mean_4,accx_Wavelet absolute mean_5,accx_Wavelet absolute mean_6,accx_Wavelet absolute mean_7,accx_Wavelet absolute mean_8,accx_Wavelet energy_0,accx_Wavelet energy_1,accx_Wavelet energy_2,accx_Wavelet energy_3,accx_Wavelet standard deviation_2,accy_LPCC_0,accy_LPCC_2,accy_LPCC_6,accy_LPCC_8,accy_LPCC_9,accy_Median diff,accy_Signal distance,accy_Skewness,accy_Slope,accy_Spectral roll-on,accy_Spectral skewness,accy_Spectral slope,accy_Wavelet absolute mean_0,accz_Histogram_2
526.3268692891218,9.539105581,52.73816325542302,100.0,400.0,0.000348771311925,0.3949936976043887,0.116,-62.7842252880867,-68.85059644387839,-78.20322568019064,-138.6276100390954,28.717867350950865,-131.3210029750232,2.081971749606493,0.1061628911823647,1.9,504.39736768516747,1.0032641489580725,-3.1587875313729827,-123966.55962429686,0.4577587366555774,5.8523500581043,87.0,14.7,0.0,1.7530844658919862,-0.0006732500990104,4.642330312421925,0.8497983223228049,0.3745694080763709,52.97528270000001,0.1403022414666828,0.002056190773955,0.0060067823060074,0.0115381241007008,0.0300098076508949,0.0433631829212058,0.0589801920655109,0.0761446335576601,0.0941558087313096,0.1519327635956789,0.3867141455471936,0.6243016092456485,0.8491622483163662,0.6241949783512707,0.162239020111066,0.5491930433306066,0.2039042894132708,0.2588118874752824,0.4416106969134543,-0.0003855999999999,501.2263627762793,-0.917015866761677,-6.275530776907066e-05,0.0,1.738315671533373,-0.0006328184646294,0.0012129237900837,31.0
