accx_Absolute energy,accx_Area under the curve,accx_Average power,accx_ECDF Percentile Count_0,accx_ECDF Percentile Count_1,accx_FFT mean coefficient_89,accx_LPCC_8,accx_Lempel-Ziv complexity,accx_MFCC_1,accx_MFCC_10,accx_MFCC_11,accx_MFCC_3,accx_MFCC_5,accx_MFCC_8,accx_Maximum fractal length,accx_Mean absolute diff,accx_Median frequency,accx_Signal distance,accx_Skewness,accx_Spectral decrease,accx_Spectral distance,accx_Spectral entropy,accx_Spectral kurtosis,accx_Spectral positive turning points,accx_Spectral roll-off,accx_Spectral roll-on,accx_Spectral skewness,accx_Spectral slope,accx_Spectral spread,accx_Spectral variation,accx_Standard deviation,accx_Sum absolute diff,accx_Variance,accx_Wavelet absolute mean_0,accx_Wavelet absolute mean_1,accx_Wavelet absolute mean_2,accx_Wavelet absolute mean_4,accx_Wavelet absolute mean_5,accx_Wavelet absolute mean_6,accx_Wavelet absolute mean_7,accx_Wavelet absolute mean_8,accx_Wavelet energy_0,accx_Wavelet energy_1,accx_Wavelet energy_2,accx_Wavelet energy_3,accx_Wavelet standard deviation_2,accy_LPCC_0,accy_LPCC_2,accy_LPCC_6,accy_LPCC_8,accy_LPCC_9,accy_Median diff,accy_Signal distance,accy_Skewness,accy_Slope,accy_Spectral roll-on,accy_Spectral skewness,accy_Spectral slope,accy_Wavelet absolute mean_0,accz_Histogram_2
543.4485545573391,9.822271168,54.4537629816973,100.0,400.0,0.002194635733929,0.5840699556449614,0.118,-42.61516852833734,-99.51603525006146,-32.55716468111754,-49.99360031569214,-36.44944930329564,-128.34576641557103,2.0213830558171098,0.0864839819639278,1.7000000000000002,502.41053632437854,0.8151337681915627,-3.5910022213141826,-119596.5248881574,0.4953363980697985,7.005176265244135,75.0,15.4,0.0,2.0620514286031537,-0.0006842708234321,5.052264279222055,0.7767413163173645,0.3429942209825415,43.155507,0.1176450356274205,0.0035690312396213,0.0103484868387861,0.0178279187249185,0.0346181368837851,0.0449673999477318,0.05716745366883,0.0712056521972722,0.0868547793294914,0.1196119093515092,0.3179047209381784,0.5606858478253912,0.8077976447748515,0.5604023423091801,0.2130270562188969,0.3862798780834221,0.2535345385832853,0.1073986414339802,0.4164329176550799,0.0006724,500.4054389510861,-0.7270653090523784,-1.1404197652934407e-05,0.0,1.4907833329273763,-0.0005735245044199,0.0005474398269693,58.0
