accx_Absolute energy,accx_Area under the curve,accx_Average power,accx_ECDF Percentile Count_0,accx_ECDF Percentile Count_1,accx_FFT mean coefficient_89,accx_LPCC_8,accx_Lempel-Ziv complexity,accx_MFCC_1,accx_MFCC_10,accx_MFCC_11,accx_MFCC_3,accx_MFCC_5,accx_MFCC_8,accx_Maximum fractal length,accx_Mean absolute diff,accx_Median frequency,accx_Signal distance,accx_Skewness,accx_Spectral decrease,accx_Spectral distance,accx_Spectral entropy,accx_Spectral kurtosis,accx_Spectral positive turning points,accx_Spectral roll-off,accx_Spectral roll-on,accx_Spectral skewness,accx_Spectral slope,accx_Spectral spread,accx_Spectral variation,accx_Standard deviation,accx_Sum absolute diff,accx_Variance,accx_Wavelet absolute mean_0,accx_Wavelet absolute mean_1,accx_Wavelet absolute mean_2,accx_Wavelet absolute mean_4,accx_Wavelet absolute mean_5,accx_Wavelet absolute mean_6,accx_Wavelet absolute mean_7,accx_Wavelet absolute mean_8,accx_Wavelet energy_0,accx_Wavelet energy_1,accx_Wavelet energy_2,accx_Wavelet energy_3,accx_Wavelet standard deviation_2,accy_LPCC_0,accy_LPCC_2,accy_LPCC_6,accy_LPCC_8,accy_LPCC_9,accy_Median diff,accy_Signal distance,accy_Skewness,accy_Slope,accy_Spectral roll-on,accy_Spectral skewness,accy_Spectral slope,accy_Wavelet absolute mean_0,accz_Histogram_2
605.6438464917953,10.301040265,60.68575616150254,100.0,400.0,0.0024843115807198,0.4263451686764253,0.122,-6.022432964235031,-34.806685570762475,-56.62599658622664,-69.16349105745071,26.88287413994343,-89.90136817035719,2.104643534942577,0.1070374218436873,1.7000000000000002,504.5273361822583,0.8340630931839422,-2.991995907234406,-133988.27155238323,0.5248944938623369,6.0106177558527145,69.0,16.7,0.0,1.838206017617396,-0.0006511964661201,5.274570187294623,0.7605488689824957,0.38249449737218,53.4116735,0.1463020405199966,0.0034853672551082,0.0120041884482816,0.024370987539609,0.0550256524304393,0.0704464586159386,0.0850850522875433,0.0992251085696424,0.1133920719363099,0.1574295800308768,0.3818001884013248,0.6146825283245514,0.8603817063173917,0.6141992067674845,0.1392542227355,0.1741839461337365,0.0936102292715578,0.5777596912070495,0.20844710073721,-9.056000000000342e-05,501.49050086268034,-0.4952563909564361,3.178527451567083e-05,0.8,1.4260354461730849,-0.0004767263879724,4.416373415784647e-05,3.0
