accx_Absolute energy,accx_Area under the curve,accx_Average power,accx_ECDF Percentile Count_0,accx_ECDF Percentile Count_1,accx_FFT mean coefficient_89,accx_LPCC_8,accx_Lempel-Ziv complexity,accx_MFCC_1,accx_MFCC_10,accx_MFCC_11,accx_MFCC_3,accx_MFCC_5,accx_MFCC_8,accx_Maximum fractal length,accx_Mean absolute diff,accx_Median frequency,accx_Signal distance,accx_Skewness,accx_Spectral decrease,accx_Spectral distance,accx_Spectral entropy,accx_Spectral kurtosis,accx_Spectral positive turning points,accx_Spectral roll-off,accx_Spectral roll-on,accx_Spectral skewness,accx_Spectral slope,accx_Spectral spread,accx_Spectral variation,accx_Standard deviation,accx_Sum absolute diff,accx_Variance,accx_Wavelet absolute mean_0,accx_Wavelet absolute mean_1,accx_Wavelet absolute mean_2,accx_Wavelet absolute mean_4,accx_Wavelet absolute mean_5,accx_Wavelet absolute mean_6,accx_Wavelet absolute mean_7,accx_Wavelet absolute mean_8,accx_Wavelet energy_0,accx_Wavelet energy_1,accx_Wavelet energy_2,accx_Wavelet energy_3,accx_Wavelet standard deviation_2,accy_LPCC_0,accy_LPCC_2,accy_LPCC_6,accy_LPCC_8,accy_LPCC_9,accy_Median diff,accy_Signal distance,accy_Skewness,accy_Slope,accy_Spectral roll-on,accy_Spectral skewness,accy_Spectral slope,accy_Wavelet absolute mean_0,accz_Histogram_2
558.0358410267124,10.201035557,55.91541493253632,100.0,400.0,0.0004198940755234,0.5787835185216692,0.118,7.158598419193449,-70.97375257153021,-109.09830146113472,-75.31700260015916,-6.030115788501716,-81.53484049457307,1.9766644277057932,0.0681458835671342,1.2000000000000002,501.4050979848472,1.1080655959918682,-4.589479575833495,-115699.48895664612,0.5227702682512492,7.44064128285204,71.0,11.8,0.0,2.075669932315965,-0.0007381639050448,4.1142708549838565,0.8383076136081391,0.2668584627630104,34.004795900000005,0.071213439148237,0.0034107069340739,0.0104911801967055,0.01971814314025,0.0436593968774251,0.0580777091842607,0.0736203813956741,0.0898547400615057,0.1064842737487414,0.1085050623513624,0.2749241709953448,0.4421766490901946,0.5991210264152829,0.4417367811624177,0.1200671066601238,0.2915881430487441,0.0435256063709125,0.1092456641588732,0.4362165939305005,-0.0010477,500.4985291924485,-0.9122454349894324,6.93973052856903e-05,0.0,1.4895936717142009,-0.0005941659395454,0.00068774093337,0.0
