accx_Absolute energy,accx_Area under the curve,accx_Average power,accx_ECDF Percentile Count_0,accx_ECDF Percentile Count_1,accx_FFT mean coefficient_89,accx_LPCC_8,accx_Lempel-Ziv complexity,accx_MFCC_1,accx_MFCC_10,accx_MFCC_11,accx_MFCC_3,accx_MFCC_5,accx_MFCC_8,accx_Maximum fractal length,accx_Mean absolute diff,accx_Median frequency,accx_Signal distance,accx_Skewness,accx_Spectral decrease,accx_Spectral distance,accx_Spectral entropy,accx_Spectral kurtosis,accx_Spectral positive turning points,accx_Spectral roll-off,accx_Spectral roll-on,accx_Spectral skewness,accx_Spectral slope,accx_Spectral spread,accx_Spectral variation,accx_Standard deviation,accx_Sum absolute diff,accx_Variance,accx_Wavelet absolute mean_0,accx_Wavelet absolute mean_1,accx_Wavelet absolute mean_2,accx_Wavelet absolute mean_4,accx_Wavelet absolute mean_5,accx_Wavelet absolute mean_6,accx_Wavelet absolute mean_7,accx_Wavelet absolute mean_8,accx_Wavelet energy_0,accx_Wavelet energy_1,accx_Wavelet energy_2,accx_Wavelet energy_3,accx_Wavelet standard deviation_2,accy_LPCC_0,accy_LPCC_2,accy_LPCC_6,accy_LPCC_8,accy_LPCC_9,accy_Median diff,accy_Signal distance,accy_Skewness,accy_Slope,accy_Spectral roll-on,accy_Spectral skewness,accy_Spectral slope,accy_Wavelet absolute mean_0,accz_Histogram_2
559.4398039666249,9.999360793,56.05609258182614,100.0,400.0,0.0009017587169296,0.5748310723829554,0.116,-40.76845619257327,-54.88266696353681,-62.26971040457602,-83.25024669759213,-53.02580838885849,-109.66181785162648,2.035852483268576,0.0919709028056112,1.7000000000000002,503.39984210856807,1.0942931778144624,-3.5416037736881685,-122102.7044158913,0.4562786511747191,6.113072819997356,80.0,14.5,0.0,1.823038970360621,-0.0006809024608376,4.759170058315942,0.8516129913487195,0.3395460922353871,45.8934805,0.115291548752322,0.0027933787053185,0.0077389434086744,0.0140885932345999,0.0307032260178382,0.0413153484283402,0.0539177542615627,0.0684858544609369,0.0847250525746833,0.1406754402566167,0.3555367085944279,0.5615764097075588,0.7515033272715739,0.5613996575352554,0.0632255813380564,0.1882885368413864,0.0696584225324531,0.022575867455888,0.2689647633402214,-0.003945438,500.7658596720652,-0.7491229133498021,3.483039494975099e-05,0.0,1.1018559993372168,-0.0004990151328064,6.091276737575163e-05,0.0
