accx_Absolute energy,accx_Area under the curve,accx_Average power,accx_ECDF Percentile Count_0,accx_ECDF Percentile Count_1,accx_FFT mean coefficient_89,accx_LPCC_8,accx_Lempel-Ziv complexity,accx_MFCC_1,accx_MFCC_10,accx_MFCC_11,accx_MFCC_3,accx_MFCC_5,accx_MFCC_8,accx_Maximum fractal length,accx_Mean absolute diff,accx_Median frequency,accx_Signal distance,accx_Skewness,accx_Spectral decrease,accx_Spectral distance,accx_Spectral entropy,accx_Spectral kurtosis,accx_Spectral positive turning points,accx_Spectral roll-off,accx_Spectral roll-on,accx_Spectral skewness,accx_Spectral slope,accx_Spectral spread,accx_Spectral variation,accx_Standard deviation,accx_Sum absolute diff,accx_Variance,accx_Wavelet absolute mean_0,accx_Wavelet absolute mean_1,accx_Wavelet absolute mean_2,accx_Wavelet absolute mean_4,accx_Wavelet absolute mean_5,accx_Wavelet absolute mean_6,accx_Wavelet absolute mean_7,accx_Wavelet absolute mean_8,accx_Wavelet energy_0,accx_Wavelet energy_1,accx_Wavelet energy_2,accx_Wavelet energy_3,accx_Wavelet standard deviation_2,accy_LPCC_0,accy_LPCC_2,accy_LPCC_6,accy_LPCC_8,accy_LPCC_9,accy_Median diff,accy_Signal distance,accy_Skewness,accy_Slope,accy_Spectral roll-on,accy_Spectral skewness,accy_Spectral slope,accy_Wavelet absolute mean_0,accz_Histogram_2
592.8788654824662,10.141219375,59.4066999481429,100.0,400.0,0.0005578583060009,0.5648586675327611,0.13,-37.502405614011,-74.40053676080305,-58.90887865408539,-29.602607738119055,-23.51415492417904,-91.06137223048484,2.103207027523597,0.1128085,1.9,504.6051725526938,0.7872643526929823,-3.391367010003865,-122847.19419882073,0.3752168141985503,5.803808868151873,89.0,15.3,0.0,1.7570825766412077,-0.0006561042254896,5.0791485831282985,0.8773197869774745,0.3908255597292285,56.291441500000005,0.1527446181376647,0.003270301560344,0.0103130400753819,0.020054140744595,0.0418094123122823,0.0528287025295419,0.0641211398915755,0.0761241476054132,0.0893076775093976,0.154254029957625,0.3849745218207189,0.6551039188351776,0.9377298823281742,0.6547968966879751,0.0535084727291875,0.1542567503129431,0.2002929188547633,0.1632759786382195,0.1038519127104117,0.0023683999999999,500.9247758208816,-1.0731425466260438,1.541469869667016e-05,0.0,1.1495515384419597,-0.0005205000942515,0.0013732442635623,8.0
