accx_Absolute energy,accx_Area under the curve,accx_Average power,accx_ECDF Percentile Count_0,accx_ECDF Percentile Count_1,accx_FFT mean coefficient_89,accx_LPCC_8,accx_Lempel-Ziv complexity,accx_MFCC_1,accx_MFCC_10,accx_MFCC_11,accx_MFCC_3,accx_MFCC_5,accx_MFCC_8,accx_Maximum fractal length,accx_Mean absolute diff,accx_Median frequency,accx_Signal distance,accx_Skewness,accx_Spectral decrease,accx_Spectral distance,accx_Spectral entropy,accx_Spectral kurtosis,accx_Spectral positive turning points,accx_Spectral roll-off,accx_Spectral roll-on,accx_Spectral skewness,accx_Spectral slope,accx_Spectral spread,accx_Spectral variation,accx_Standard deviation,accx_Sum absolute diff,accx_Variance,accx_Wavelet absolute mean_0,accx_Wavelet absolute mean_1,accx_Wavelet absolute mean_2,accx_Wavelet absolute mean_4,accx_Wavelet absolute mean_5,accx_Wavelet absolute mean_6,accx_Wavelet absolute mean_7,accx_Wavelet absolute mean_8,accx_Wavelet energy_0,accx_Wavelet energy_1,accx_Wavelet energy_2,accx_Wavelet energy_3,accx_Wavelet standard deviation_2,accy_LPCC_0,accy_LPCC_2,accy_LPCC_6,accy_LPCC_8,accy_LPCC_9,accy_Median diff,accy_Signal distance,accy_Skewness,accy_Slope,accy_Spectral roll-on,accy_Spectral skewness,accy_Spectral slope,accy_Wavelet absolute mean_0,accz_Histogram_2
543.2271449866903,10.027218042,54.43157765397698,100.0,400.0,0.0019341228787091,0.5539354474917573,0.128,-30.2684179097404,-36.641921513036834,-62.41292309918143,-48.50947231129943,38.91206979311168,-93.11158539515117,1.9619974115655503,0.0861750104208416,1.7000000000000002,502.6182914520551,0.925640494266014,-3.7339192901332874,-120469.40170656831,0.6144588075129426,6.037829661072952,80.0,13.7,0.0,1.793680065016358,-0.0006920267437857,4.598031709436301,0.7974842531992312,0.2762288838917552,43.0013302,0.0763023962960847,0.0033291058984559,0.0092828213825054,0.0167224121427684,0.0349485705008462,0.0455519505475849,0.0572154848809248,0.0701408147300572,0.0844703139462852,0.1386751689103039,0.2947266987724634,0.4552306304443609,0.6312368925724958,0.4549233867662749,0.2758459391852395,0.4520733839445213,0.2588154173362391,0.3127211703521693,0.23411750060341,0.0032922,500.633542892756,-0.6070989757364261,-4.814420621104248e-05,0.0,1.4595762085013786,-0.0005777547341271,0.0014489289098931,0.0
