accx_Absolute energy,accx_Area under the curve,accx_Average power,accx_ECDF Percentile Count_0,accx_ECDF Percentile Count_1,accx_FFT mean coefficient_89,accx_LPCC_8,accx_Lempel-Ziv complexity,accx_MFCC_1,accx_MFCC_10,accx_MFCC_11,accx_MFCC_3,accx_MFCC_5,accx_MFCC_8,accx_Maximum fractal length,accx_Mean absolute diff,accx_Median frequency,accx_Signal distance,accx_Skewness,accx_Spectral decrease,accx_Spectral distance,accx_Spectral entropy,accx_Spectral kurtosis,accx_Spectral positive turning points,accx_Spectral roll-off,accx_Spectral roll-on,accx_Spectral skewness,accx_Spectral slope,accx_Spectral spread,accx_Spectral variation,accx_Standard deviation,accx_Sum absolute diff,accx_Variance,accx_Wavelet absolute mean_0,accx_Wavelet absolute mean_1,accx_Wavelet absolute mean_2,accx_Wavelet absolute mean_4,accx_Wavelet absolute mean_5,accx_Wavelet absolute mean_6,accx_Wavelet absolute mean_7,accx_Wavelet absolute mean_8,accx_Wavelet energy_0,accx_Wavelet energy_1,accx_Wavelet energy_2,accx_Wavelet energy_3,accx_Wavelet standard deviation_2,accy_LPCC_0,accy_LPCC_2,accy_LPCC_6,accy_LPCC_8,accy_LPCC_9,accy_Median diff,accy_Signal distance,accy_Skewness,accy_Slope,accy_Spectral roll-on,accy_Spectral skewness,accy_Spectral slope,accy_Wavelet absolute mean_0,accz_Histogram_2
604.3159697225402,9.931732171,60.55270237700803,100.0,400.0,0.0004898360264038,0.3527494175673643,0.13,-36.90767401529781,-37.05625049701823,-35.06193133951993,-62.173958996089446,-13.597453654328602,-93.24080293589424,2.2477649537467808,0.1418082394789579,2.2,508.13813270289097,0.6300002981518895,-2.395949368272328,-145054.1906174214,0.547680880091786,5.381128622692924,79.0,16.2,0.0,1.6531357859068598,-0.0006261507516177,5.078582272948942,0.707438526990662,0.4670955242088678,70.7623115,0.218178228735957,0.0036409607736921,0.0121574197896607,0.0224135111543966,0.0423865553100769,0.0531916225759964,0.0654081654282831,0.0790646797864166,0.0939618883034522,0.1999814917422226,0.5188457896888152,0.8750052068329606,1.1887413492036942,0.8747180954470554,0.0451659653832706,0.2463155601360823,0.0685034262703631,0.0202143030108556,0.4871362929189573,-0.0052279,503.047027558691,-0.7444245355228826,-2.9157284086150717e-05,0.0,1.494318032225591,-0.0005503590920021,0.0001562479288301,4.0
