accx_Absolute energy,accx_Area under the curve,accx_Average power,accx_ECDF Percentile Count_0,accx_ECDF Percentile Count_1,accx_FFT mean coefficient_89,accx_LPCC_8,accx_Lempel-Ziv complexity,accx_MFCC_1,accx_MFCC_10,accx_MFCC_11,accx_MFCC_3,accx_MFCC_5,accx_MFCC_8,accx_Maximum fractal length,accx_Mean absolute diff,accx_Median frequency,accx_Signal distance,accx_Skewness,accx_Spectral decrease,accx_Spectral distance,accx_Spectral entropy,accx_Spectral kurtosis,accx_Spectral positive turning points,accx_Spectral roll-off,accx_Spectral roll-on,accx_Spectral skewness,accx_Spectral slope,accx_Spectral spread,accx_Spectral variation,accx_Standard deviation,accx_Sum absolute diff,accx_Variance,accx_Wavelet absolute mean_0,accx_Wavelet absolute mean_1,accx_Wavelet absolute mean_2,accx_Wavelet absolute mean_4,accx_Wavelet absolute mean_5,accx_Wavelet absolute mean_6,accx_Wavelet absolute mean_7,accx_Wavelet absolute mean_8,accx_Wavelet energy_0,accx_Wavelet energy_1,accx_Wavelet energy_2,accx_Wavelet energy_3,accx_Wavelet standard deviation_2,accy_LPCC_0,accy_LPCC_2,accy_LPCC_6,accy_LPCC_8,accy_LPCC_9,accy_Median diff,accy_Signal distance,accy_Skewness,accy_Slope,accy_Spectral roll-on,accy_Spectral skewness,accy_Spectral slope,accy_Wavelet absolute mean_0,accz_Histogram_2
518.975585489326,9.971254409000002,52.00156167227716,100.0,400.0,0.0012997529133084,0.5493425852058224,0.13,-17.765624772155824,-9.85694702176916,-13.66385989273633,-95.87711900874832,-1.608912263693737,-52.963081432833015,1.873218168919136,0.0729903741482966,1.4,501.591127776913,1.0479595718340955,-5.629471916309649,-93794.407773126,0.4850773867769815,5.894658309449607,72.0,14.2,0.0,1.740723999162744,-0.0006820834926805,4.982290260848001,0.9094661035556024,0.2009078769345959,36.4221967,0.0403639750143667,0.0034560208986334,0.0114547175709046,0.0208431073175512,0.0416619707722197,0.05308436176258,0.0653030756092523,0.0784710000680349,0.0927144140455409,0.1209336487138869,0.2608980120852104,0.3486528715208181,0.439198860118991,0.348029294308771,0.1832332071739564,0.2911355605412455,0.6148037214969393,0.1920956746597771,0.2106345273523441,0.0080744999999999,501.2685149924247,-0.888766016184694,-2.7697559518322888e-05,0.0,1.0587454464793993,-0.0005423944475123,0.0019362569424579,11.0
