accx_Absolute energy,accx_Area under the curve,accx_Average power,accx_ECDF Percentile Count_0,accx_ECDF Percentile Count_1,accx_FFT mean coefficient_89,accx_LPCC_8,accx_Lempel-Ziv complexity,accx_MFCC_1,accx_MFCC_10,accx_MFCC_11,accx_MFCC_3,accx_MFCC_5,accx_MFCC_8,accx_Maximum fractal length,accx_Mean absolute diff,accx_Median frequency,accx_Signal distance,accx_Skewness,accx_Spectral decrease,accx_Spectral distance,accx_Spectral entropy,accx_Spectral kurtosis,accx_Spectral positive turning points,accx_Spectral roll-off,accx_Spectral roll-on,accx_Spectral skewness,accx_Spectral slope,accx_Spectral spread,accx_Spectral variation,accx_Standard deviation,accx_Sum absolute diff,accx_Variance,accx_Wavelet absolute mean_0,accx_Wavelet absolute mean_1,accx_Wavelet absolute mean_2,accx_Wavelet absolute mean_4,accx_Wavelet absolute mean_5,accx_Wavelet absolute mean_6,accx_Wavelet absolute mean_7,accx_Wavelet absolute mean_8,accx_Wavelet energy_0,accx_Wavelet energy_1,accx_Wavelet energy_2,accx_Wavelet energy_3,accx_Wavelet standard deviation_2,accy_LPCC_0,accy_LPCC_2,accy_LPCC_6,accy_LPCC_8,accy_LPCC_9,accy_Median diff,accy_Signal distance,accy_Skewness,accy_Slope,accy_Spectral roll-on,accy_Spectral skewness,accy_Spectral slope,accy_Wavelet absolute mean_0,accz_Histogram_2
536.2887339778038,10.047732979,53.73634608996029,100.0,400.0,0.0044804105935409,0.5719626625141199,0.156,-60.396899050424445,-102.07770678630531,-127.59465890914512,-68.3738435626039,8.009089274137363,-52.439951363697205,1.9835695309797343,0.0972373517034068,1.8,503.1218657449294,0.2982189857344026,-4.398308296528979,-107317.28077895024,0.5963967162255005,5.88861240768097,71.0,12.9,0.0,1.6967331339558052,-0.0006768627444998,4.772305861701596,0.8684545106680918,0.2434115996314766,48.5214385,0.0592492068351542,0.0032169859518105,0.0096661179119722,0.018181666794099,0.0407275180644976,0.0538354623939777,0.0675651149673172,0.0817708092880375,0.0964973718225386,0.1544587139527266,0.3187823783317532,0.4323735067494418,0.5705346258707064,0.4319910604762533,0.222530590580948,0.3284531465329288,0.1670413600370928,0.1748191222874835,0.4647845707927867,0.00561091,501.8483043861765,-0.9135126873426364,2.1733330692234948e-05,0.0,1.2050637646311817,-0.0005749563585597,0.0003987416701608,0.0
