accx_Absolute energy,accx_Area under the curve,accx_Average power,accx_ECDF Percentile Count_0,accx_ECDF Percentile Count_1,accx_FFT mean coefficient_89,accx_LPCC_8,accx_Lempel-Ziv complexity,accx_MFCC_1,accx_MFCC_10,accx_MFCC_11,accx_MFCC_3,accx_MFCC_5,accx_MFCC_8,accx_Maximum fractal length,accx_Mean absolute diff,accx_Median frequency,accx_Signal distance,accx_Skewness,accx_Spectral decrease,accx_Spectral distance,accx_Spectral entropy,accx_Spectral kurtosis,accx_Spectral positive turning points,accx_Spectral roll-off,accx_Spectral roll-on,accx_Spectral skewness,accx_Spectral slope,accx_Spectral spread,accx_Spectral variation,accx_Standard deviation,accx_Sum absolute diff,accx_Variance,accx_Wavelet absolute mean_0,accx_Wavelet absolute mean_1,accx_Wavelet absolute mean_2,accx_Wavelet absolute mean_4,accx_Wavelet absolute mean_5,accx_Wavelet absolute mean_6,accx_Wavelet absolute mean_7,accx_Wavelet absolute mean_8,accx_Wavelet energy_0,accx_Wavelet energy_1,accx_Wavelet energy_2,accx_Wavelet energy_3,accx_Wavelet standard deviation_2,accy_LPCC_0,accy_LPCC_2,accy_LPCC_6,accy_LPCC_8,accy_LPCC_9,accy_Median diff,accy_Signal distance,accy_Skewness,accy_Slope,accy_Spectral roll-on,accy_Spectral skewness,accy_Spectral slope,accy_Wavelet absolute mean_0,accz_Histogram_2
497.7391139058949,9.755189554,49.8736587080055,100.0,400.0,0.0006046814528209,0.6114565948735563,0.148,-16.68302204936575,-12.43525442213386,-86.90465668537432,-59.08690454654271,-6.240165679567222,-1.6342827994299816,1.8873833915921896,0.0740573318637274,0.0,501.2281865000018,0.0407609301226852,-7.44489811474535,-85649.70348703224,0.3408991256099781,6.23225134714557,76.0,12.9,0.0,1.8495391394874947,-0.000728310140243,4.493481483731449,0.9455538891640776,0.1986357097683325,36.9546086,0.0394561451951692,0.0035351011511091,0.0101744344483023,0.0182314461497817,0.0377449406239316,0.0494345194742504,0.0621792501154452,0.0758378996968278,0.0903816177227562,0.1160688415760196,0.2663482315076376,0.3511200668444759,0.4514055054807455,0.3506464254946239,0.1992607784814573,0.362202513404788,0.325640369521049,0.1542790239895922,0.4072117395025572,0.0048292,500.30232231887743,-0.4510544749598239,2.1324887104912177e-05,0.0,1.2166608770444274,-0.0005570137114056,0.0004848318532191,92.0
