accx_Absolute energy,accx_Area under the curve,accx_Average power,accx_ECDF Percentile Count_0,accx_ECDF Percentile Count_1,accx_FFT mean coefficient_89,accx_LPCC_8,accx_Lempel-Ziv complexity,accx_MFCC_1,accx_MFCC_10,accx_MFCC_11,accx_MFCC_3,accx_MFCC_5,accx_MFCC_8,accx_Maximum fractal length,accx_Mean absolute diff,accx_Median frequency,accx_Signal distance,accx_Skewness,accx_Spectral decrease,accx_Spectral distance,accx_Spectral entropy,accx_Spectral kurtosis,accx_Spectral positive turning points,accx_Spectral roll-off,accx_Spectral roll-on,accx_Spectral skewness,accx_Spectral slope,accx_Spectral spread,accx_Spectral variation,accx_Standard deviation,accx_Sum absolute diff,accx_Variance,accx_Wavelet absolute mean_0,accx_Wavelet absolute mean_1,accx_Wavelet absolute mean_2,accx_Wavelet absolute mean_4,accx_Wavelet absolute mean_5,accx_Wavelet absolute mean_6,accx_Wavelet absolute mean_7,accx_Wavelet absolute mean_8,accx_Wavelet energy_0,accx_Wavelet energy_1,accx_Wavelet energy_2,accx_Wavelet energy_3,accx_Wavelet standard deviation_2,accy_LPCC_0,accy_LPCC_2,accy_LPCC_6,accy_LPCC_8,accy_LPCC_9,accy_Median diff,accy_Signal distance,accy_Skewness,accy_Slope,accy_Spectral roll-on,accy_Spectral skewness,accy_Spectral slope,accy_Wavelet absolute mean_0,accz_Histogram_2
545.250548933828,10.18183901,54.634323540463726,100.0,400.0,0.0001259325863786,0.6175894374028614,0.142,-16.41229054929457,16.83462470985309,4.353323094745232,-76.91396296951464,-30.14881749836427,-85.29964506623668,1.919553087382708,0.078982332264529,1.7000000000000002,501.8370363842171,0.4285520620821,-5.190540866794499,-101169.4571302568,0.5177889865566185,6.38716349202869,70.0,14.8,0.0,1.892379565767409,-0.0006905147900366,4.933213430504974,0.8795845409822375,0.2237652522273311,39.4121838,0.0500708881043611,0.0031725377633548,0.0098627941028042,0.0180227563402644,0.0380061006058832,0.0502198810332957,0.064022370389176,0.0792379089968195,0.0955579259910126,0.1221134207142931,0.2929221507791257,0.4062339083499293,0.5136098890355607,0.4058339174430326,0.1325254649077941,0.1136649702443642,0.529224600912662,0.0874426000967514,0.2580862954487662,0.0063996,501.54153881500594,-0.4926931941864129,7.717317159286287e-06,0.0,0.9191292622340854,-0.0004847103770566,0.0002952355395365,1.0
