accx_Absolute energy,accx_Area under the curve,accx_Average power,accx_ECDF Percentile Count_0,accx_ECDF Percentile Count_1,accx_FFT mean coefficient_89,accx_LPCC_8,accx_Lempel-Ziv complexity,accx_MFCC_1,accx_MFCC_10,accx_MFCC_11,accx_MFCC_3,accx_MFCC_5,accx_MFCC_8,accx_Maximum fractal length,accx_Mean absolute diff,accx_Median frequency,accx_Signal distance,accx_Skewness,accx_Spectral decrease,accx_Spectral distance,accx_Spectral entropy,accx_Spectral kurtosis,accx_Spectral positive turning points,accx_Spectral roll-off,accx_Spectral roll-on,accx_Spectral skewness,accx_Spectral slope,accx_Spectral spread,accx_Spectral variation,accx_Standard deviation,accx_Sum absolute diff,accx_Variance,accx_Wavelet absolute mean_0,accx_Wavelet absolute mean_1,accx_Wavelet absolute mean_2,accx_Wavelet absolute mean_4,accx_Wavelet absolute mean_5,accx_Wavelet absolute mean_6,accx_Wavelet absolute mean_7,accx_Wavelet absolute mean_8,accx_Wavelet energy_0,accx_Wavelet energy_1,accx_Wavelet energy_2,accx_Wavelet energy_3,accx_Wavelet standard deviation_2,accy_LPCC_0,accy_LPCC_2,accy_LPCC_6,accy_LPCC_8,accy_LPCC_9,accy_Median diff,accy_Signal distance,accy_Skewness,accy_Slope,accy_Spectral roll-on,accy_Spectral skewness,accy_Spectral slope,accy_Wavelet absolute mean_0,accz_Histogram_2
522.0203668511731,9.990987576,52.30664998508748,100.0,400.0,5.17779276577036e-05,0.559455298162819,0.142,1.849687586709152,-69.38550995039228,-82.06341432058403,-104.05706365288518,-2.237367336713086,-83.49246231180204,1.8735402032016235,0.0673162737474949,0.0,500.96974647052855,0.3050359539886971,-6.066896167067367,-99408.97625777306,0.4831283902344681,7.888203712621658,64.0,11.6,0.0,2.1478967659745614,-0.0007506784300469,4.087580667458762,0.8759164271160795,0.20575080843725,33.5908206,0.0423333951725819,0.0031978857168666,0.0102463115405074,0.0195868829941419,0.0439364205436259,0.0582232389036052,0.0732748529495396,0.0888030379125322,0.1046454013319409,0.1012325752746028,0.2539441044263357,0.3561171031973681,0.4644311612205445,0.3555780437600987,0.2662337636150502,0.2309289161853212,0.2350190090630958,0.2227587218179388,0.3521528633321021,0.0018142699999999,501.8394644794192,-0.6807598568816926,3.534039076620795e-05,0.0,1.1106150860531594,-0.0005080816104378,3.984820595014149e-05,93.0
