accx_Absolute energy,accx_Area under the curve,accx_Average power,accx_ECDF Percentile Count_0,accx_ECDF Percentile Count_1,accx_FFT mean coefficient_89,accx_LPCC_8,accx_Lempel-Ziv complexity,accx_MFCC_1,accx_MFCC_10,accx_MFCC_11,accx_MFCC_3,accx_MFCC_5,accx_MFCC_8,accx_Maximum fractal length,accx_Mean absolute diff,accx_Median frequency,accx_Signal distance,accx_Skewness,accx_Spectral decrease,accx_Spectral distance,accx_Spectral entropy,accx_Spectral kurtosis,accx_Spectral positive turning points,accx_Spectral roll-off,accx_Spectral roll-on,accx_Spectral skewness,accx_Spectral slope,accx_Spectral spread,accx_Spectral variation,accx_Standard deviation,accx_Sum absolute diff,accx_Variance,accx_Wavelet absolute mean_0,accx_Wavelet absolute mean_1,accx_Wavelet absolute mean_2,accx_Wavelet absolute mean_4,accx_Wavelet absolute mean_5,accx_Wavelet absolute mean_6,accx_Wavelet absolute mean_7,accx_Wavelet absolute mean_8,accx_Wavelet energy_0,accx_Wavelet energy_1,accx_Wavelet energy_2,accx_Wavelet energy_3,accx_Wavelet standard deviation_2,accy_LPCC_0,accy_LPCC_2,accy_LPCC_6,accy_LPCC_8,accy_LPCC_9,accy_Median diff,accy_Signal distance,accy_Skewness,accy_Slope,accy_Spectral roll-on,accy_Spectral skewness,accy_Spectral slope,accy_Wavelet absolute mean_0,accz_Histogram_2
554.9127647537857,10.053465417000002,55.60248143825508,100.0,400.0,0.0007915066124909,0.5386158913443478,0.146,-52.65349133374429,-60.07171532671574,-57.3337293048177,-14.442848718061656,11.043590407568912,-120.83296677879952,2.076654108107596,0.1151001392785571,1.9,505.0106950494976,0.1184545851231516,-3.76744993598382,-110709.99798750172,0.4914625763010285,4.631538575479436,74.0,15.3,0.0,1.458997138550184,-0.0006363608252902,5.250200860966017,0.8419403574187682,0.3074067805133976,57.4349695,0.0944989287056122,0.0042642916870298,0.0126678145862152,0.0223239604839949,0.0443185769102644,0.0562098722654082,0.0687460107639705,0.0820729966057217,0.0963503231925688,0.1850815870856548,0.339911946786563,0.5254702323180583,0.7516128629747432,0.5249958150697044,0.145472633119676,0.0542664405121395,0.2790051892364561,0.2964671583239583,0.2053412515378635,0.0076482,502.53490894996105,-1.4478445365052697,6.29212326108026e-05,0.0,0.9171085934453044,-0.0004929160043116,0.0015498667935626,0.0
