accx_Absolute energy,accx_Area under the curve,accx_Average power,accx_ECDF Percentile Count_0,accx_ECDF Percentile Count_1,accx_FFT mean coefficient_89,accx_LPCC_8,accx_Lempel-Ziv complexity,accx_MFCC_1,accx_MFCC_10,accx_MFCC_11,accx_MFCC_3,accx_MFCC_5,accx_MFCC_8,accx_Maximum fractal length,accx_Mean absolute diff,accx_Median frequency,accx_Signal distance,accx_Skewness,accx_Spectral decrease,accx_Spectral distance,accx_Spectral entropy,accx_Spectral kurtosis,accx_Spectral positive turning points,accx_Spectral roll-off,accx_Spectral roll-on,accx_Spectral skewness,accx_Spectral slope,accx_Spectral spread,accx_Spectral variation,accx_Standard deviation,accx_Sum absolute diff,accx_Variance,accx_Wavelet absolute mean_0,accx_Wavelet absolute mean_1,accx_Wavelet absolute mean_2,accx_Wavelet absolute mean_4,accx_Wavelet absolute mean_5,accx_Wavelet absolute mean_6,accx_Wavelet absolute mean_7,accx_Wavelet absolute mean_8,accx_Wavelet energy_0,accx_Wavelet energy_1,accx_Wavelet energy_2,accx_Wavelet energy_3,accx_Wavelet standard deviation_2,accy_LPCC_0,accy_LPCC_2,accy_LPCC_6,accy_LPCC_8,accy_LPCC_9,accy_Median diff,accy_Signal distance,accy_Skewness,accy_Slope,accy_Spectral roll-on,accy_Spectral skewness,accy_Spectral slope,accy_Wavelet absolute mean_0,accz_Histogram_2
536.4512870077963,10.217475048,53.75263396871706,100.0,400.0,0.0009480693449265,0.575289433899288,0.144,-18.554791193564498,-27.17712279094784,-53.15678651107866,-117.97580060162,78.75984045828507,-38.71247930159901,1.7630257188501164,0.0552102208416833,0.0,500.4085590244261,0.3671373410905214,-7.061365860106681,-93882.57578947928,0.561131397208699,8.172024979177715,70.0,11.6,0.0,2.188440308902932,-0.0007450785437723,4.388869641775414,0.8838034092942897,0.1592708803740248,27.5499002,0.0253672133351169,0.002838369586398,0.0086446171948847,0.0161237033330571,0.0354389784410663,0.0473782422110573,0.0609153477174138,0.0759737596941551,0.0923500897775564,0.0936630652642014,0.1958522011188424,0.258213806244904,0.3439609551187385,0.2577099065350581,0.0344548340551448,0.2493517233099063,0.0855263308054679,0.2662398222516799,0.0678475774617587,0.0067610999999999,501.2262538050524,-0.6958643070845395,6.345711631668609e-05,0.0,1.494606010109243,-0.0005018835302154,0.0006648518876276,0.0
