accx_Absolute energy,accx_Area under the curve,accx_Average power,accx_ECDF Percentile Count_0,accx_ECDF Percentile Count_1,accx_FFT mean coefficient_89,accx_LPCC_8,accx_Lempel-Ziv complexity,accx_MFCC_1,accx_MFCC_10,accx_MFCC_11,accx_MFCC_3,accx_MFCC_5,accx_MFCC_8,accx_Maximum fractal length,accx_Mean absolute diff,accx_Median frequency,accx_Signal distance,accx_Skewness,accx_Spectral decrease,accx_Spectral distance,accx_Spectral entropy,accx_Spectral kurtosis,accx_Spectral positive turning points,accx_Spectral roll-off,accx_Spectral roll-on,accx_Spectral skewness,accx_Spectral slope,accx_Spectral spread,accx_Spectral variation,accx_Standard deviation,accx_Sum absolute diff,accx_Variance,accx_Wavelet absolute mean_0,accx_Wavelet absolute mean_1,accx_Wavelet absolute mean_2,accx_Wavelet absolute mean_4,accx_Wavelet absolute mean_5,accx_Wavelet absolute mean_6,accx_Wavelet absolute mean_7,accx_Wavelet absolute mean_8,accx_Wavelet energy_0,accx_Wavelet energy_1,accx_Wavelet energy_2,accx_Wavelet energy_3,accx_Wavelet standard deviation_2,accy_LPCC_0,accy_LPCC_2,accy_LPCC_6,accy_LPCC_8,accy_LPCC_9,accy_Median diff,accy_Signal distance,accy_Skewness,accy_Slope,accy_Spectral roll-on,accy_Spectral skewness,accy_Spectral slope,accy_Wavelet absolute mean_0,accz_Histogram_2
442.55317216366217,9.210388026,44.34400522681985,100.0,400.0,7.869540242435029e-05,0.6390517173830017,0.144,1.656100877034749,-29.264916936652423,-49.52392272023926,-30.82722394447808,-62.15650459502753,2.3113467590071246,1.8122758859990904,0.0570549078156312,0.0,500.4034337475842,0.756795163973095,-7.176314545463639,-82549.82892805085,0.3584841520314772,6.528898704093428,69.0,13.5,0.0,1.9635813987208728,-0.0007314742937015,4.612735045012794,0.9026511580822908,0.1799530632801404,28.470399,0.0323831049839062,0.003583053480746,0.0102268997376097,0.0176516285056832,0.0341945133904643,0.0438286518518973,0.0544483564594018,0.0660638038004769,0.0787248149808248,0.0888796690626218,0.220126438402059,0.3280550869952277,0.4197410478623992,0.3275798530351703,0.2365863708652342,0.623130014969194,0.3260521023533759,0.2863717664949664,0.4051033361356282,-0.0013499199999999,500.1139379641875,-0.0525987040213726,2.647714600587037e-05,0.0,1.468342128415298,-0.0006146328779216,0.0013046922378998,190.0
