accx_Absolute energy,accx_Area under the curve,accx_Average power,accx_ECDF Percentile Count_0,accx_ECDF Percentile Count_1,accx_FFT mean coefficient_89,accx_LPCC_8,accx_Lempel-Ziv complexity,accx_MFCC_1,accx_MFCC_10,accx_MFCC_11,accx_MFCC_3,accx_MFCC_5,accx_MFCC_8,accx_Maximum fractal length,accx_Mean absolute diff,accx_Median frequency,accx_Signal distance,accx_Skewness,accx_Spectral decrease,accx_Spectral distance,accx_Spectral entropy,accx_Spectral kurtosis,accx_Spectral positive turning points,accx_Spectral roll-off,accx_Spectral roll-on,accx_Spectral skewness,accx_Spectral slope,accx_Spectral spread,accx_Spectral variation,accx_Standard deviation,accx_Sum absolute diff,accx_Variance,accx_Wavelet absolute mean_0,accx_Wavelet absolute mean_1,accx_Wavelet absolute mean_2,accx_Wavelet absolute mean_4,accx_Wavelet absolute mean_5,accx_Wavelet absolute mean_6,accx_Wavelet absolute mean_7,accx_Wavelet absolute mean_8,accx_Wavelet energy_0,accx_Wavelet energy_1,accx_Wavelet energy_2,accx_Wavelet energy_3,accx_Wavelet standard deviation_2,accy_LPCC_0,accy_LPCC_2,accy_LPCC_6,accy_LPCC_8,accy_LPCC_9,accy_Median diff,accy_Signal distance,accy_Skewness,accy_Slope,accy_Spectral roll-on,accy_Spectral skewness,accy_Spectral slope,accy_Wavelet absolute mean_0,accz_Histogram_2
517.2627051263704,9.94400526,51.8299303733838,100.0,400.0,5.095334171663123e-05,0.5850426536030304,0.154,-16.5324038544961,-69.32707519334936,-126.849619089104,-131.00860190188425,68.04168417969254,-74.49754890513364,1.9103272500347737,0.0839761298597194,1.5,501.8908585761968,0.2354967697057373,-5.050456425326789,-102308.09572488855,0.627354645019098,6.185351535657218,71.0,13.1,0.0,1.7814592783059062,-0.0007045504677191,4.478645478308875,0.8585954092726711,0.2033940923340434,41.9040888,0.0413691567963893,0.0034738405141092,0.0107910507218465,0.0203795586292445,0.0433973195980963,0.0558898593158614,0.0687568948444285,0.0820718227699522,0.0959920111293608,0.1330900813027503,0.2776498712853802,0.3340417936571869,0.4435999846540077,0.3334195457674727,0.1557597450531366,0.030386095181339,0.4098202123499582,0.0057404300280984,0.3536708971329701,0.0027886999999999,501.2324073061717,-1.9339978085214296,4.833912654285836e-05,0.0,1.0632035867040766,-0.0005456222478651,0.0005483165009803,57.0
