accx_Absolute energy,accx_Area under the curve,accx_Average power,accx_ECDF Percentile Count_0,accx_ECDF Percentile Count_1,accx_FFT mean coefficient_89,accx_LPCC_8,accx_Lempel-Ziv complexity,accx_MFCC_1,accx_MFCC_10,accx_MFCC_11,accx_MFCC_3,accx_MFCC_5,accx_MFCC_8,accx_Maximum fractal length,accx_Mean absolute diff,accx_Median frequency,accx_Signal distance,accx_Skewness,accx_Spectral decrease,accx_Spectral distance,accx_Spectral entropy,accx_Spectral kurtosis,accx_Spectral positive turning points,accx_Spectral roll-off,accx_Spectral roll-on,accx_Spectral skewness,accx_Spectral slope,accx_Spectral spread,accx_Spectral variation,accx_Standard deviation,accx_Sum absolute diff,accx_Variance,accx_Wavelet absolute mean_0,accx_Wavelet absolute mean_1,accx_Wavelet absolute mean_2,accx_Wavelet absolute mean_4,accx_Wavelet absolute mean_5,accx_Wavelet absolute mean_6,accx_Wavelet absolute mean_7,accx_Wavelet absolute mean_8,accx_Wavelet energy_0,accx_Wavelet energy_1,accx_Wavelet energy_2,accx_Wavelet energy_3,accx_Wavelet standard deviation_2,accy_LPCC_0,accy_LPCC_2,accy_LPCC_6,accy_LPCC_8,accy_LPCC_9,accy_Median diff,accy_Signal distance,accy_Skewness,accy_Slope,accy_Spectral roll-on,accy_Spectral skewness,accy_Spectral slope,accy_Wavelet absolute mean_0,accz_Histogram_2
535.3108276110219,10.035763509,53.63835948006231,100.0,400.0,0.0002334551687931,0.5843930503194839,0.14,-15.509475871797552,-77.16534412261753,-48.31817409031567,-32.3742580250502,32.13246642028713,-55.45720788517714,1.93433203665158,0.0834734298597194,1.6,501.8155486339057,0.17370207062139,-5.346046018972052,-97718.2344675108,0.4072441780592444,6.173027807506236,72.0,14.6,0.0,1.834055201442869,-0.0006873108945094,5.009847322060057,0.8972700508177213,0.2431417126310694,41.65324149999999,0.0591178924211695,0.0038389081609276,0.0111083636270718,0.0193546617750502,0.0389560406965181,0.0508176488386614,0.064189841168841,0.0789466759225159,0.0948427464575153,0.1233921460671806,0.2740410130222858,0.4395873561391293,0.6052042523124849,0.4391610646960442,0.2167800125532152,0.431384144505256,0.2006438015718883,0.1005204079536899,0.4114829272006555,-0.0049723,502.9935441026864,-0.9384983413805338,3.7980148072672375e-05,0.0,1.335782234800674,-0.0005283334781299,0.0010517148706262,0.0
