accx_Absolute energy,accx_Area under the curve,accx_Average power,accx_ECDF Percentile Count_0,accx_ECDF Percentile Count_1,accx_FFT mean coefficient_89,accx_LPCC_8,accx_Lempel-Ziv complexity,accx_MFCC_1,accx_MFCC_10,accx_MFCC_11,accx_MFCC_3,accx_MFCC_5,accx_MFCC_8,accx_Maximum fractal length,accx_Mean absolute diff,accx_Median frequency,accx_Signal distance,accx_Skewness,accx_Spectral decrease,accx_Spectral distance,accx_Spectral entropy,accx_Spectral kurtosis,accx_Spectral positive turning points,accx_Spectral roll-off,accx_Spectral roll-on,accx_Spectral skewness,accx_Spectral slope,accx_Spectral spread,accx_Spectral variation,accx_Standard deviation,accx_Sum absolute diff,accx_Variance,accx_Wavelet absolute mean_0,accx_Wavelet absolute mean_1,accx_Wavelet absolute mean_2,accx_Wavelet absolute mean_4,accx_Wavelet absolute mean_5,accx_Wavelet absolute mean_6,accx_Wavelet absolute mean_7,accx_Wavelet absolute mean_8,accx_Wavelet energy_0,accx_Wavelet energy_1,accx_Wavelet energy_2,accx_Wavelet energy_3,accx_Wavelet standard deviation_2,accy_LPCC_0,accy_LPCC_2,accy_LPCC_6,accy_LPCC_8,accy_LPCC_9,accy_Median diff,accy_Signal distance,accy_Skewness,accy_Slope,accy_Spectral roll-on,accy_Spectral skewness,accy_Spectral slope,accy_Wavelet absolute mean_0,accz_Histogram_2
524.6289898718146,10.012007712,52.56803505729605,100.0,400.0,0.0004533099984271,0.6860077121476795,0.122,-8.989786440985624,-41.52034781506211,-114.26325765792306,-56.60284865397529,-80.30595974465471,-37.743150788462,1.8319766500941743,0.0632637250501002,0.1,500.793809587786,0.228028740191712,-6.0350680098303,-99053.6744360658,0.5000753297819786,7.370368947730768,78.0,12.9,0.0,2.1172079943137376,-0.0007442688158923,4.267577664365825,0.8731666896407606,0.208607005788897,31.5685988,0.0435168828642089,0.0026872150814448,0.0077953732988174,0.0143436346381521,0.0319636626929799,0.043890703178687,0.05786476729068,0.0735530746065513,0.0906065069413906,0.0910454854844103,0.2376654369606754,0.3619527039065026,0.4810676967521017,0.3616683840351483,0.2115568098788383,0.15310543376498,0.2909995060011341,0.0358317781420167,0.4982108283456692,0.0019169999999999,501.438984438413,-0.8483871736372836,-5.231234116988921e-05,0.0,1.1794030395502326,-0.0005456290041335,0.0007703805822508,0.0
