accx_Absolute energy,accx_Area under the curve,accx_Average power,accx_ECDF Percentile Count_0,accx_ECDF Percentile Count_1,accx_FFT mean coefficient_89,accx_LPCC_8,accx_Lempel-Ziv complexity,accx_MFCC_1,accx_MFCC_10,accx_MFCC_11,accx_MFCC_3,accx_MFCC_5,accx_MFCC_8,accx_Maximum fractal length,accx_Mean absolute diff,accx_Median frequency,accx_Signal distance,accx_Skewness,accx_Spectral decrease,accx_Spectral distance,accx_Spectral entropy,accx_Spectral kurtosis,accx_Spectral positive turning points,accx_Spectral roll-off,accx_Spectral roll-on,accx_Spectral skewness,accx_Spectral slope,accx_Spectral spread,accx_Spectral variation,accx_Standard deviation,accx_Sum absolute diff,accx_Variance,accx_Wavelet absolute mean_0,accx_Wavelet absolute mean_1,accx_Wavelet absolute mean_2,accx_Wavelet absolute mean_4,accx_Wavelet absolute mean_5,accx_Wavelet absolute mean_6,accx_Wavelet absolute mean_7,accx_Wavelet absolute mean_8,accx_Wavelet energy_0,accx_Wavelet energy_1,accx_Wavelet energy_2,accx_Wavelet energy_3,accx_Wavelet standard deviation_2,accy_LPCC_0,accy_LPCC_2,accy_LPCC_6,accy_LPCC_8,accy_LPCC_9,accy_Median diff,accy_Signal distance,accy_Skewness,accy_Slope,accy_Spectral roll-on,accy_Spectral skewness,accy_Spectral slope,accy_Wavelet absolute mean_0,accz_Histogram_2
536.243536999199,9.932666734,53.73181733458908,100.0,400.0,0.0016950326254528,0.4134862462521658,0.16,-54.56568353474269,-93.92590383484938,-85.85368295042129,-96.46348159036322,31.981151195581475,-19.46568435793161,2.076641944644069,0.1237290432865731,2.0,505.6526908086836,0.6914410481130313,-4.043576993607278,-105192.27990848824,0.4973078373818205,4.084020402726968,73.0,15.2,0.0,1.3077850456075304,-0.0006381768382302,4.98301054084024,0.8850461681082518,0.2850507534787661,61.74079259999999,0.0812539320588122,0.0039644722169594,0.0119557774771739,0.0223294732254886,0.0436505204155644,0.0540659474299845,0.064895317132847,0.0766772519750764,0.0897869795732778,0.1961613162858438,0.412824274584842,0.5183896914954994,0.653766477473352,0.5179085506865776,0.2816722963217367,0.3007404103869872,0.1193819629630575,0.0726965073172513,0.3758611419855158,0.0027783899999999,502.0126494315509,0.1083168322430674,1.967778462794255e-07,0.0,1.2884829922103993,-0.0005630703378495,0.0006768144426055,1.0
