accx_Absolute energy,accx_Area under the curve,accx_Average power,accx_ECDF Percentile Count_0,accx_ECDF Percentile Count_1,accx_FFT mean coefficient_89,accx_LPCC_8,accx_Lempel-Ziv complexity,accx_MFCC_1,accx_MFCC_10,accx_MFCC_11,accx_MFCC_3,accx_MFCC_5,accx_MFCC_8,accx_Maximum fractal length,accx_Mean absolute diff,accx_Median frequency,accx_Signal distance,accx_Skewness,accx_Spectral decrease,accx_Spectral distance,accx_Spectral entropy,accx_Spectral kurtosis,accx_Spectral positive turning points,accx_Spectral roll-off,accx_Spectral roll-on,accx_Spectral skewness,accx_Spectral slope,accx_Spectral spread,accx_Spectral variation,accx_Standard deviation,accx_Sum absolute diff,accx_Variance,accx_Wavelet absolute mean_0,accx_Wavelet absolute mean_1,accx_Wavelet absolute mean_2,accx_Wavelet absolute mean_4,accx_Wavelet absolute mean_5,accx_Wavelet absolute mean_6,accx_Wavelet absolute mean_7,accx_Wavelet absolute mean_8,accx_Wavelet energy_0,accx_Wavelet energy_1,accx_Wavelet energy_2,accx_Wavelet energy_3,accx_Wavelet standard deviation_2,accy_LPCC_0,accy_LPCC_2,accy_LPCC_6,accy_LPCC_8,accy_LPCC_9,accy_Median diff,accy_Signal distance,accy_Skewness,accy_Slope,accy_Spectral roll-on,accy_Spectral skewness,accy_Spectral slope,accy_Wavelet absolute mean_0,accz_Histogram_2
470.3696052733545,9.452239832,47.131222973282014,100.0,400.0,0.0003117320439704,0.5556725968994277,0.144,-71.08692555587264,-92.30548221436896,-67.21991417157538,-130.978226321999,55.63957679653122,-18.196791537824726,1.9414422848724064,0.0880229094188376,1.8,502.8034678603943,0.3648268132779877,-5.279846281247914,-90723.15220062986,0.4944758722910012,4.541833385214316,65.0,13.7,0.0,1.4129580314417274,-0.0006732135386411,4.750329436314949,0.8878061446971001,0.2113298307962327,43.9234318,0.0446602973843643,0.0025001722348039,0.007584814033441,0.0143976123953885,0.0352460043634421,0.0485516584927769,0.0627503428109789,0.0773202029764289,0.0920646765994091,0.1506356531421178,0.2997720044512297,0.3457612244369023,0.4423012196396162,0.3454613336994722,0.3488155535668302,0.4035918663127456,0.6976052951841041,0.1351271879524129,0.4284990020977598,-0.0072997,501.5664004588895,-0.5006995010424067,-3.332734329113271e-05,0.0,1.2400398952612428,-0.0005994616212362,0.0012818005498269,73.0
