accx_Absolute energy,accx_Area under the curve,accx_Average power,accx_ECDF Percentile Count_0,accx_ECDF Percentile Count_1,accx_FFT mean coefficient_89,accx_LPCC_8,accx_Lempel-Ziv complexity,accx_MFCC_1,accx_MFCC_10,accx_MFCC_11,accx_MFCC_3,accx_MFCC_5,accx_MFCC_8,accx_Maximum fractal length,accx_Mean absolute diff,accx_Median frequency,accx_Signal distance,accx_Skewness,accx_Spectral decrease,accx_Spectral distance,accx_Spectral entropy,accx_Spectral kurtosis,accx_Spectral positive turning points,accx_Spectral roll-off,accx_Spectral roll-on,accx_Spectral skewness,accx_Spectral slope,accx_Spectral spread,accx_Spectral variation,accx_Standard deviation,accx_Sum absolute diff,accx_Variance,accx_Wavelet absolute mean_0,accx_Wavelet absolute mean_1,accx_Wavelet absolute mean_2,accx_Wavelet absolute mean_4,accx_Wavelet absolute mean_5,accx_Wavelet absolute mean_6,accx_Wavelet absolute mean_7,accx_Wavelet absolute mean_8,accx_Wavelet energy_0,accx_Wavelet energy_1,accx_Wavelet energy_2,accx_Wavelet energy_3,accx_Wavelet standard deviation_2,accy_LPCC_0,accy_LPCC_2,accy_LPCC_6,accy_LPCC_8,accy_LPCC_9,accy_Median diff,accy_Signal distance,accy_Skewness,accy_Slope,accy_Spectral roll-on,accy_Spectral skewness,accy_Spectral slope,accy_Wavelet absolute mean_0,accz_Histogram_2
487.44261855197806,9.761734736,48.84194574669119,100.0,400.0,9.85548484784594e-06,0.6901695854620741,0.146,-21.726343468648512,-82.82800214280788,-86.85094466334634,-80.29926781361323,74.28419714976698,-81.85731960495211,1.6663647081321415,0.0453210557114228,0.0,499.916722205952,0.0600872541053167,-8.773493761786199,-83684.12205149836,0.4698103774859852,7.950409213409149,67.0,12.3,0.0,2.226470976388653,-0.0007636842886652,4.309101622817859,0.916863316873771,0.1366482501788482,22.615206800000003,0.0186727442769411,0.0029497449242125,0.008974494387475,0.0167271512711012,0.0373685239661165,0.049916669983583,0.0636904726707295,0.0784984500717685,0.0941589161351061,0.0750770782772146,0.1550213374330093,0.2075945233562288,0.2971188554172908,0.2069195218867797,0.1010108734509765,0.4026839743822403,0.1006436576214571,0.1340009234064381,0.2312171837405691,0.000788675,500.1569381567568,-0.708352129405234,-4.334343652619252e-05,0.0,1.431393046585456,-0.0005696232104466,0.0005717845806169,0.0
