accx_Absolute energy,accx_Area under the curve,accx_Average power,accx_ECDF Percentile Count_0,accx_ECDF Percentile Count_1,accx_FFT mean coefficient_89,accx_LPCC_8,accx_Lempel-Ziv complexity,accx_MFCC_1,accx_MFCC_10,accx_MFCC_11,accx_MFCC_3,accx_MFCC_5,accx_MFCC_8,accx_Maximum fractal length,accx_Mean absolute diff,accx_Median frequency,accx_Signal distance,accx_Skewness,accx_Spectral decrease,accx_Spectral distance,accx_Spectral entropy,accx_Spectral kurtosis,accx_Spectral positive turning points,accx_Spectral roll-off,accx_Spectral roll-on,accx_Spectral skewness,accx_Spectral slope,accx_Spectral spread,accx_Spectral variation,accx_Standard deviation,accx_Sum absolute diff,accx_Variance,accx_Wavelet absolute mean_0,accx_Wavelet absolute mean_1,accx_Wavelet absolute mean_2,accx_Wavelet absolute mean_4,accx_Wavelet absolute mean_5,accx_Wavelet absolute mean_6,accx_Wavelet absolute mean_7,accx_Wavelet absolute mean_8,accx_Wavelet energy_0,accx_Wavelet energy_1,accx_Wavelet energy_2,accx_Wavelet energy_3,accx_Wavelet standard deviation_2,accy_LPCC_0,accy_LPCC_2,accy_LPCC_6,accy_LPCC_8,accy_LPCC_9,accy_Median diff,accy_Signal distance,accy_Skewness,accy_Slope,accy_Spectral roll-on,accy_Spectral skewness,accy_Spectral slope,accy_Wavelet absolute mean_0,accz_Histogram_2
536.7629489954187,10.147380382,53.78386262479145,100.0,400.0,0.0004010916480591,0.6209464324341216,0.154,-40.46377565361801,-3.105761513127224,-37.53953230974689,-97.56399732671808,27.900781139595598,-22.450252256306676,1.893054440907872,0.0825687154308617,1.7000000000000002,502.3828647989739,0.3824820233333408,-4.958324097396817,-102014.97948560998,0.6403972713058761,4.705888527170881,68.0,13.7,0.0,1.4814155890879062,-0.0006812061064891,4.644675477139019,0.875666835268376,0.1979845269002789,41.20178899999999,0.0391978728919272,0.0037828238525786,0.0109794111815579,0.0189283351928059,0.0364526654671881,0.0466293823115338,0.0581285217182356,0.0712060335255468,0.0859217582558012,0.1442988372172893,0.296475772736506,0.3573582225091363,0.4263986042570706,0.3568565780838545,0.085298156244164,0.2081438019900685,0.3094891250299117,0.0775587595502346,0.282885903898317,0.00675982,501.3773368245068,-0.5986187361979569,0.0001315251035888,0.0,1.4024599690035755,-0.0005538106043625,0.0005894682020347,0.0
