accx_Absolute energy,accx_Area under the curve,accx_Average power,accx_ECDF Percentile Count_0,accx_ECDF Percentile Count_1,accx_FFT mean coefficient_89,accx_LPCC_8,accx_Lempel-Ziv complexity,accx_MFCC_1,accx_MFCC_10,accx_MFCC_11,accx_MFCC_3,accx_MFCC_5,accx_MFCC_8,accx_Maximum fractal length,accx_Mean absolute diff,accx_Median frequency,accx_Signal distance,accx_Skewness,accx_Spectral decrease,accx_Spectral distance,accx_Spectral entropy,accx_Spectral kurtosis,accx_Spectral positive turning points,accx_Spectral roll-off,accx_Spectral roll-on,accx_Spectral skewness,accx_Spectral slope,accx_Spectral spread,accx_Spectral variation,accx_Standard deviation,accx_Sum absolute diff,accx_Variance,accx_Wavelet absolute mean_0,accx_Wavelet absolute mean_1,accx_Wavelet absolute mean_2,accx_Wavelet absolute mean_4,accx_Wavelet absolute mean_5,accx_Wavelet absolute mean_6,accx_Wavelet absolute mean_7,accx_Wavelet absolute mean_8,accx_Wavelet energy_0,accx_Wavelet energy_1,accx_Wavelet energy_2,accx_Wavelet energy_3,accx_Wavelet standard deviation_2,accy_LPCC_0,accy_LPCC_2,accy_LPCC_6,accy_LPCC_8,accy_LPCC_9,accy_Median diff,accy_Signal distance,accy_Skewness,accy_Slope,accy_Spectral roll-on,accy_Spectral skewness,accy_Spectral slope,accy_Wavelet absolute mean_0,accz_Histogram_2
537.3247533380036,10.127192411,53.84015564509053,100.0,400.0,0.0002462580000524,0.6904548114885358,0.142,-38.43467039166814,-70.32292521118278,-85.93850277264139,-96.67586594789164,9.928232980865744,-7.813378286099204,1.8806961543620229,0.0724977108216432,0.9,501.5020908184699,0.4205882761869736,-5.624158221624235,-98186.45453233332,0.4723308649174859,5.839437933577571,71.0,13.7,0.0,1.748560662511239,-0.0007026855455165,4.64986041173113,0.8929833866519782,0.2113060485240123,36.1763577,0.0446502461428322,0.0037310930428686,0.0107511339673305,0.0194145741634229,0.0397670316326151,0.0514075715753836,0.0640763440263065,0.0778431144198354,0.0927538578744429,0.1209695598885486,0.2656626462074305,0.3371893490200957,0.4525886114366052,0.33662996212852,0.0355573255514801,0.1310779419709692,0.2402724127915187,0.0317212828809947,0.1577137112412414,0.00039519,500.442561621203,-0.4699059823823616,-7.332784425741044e-05,0.0,1.2134242513221682,-0.0005377240308702,0.0009667224781218,0.0
