accx_Absolute energy,accx_Area under the curve,accx_Average power,accx_ECDF Percentile Count_0,accx_ECDF Percentile Count_1,accx_FFT mean coefficient_89,accx_LPCC_8,accx_Lempel-Ziv complexity,accx_MFCC_1,accx_MFCC_10,accx_MFCC_11,accx_MFCC_3,accx_MFCC_5,accx_MFCC_8,accx_Maximum fractal length,accx_Mean absolute diff,accx_Median frequency,accx_Signal distance,accx_Skewness,accx_Spectral decrease,accx_Spectral distance,accx_Spectral entropy,accx_Spectral kurtosis,accx_Spectral positive turning points,accx_Spectral roll-off,accx_Spectral roll-on,accx_Spectral skewness,accx_Spectral slope,accx_Spectral spread,accx_Spectral variation,accx_Standard deviation,accx_Sum absolute diff,accx_Variance,accx_Wavelet absolute mean_0,accx_Wavelet absolute mean_1,accx_Wavelet absolute mean_2,accx_Wavelet absolute mean_4,accx_Wavelet absolute mean_5,accx_Wavelet absolute mean_6,accx_Wavelet absolute mean_7,accx_Wavelet absolute mean_8,accx_Wavelet energy_0,accx_Wavelet energy_1,accx_Wavelet energy_2,accx_Wavelet energy_3,accx_Wavelet standard deviation_2,accy_LPCC_0,accy_LPCC_2,accy_LPCC_6,accy_LPCC_8,accy_LPCC_9,accy_Median diff,accy_Signal distance,accy_Skewness,accy_Slope,accy_Spectral roll-on,accy_Spectral skewness,accy_Spectral slope,accy_Wavelet absolute mean_0,accz_Histogram_2
491.5718379259862,9.716850811,49.255695182964544,100.0,400.0,0.0007546855867578,0.6134292545003527,0.13,-15.735829497467352,-30.470594468422828,-14.285736574477848,-67.67254040183911,28.38819567799832,-81.31065313400016,1.8280095272288688,0.0630220891783567,0.0,500.9214936404292,0.5794788600816881,-6.206192459237677,-91026.22947674744,0.4886894314410254,6.804868309776075,75.0,13.4,0.0,1.9398781015796072,-0.0007137781622904,4.668331988889124,0.8696572294784857,0.1883473749939438,31.4480225,0.0354747336671092,0.0029298464760546,0.009184894762641,0.0180953311824447,0.0407434078054187,0.0529918285763697,0.0656038202818412,0.0787174309942683,0.0925299341686229,0.1040630521859415,0.2244739923018915,0.3251720592518336,0.4394235386273274,0.3246681800045635,0.2176882319778343,0.211858593697357,0.0532109207838295,0.0362945497247498,0.4398643030546695,0.0027261999999999,500.4320761397205,-1.0086343950489445,-8.18985167310647e-06,0.0,1.1721913618028204,-0.000537776616831,0.0005198557094399,83.0
