accx_Absolute energy,accx_Area under the curve,accx_Average power,accx_ECDF Percentile Count_0,accx_ECDF Percentile Count_1,accx_FFT mean coefficient_89,accx_LPCC_8,accx_Lempel-Ziv complexity,accx_MFCC_1,accx_MFCC_10,accx_MFCC_11,accx_MFCC_3,accx_MFCC_5,accx_MFCC_8,accx_Maximum fractal length,accx_Mean absolute diff,accx_Median frequency,accx_Signal distance,accx_Skewness,accx_Spectral decrease,accx_Spectral distance,accx_Spectral entropy,accx_Spectral kurtosis,accx_Spectral positive turning points,accx_Spectral roll-off,accx_Spectral roll-on,accx_Spectral skewness,accx_Spectral slope,accx_Spectral spread,accx_Spectral variation,accx_Standard deviation,accx_Sum absolute diff,accx_Variance,accx_Wavelet absolute mean_0,accx_Wavelet absolute mean_1,accx_Wavelet absolute mean_2,accx_Wavelet absolute mean_4,accx_Wavelet absolute mean_5,accx_Wavelet absolute mean_6,accx_Wavelet absolute mean_7,accx_Wavelet absolute mean_8,accx_Wavelet energy_0,accx_Wavelet energy_1,accx_Wavelet energy_2,accx_Wavelet energy_3,accx_Wavelet standard deviation_2,accy_LPCC_0,accy_LPCC_2,accy_LPCC_6,accy_LPCC_8,accy_LPCC_9,accy_Median diff,accy_Signal distance,accy_Skewness,accy_Slope,accy_Spectral roll-on,accy_Spectral skewness,accy_Spectral slope,accy_Wavelet absolute mean_0,accz_Histogram_2
550.2219877049242,10.122887418,55.1324636978882,100.0,400.0,0.0004064952117848,0.5648732021963638,0.122,-44.782017519708525,-93.50986039094656,-27.67989510384824,-54.99162531438715,1.464751875717628,-83.22729679119115,1.9115352383128488,0.0803985935871743,1.6,502.12972094508575,0.2040176745216723,-4.859813005517551,-103585.92123257706,0.4604973241151186,5.814669263750639,70.0,15.5,0.0,1.8291460687907783,-0.0006860252368782,5.117421451989349,0.873356829434531,0.2660509954667883,40.1188982,0.070783132188869,0.0038683836403144,0.0111301267977823,0.0191208316808624,0.0379086380774861,0.0492281197458364,0.0620829512597451,0.0764674808377182,0.0921836083052646,0.1241259674596646,0.2890749726798546,0.4615123377741809,0.6438390327383834,0.4611160718448467,0.0677768276908438,0.2560599462967091,0.1996064171392216,0.01274881098449,0.3055811238930578,0.0117244999999999,501.3795219197588,-0.6128178460677881,-3.417000919549272e-05,0.0,0.9554984817050788,-0.0004931860584538,2.240239785895215e-06,0.0
