accx_Absolute energy,accx_Area under the curve,accx_Average power,accx_ECDF Percentile Count_0,accx_ECDF Percentile Count_1,accx_FFT mean coefficient_89,accx_LPCC_8,accx_Lempel-Ziv complexity,accx_MFCC_1,accx_MFCC_10,accx_MFCC_11,accx_MFCC_3,accx_MFCC_5,accx_MFCC_8,accx_Maximum fractal length,accx_Mean absolute diff,accx_Median frequency,accx_Signal distance,accx_Skewness,accx_Spectral decrease,accx_Spectral distance,accx_Spectral entropy,accx_Spectral kurtosis,accx_Spectral positive turning points,accx_Spectral roll-off,accx_Spectral roll-on,accx_Spectral skewness,accx_Spectral slope,accx_Spectral spread,accx_Spectral variation,accx_Standard deviation,accx_Sum absolute diff,accx_Variance,accx_Wavelet absolute mean_0,accx_Wavelet absolute mean_1,accx_Wavelet absolute mean_2,accx_Wavelet absolute mean_4,accx_Wavelet absolute mean_5,accx_Wavelet absolute mean_6,accx_Wavelet absolute mean_7,accx_Wavelet absolute mean_8,accx_Wavelet energy_0,accx_Wavelet energy_1,accx_Wavelet energy_2,accx_Wavelet energy_3,accx_Wavelet standard deviation_2,accy_LPCC_0,accy_LPCC_2,accy_LPCC_6,accy_LPCC_8,accy_LPCC_9,accy_Median diff,accy_Signal distance,accy_Skewness,accy_Slope,accy_Spectral roll-on,accy_Spectral skewness,accy_Spectral slope,accy_Wavelet absolute mean_0,accz_Histogram_2
513.4646392724112,9.94313565,51.44936265254621,100.0,400.0,5.02692747188057e-05,0.6211100879904251,0.138,-5.753817200869296,-69.71306544847843,-35.11721442931144,-74.0906703594141,22.686997971775494,-74.41929445185305,1.81510116946794,0.0633117615230461,0.0,500.8042913891532,0.2904631103319838,-6.324334282518744,-94918.27680932416,0.5226315647124201,6.642030228937298,65.0,12.5,0.0,1.9258635914591853,-0.000734028534465,4.281897621245243,0.8890076529307268,0.183930353668137,31.592569,0.0338303750004859,0.0036598849053075,0.0106254013974116,0.0185566700857819,0.0378450526287483,0.0490989304559904,0.061217507983617,0.0742400757664322,0.088309096427925,0.104916246722556,0.2378921810561791,0.3383202498382893,0.4504238947333187,0.3378109551893928,0.1795111131348993,0.3637801119768432,0.414716981514987,0.0343912792149377,0.2782861638818938,-0.0020253999999999,500.59705224007314,-0.6866357866850558,3.451592979103133e-05,0.0,1.3902042419530054,-0.0005622886782668,0.0006756559793364,0.0
