accx_Absolute energy,accx_Area under the curve,accx_Average power,accx_ECDF Percentile Count_0,accx_ECDF Percentile Count_1,accx_FFT mean coefficient_89,accx_LPCC_8,accx_Lempel-Ziv complexity,accx_MFCC_1,accx_MFCC_10,accx_MFCC_11,accx_MFCC_3,accx_MFCC_5,accx_MFCC_8,accx_Maximum fractal length,accx_Mean absolute diff,accx_Median frequency,accx_Signal distance,accx_Skewness,accx_Spectral decrease,accx_Spectral distance,accx_Spectral entropy,accx_Spectral kurtosis,accx_Spectral positive turning points,accx_Spectral roll-off,accx_Spectral roll-on,accx_Spectral skewness,accx_Spectral slope,accx_Spectral spread,accx_Spectral variation,accx_Standard deviation,accx_Sum absolute diff,accx_Variance,accx_Wavelet absolute mean_0,accx_Wavelet absolute mean_1,accx_Wavelet absolute mean_2,accx_Wavelet absolute mean_4,accx_Wavelet absolute mean_5,accx_Wavelet absolute mean_6,accx_Wavelet absolute mean_7,accx_Wavelet absolute mean_8,accx_Wavelet energy_0,accx_Wavelet energy_1,accx_Wavelet energy_2,accx_Wavelet energy_3,accx_Wavelet standard deviation_2,accy_LPCC_0,accy_LPCC_2,accy_LPCC_6,accy_LPCC_8,accy_LPCC_9,accy_Median diff,accy_Signal distance,accy_Skewness,accy_Slope,accy_Spectral roll-on,accy_Spectral skewness,accy_Spectral slope,accy_Wavelet absolute mean_0,accz_Histogram_2
536.2059263806211,10.153016738000002,53.72804873553318,100.0,400.0,0.0004527980223883,0.6064109435188971,0.146,-20.232190055545843,-27.497928154575483,-92.84104511319336,-52.64279553530294,-14.60392145605495,5.215251221894558,1.8199657808726752,0.0616207378757515,0.0,500.78855915742,0.4866344617707139,-6.552282238435641,-95206.1285651291,0.4676584987482989,7.045814275188034,78.0,12.8,0.0,2.02667352864366,-0.0007335528479041,4.469705695308503,0.9043640188044836,0.1926112594398955,30.7487482,0.0370990972630227,0.0035600751024818,0.01066096681562,0.019764119995047,0.0425560397212692,0.0555390764201077,0.0691866046413335,0.0833385758464941,0.0980010691921579,0.1009882500701445,0.2275652022342696,0.334217046087437,0.4500235296003268,0.3336321529113065,0.0958799135089292,0.0849545687196815,0.3357098033654592,0.1350220651265743,0.5228554248199303,-0.0033323,500.252320697132,-0.3248724245155875,0.0001130271711122,0.0,1.251632763521897,-0.0005591144892002,0.0003264322781056,8.0
