accx_Absolute energy,accx_Area under the curve,accx_Average power,accx_ECDF Percentile Count_0,accx_ECDF Percentile Count_1,accx_FFT mean coefficient_89,accx_LPCC_8,accx_Lempel-Ziv complexity,accx_MFCC_1,accx_MFCC_10,accx_MFCC_11,accx_MFCC_3,accx_MFCC_5,accx_MFCC_8,accx_Maximum fractal length,accx_Mean absolute diff,accx_Median frequency,accx_Signal distance,accx_Skewness,accx_Spectral decrease,accx_Spectral distance,accx_Spectral entropy,accx_Spectral kurtosis,accx_Spectral positive turning points,accx_Spectral roll-off,accx_Spectral roll-on,accx_Spectral skewness,accx_Spectral slope,accx_Spectral spread,accx_Spectral variation,accx_Standard deviation,accx_Sum absolute diff,accx_Variance,accx_Wavelet absolute mean_0,accx_Wavelet absolute mean_1,accx_Wavelet absolute mean_2,accx_Wavelet absolute mean_4,accx_Wavelet absolute mean_5,accx_Wavelet absolute mean_6,accx_Wavelet absolute mean_7,accx_Wavelet absolute mean_8,accx_Wavelet energy_0,accx_Wavelet energy_1,accx_Wavelet energy_2,accx_Wavelet energy_3,accx_Wavelet standard deviation_2,accy_LPCC_0,accy_LPCC_2,accy_LPCC_6,accy_LPCC_8,accy_LPCC_9,accy_Median diff,accy_Signal distance,accy_Skewness,accy_Slope,accy_Spectral roll-on,accy_Spectral skewness,accy_Spectral slope,accy_Wavelet absolute mean_0,accz_Histogram_2
307.7243602286304,7.829282867,30.834104231325693,100.0,400.0,1.2131253302407738e-07,0.8951706019017414,0.146,0.8839895505962351,0.0228507958112215,1.346198386304052,0.7082491339968238,1.2806221595079448,-7.901465168807934,-0.0358778339266252,0.0012497336673346,0.0,499.0007502899527,-0.0649992330982898,-219.8837874588696,-49920.521558000015,0.6645090889339934,113.30111810288716,71.0,0.0,0.0,9.861952033352962,-0.000935937928146,1.3183405801596608,0.4665436173696597,0.0032364150583075,0.6236171000000004,1.047438242964016e-05,0.0025822277764992,0.0076384078270312,0.0140967176468562,0.0303889316970835,0.0399717422174955,0.0503925924781434,0.0615850224602927,0.0734971665533983,0.0306248395371005,0.0584220518288699,0.0864468224241219,0.11461106775566,0.0852897160202358,0.6185004788998523,1.1238815807955411,0.8504331085684114,0.8924905993393081,0.9654222546444116,0.0001235,499.0018182365524,0.2241084116011053,-8.515659193836592e-06,0.0,6.638669286349336,-0.0009198765356307,0.0016662994674851,0.0
