accx_Absolute energy,accx_Area under the curve,accx_Average power,accx_ECDF Percentile Count_0,accx_ECDF Percentile Count_1,accx_FFT mean coefficient_89,accx_LPCC_8,accx_Lempel-Ziv complexity,accx_MFCC_1,accx_MFCC_10,accx_MFCC_11,accx_MFCC_3,accx_MFCC_5,accx_MFCC_8,accx_Maximum fractal length,accx_Mean absolute diff,accx_Median frequency,accx_Signal distance,accx_Skewness,accx_Spectral decrease,accx_Spectral distance,accx_Spectral entropy,accx_Spectral kurtosis,accx_Spectral positive turning points,accx_Spectral roll-off,accx_Spectral roll-on,accx_Spectral skewness,accx_Spectral slope,accx_Spectral spread,accx_Spectral variation,accx_Standard deviation,accx_Sum absolute diff,accx_Variance,accx_Wavelet absolute mean_0,accx_Wavelet absolute mean_1,accx_Wavelet absolute mean_2,accx_Wavelet absolute mean_4,accx_Wavelet absolute mean_5,accx_Wavelet absolute mean_6,accx_Wavelet absolute mean_7,accx_Wavelet absolute mean_8,accx_Wavelet energy_0,accx_Wavelet energy_1,accx_Wavelet energy_2,accx_Wavelet energy_3,accx_Wavelet standard deviation_2,accy_LPCC_0,accy_LPCC_2,accy_LPCC_6,accy_LPCC_8,accy_LPCC_9,accy_Median diff,accy_Signal distance,accy_Skewness,accy_Slope,accy_Spectral roll-on,accy_Spectral skewness,accy_Spectral slope,accy_Wavelet absolute mean_0,accz_Histogram_2
522.780718346708,10.20474545,52.38283750969018,100.0,400.0,3.446739293874494e-07,0.8939445945838013,0.172,1.1494646684951528,-4.97948324590752,-2.3354777757231364,1.4896615083184408,-0.3140875004648767,-5.706315340943349,0.2339370397765037,0.0020981022044088,0.0,499.00216140359134,0.85721304854088,-182.4542277327354,-65258.8134360575,0.7589722838159305,94.53303966526464,82.0,0.0,0.0,8.962694992857388,-0.0009335228728348,1.3933310422220395,0.8468350969516565,0.004789664370932,1.0469530000000025,2.2940884786175997e-05,0.0033603484492898,0.0099443167794493,0.0183735351079098,0.0396436646058867,0.0521340530379515,0.0657082141806942,0.0802852521650766,0.0958008782287442,0.0399901218756134,0.0760921921843316,0.1128733644130616,0.1500132723850722,0.1113679020255038,0.0598889182556557,0.130662714640215,0.029986683509261,0.0849411408430393,0.5113266983883756,-2.1359999999998047e-06,499.00287428526735,0.2838177194616431,1.1968211077450706e-05,0.1,1.2740297740489444,-0.0005381265055013,5.181500075919394e-07,0.0
