accx_Absolute energy,accx_Area under the curve,accx_Average power,accx_ECDF Percentile Count_0,accx_ECDF Percentile Count_1,accx_FFT mean coefficient_89,accx_LPCC_8,accx_Lempel-Ziv complexity,accx_MFCC_1,accx_MFCC_10,accx_MFCC_11,accx_MFCC_3,accx_MFCC_5,accx_MFCC_8,accx_Maximum fractal length,accx_Mean absolute diff,accx_Median frequency,accx_Signal distance,accx_Skewness,accx_Spectral decrease,accx_Spectral distance,accx_Spectral entropy,accx_Spectral kurtosis,accx_Spectral positive turning points,accx_Spectral roll-off,accx_Spectral roll-on,accx_Spectral skewness,accx_Spectral slope,accx_Spectral spread,accx_Spectral variation,accx_Standard deviation,accx_Sum absolute diff,accx_Variance,accx_Wavelet absolute mean_0,accx_Wavelet absolute mean_1,accx_Wavelet absolute mean_2,accx_Wavelet absolute mean_4,accx_Wavelet absolute mean_5,accx_Wavelet absolute mean_6,accx_Wavelet absolute mean_7,accx_Wavelet absolute mean_8,accx_Wavelet energy_0,accx_Wavelet energy_1,accx_Wavelet energy_2,accx_Wavelet energy_3,accx_Wavelet standard deviation_2,accy_LPCC_0,accy_LPCC_2,accy_LPCC_6,accy_LPCC_8,accy_LPCC_9,accy_Median diff,accy_Signal distance,accy_Skewness,accy_Slope,accy_Spectral roll-on,accy_Spectral skewness,accy_Spectral slope,accy_Wavelet absolute mean_0,accz_Histogram_2
340.89722844358545,8.207162030000001,34.15803892220295,100.0,400.0,6.006173565398963e-07,0.8668596307673078,0.096,-1.7130324544996898,-18.425637939104742,-10.162776695663789,-7.723472993231224,13.011707720760668,-4.535080020414423,0.5291757864293227,0.0052501819639278,0.0,499.0324348941274,0.9813899178944236,-19.205750132648785,-62295.662275037605,0.3119964833792662,23.04036804515244,64.0,7.2,0.0,4.280864371513678,-0.0008713773805716,3.2872676006340806,0.2149036368202216,0.073545470801028,2.6198408000000004,0.0054089362753448,0.0028115884591869,0.0083104760050357,0.0153407805671307,0.0330875971030535,0.0435096170804134,0.0548358873998938,0.0669991719669253,0.0799459464024743,0.036085261042128,0.0682269507934528,0.0978205256941624,0.1305318799126397,0.0966101221336224,0.6279209185103597,1.1370339468442072,0.8712580712883922,0.8697033861871715,0.9506411680753653,4.270000000000662e-05,499.021194510168,-0.8651976035279213,0.000659061655757,0.0,2.8922209753652863,-0.0007915481389198,0.0009832394570586,0.0
