accx_Absolute energy,accx_Area under the curve,accx_Average power,accx_ECDF Percentile Count_0,accx_ECDF Percentile Count_1,accx_FFT mean coefficient_89,accx_LPCC_8,accx_Lempel-Ziv complexity,accx_MFCC_1,accx_MFCC_10,accx_MFCC_11,accx_MFCC_3,accx_MFCC_5,accx_MFCC_8,accx_Maximum fractal length,accx_Mean absolute diff,accx_Median frequency,accx_Signal distance,accx_Skewness,accx_Spectral decrease,accx_Spectral distance,accx_Spectral entropy,accx_Spectral kurtosis,accx_Spectral positive turning points,accx_Spectral roll-off,accx_Spectral roll-on,accx_Spectral skewness,accx_Spectral slope,accx_Spectral spread,accx_Spectral variation,accx_Standard deviation,accx_Sum absolute diff,accx_Variance,accx_Wavelet absolute mean_0,accx_Wavelet absolute mean_1,accx_Wavelet absolute mean_2,accx_Wavelet absolute mean_4,accx_Wavelet absolute mean_5,accx_Wavelet absolute mean_6,accx_Wavelet absolute mean_7,accx_Wavelet absolute mean_8,accx_Wavelet energy_0,accx_Wavelet energy_1,accx_Wavelet energy_2,accx_Wavelet energy_3,accx_Wavelet standard deviation_2,accy_LPCC_0,accy_LPCC_2,accy_LPCC_6,accy_LPCC_8,accy_LPCC_9,accy_Median diff,accy_Signal distance,accy_Skewness,accy_Slope,accy_Spectral roll-on,accy_Spectral skewness,accy_Spectral slope,accy_Wavelet absolute mean_0,accz_Histogram_2
174.98831639375533,5.903278702000001,17.533899438252035,100.0,400.0,1.4329844026036176e-08,0.8879827735805794,0.148,0.0343952747696293,-2.704006786650242,-5.406863372635549,1.623843042849408,1.881094889777894,-3.9200566195812834,0.2030810529796587,0.0023835711422845,0.0,499.0027272716989,0.5042300809009255,-74.25980746384667,-38812.77543523647,0.5885402761241807,51.48601891358525,71.0,1.8,0.0,6.540231271683961,-0.0009165784381686,2.130950099094122,0.5147522781896412,0.0083836184061452,1.1894020000000016,7.028505757985824e-05,0.0019757359137733,0.0058441218501101,0.0107885602205686,0.0232294702029538,0.0305310850239833,0.038473498505687,0.0470101684013249,0.0561004134265288,0.023752002270327,0.0451857960581758,0.0670096699927523,0.0885157472303441,0.0661354885133899,0.6158696788245015,1.1273498569226343,0.839791922333835,0.8816684557846961,0.9679018754932168,-6.2400000000018e-05,499.0021361316431,0.8560253528387789,-3.2283083244333894e-05,0.0,6.065432818457699,-0.0009102585358976,0.0015006067597713,0.0
