accx_Absolute energy,accx_Area under the curve,accx_Average power,accx_ECDF Percentile Count_0,accx_ECDF Percentile Count_1,accx_FFT mean coefficient_89,accx_LPCC_8,accx_Lempel-Ziv complexity,accx_MFCC_1,accx_MFCC_10,accx_MFCC_11,accx_MFCC_3,accx_MFCC_5,accx_MFCC_8,accx_Maximum fractal length,accx_Mean absolute diff,accx_Median frequency,accx_Signal distance,accx_Skewness,accx_Spectral decrease,accx_Spectral distance,accx_Spectral entropy,accx_Spectral kurtosis,accx_Spectral positive turning points,accx_Spectral roll-off,accx_Spectral roll-on,accx_Spectral skewness,accx_Spectral slope,accx_Spectral spread,accx_Spectral variation,accx_Standard deviation,accx_Sum absolute diff,accx_Variance,accx_Wavelet absolute mean_0,accx_Wavelet absolute mean_1,accx_Wavelet absolute mean_2,accx_Wavelet absolute mean_4,accx_Wavelet absolute mean_5,accx_Wavelet absolute mean_6,accx_Wavelet absolute mean_7,accx_Wavelet absolute mean_8,accx_Wavelet energy_0,accx_Wavelet energy_1,accx_Wavelet energy_2,accx_Wavelet energy_3,accx_Wavelet standard deviation_2,accy_LPCC_0,accy_LPCC_2,accy_LPCC_6,accy_LPCC_8,accy_LPCC_9,accy_Median diff,accy_Signal distance,accy_Skewness,accy_Slope,accy_Spectral roll-on,accy_Spectral skewness,accy_Spectral slope,accy_Wavelet absolute mean_0,accz_Histogram_2
378.745487137617,8.652602978000001,37.95044961298768,100.0,400.0,4.989564223051593e-06,0.8738513407391141,0.092,0.4586873582446192,-1.7086531051523224,1.541987170478321,-0.7932379640375183,0.0682639150690336,-3.4538233233634568,0.2650994576180999,0.0033667695390781,0.0,499.010639732604,0.7950236130298433,-23.406784263948538,-63718.34091794946,0.2309013387283997,27.935636212210294,87.0,5.800000000000001,0.0,4.819050244538044,-0.0008832415637568,3.184854977433793,0.1684513971258802,0.075317190921009,1.6800179999999996,0.0056726792482317,0.0029847492951464,0.0088345229175231,0.0163131270296087,0.0351478057512256,0.0461910735129036,0.0581893913022719,0.0710783096987658,0.0848057524646572,0.0362771672283412,0.0695313242756368,0.1029424845306741,0.1360863234738533,0.1016417089971628,0.6446315492986003,1.1803191948817915,0.857185958010138,0.865884299804423,0.9620173309783128,0.0002728,499.0134252541615,-0.8844725890305399,0.000914430366903,0.0,2.5157793421310526,-0.0007528407410554,0.0005601700352745,0.0
