accx_Absolute energy,accx_Area under the curve,accx_Average power,accx_ECDF Percentile Count_0,accx_ECDF Percentile Count_1,accx_FFT mean coefficient_89,accx_LPCC_8,accx_Lempel-Ziv complexity,accx_MFCC_1,accx_MFCC_10,accx_MFCC_11,accx_MFCC_3,accx_MFCC_5,accx_MFCC_8,accx_Maximum fractal length,accx_Mean absolute diff,accx_Median frequency,accx_Signal distance,accx_Skewness,accx_Spectral decrease,accx_Spectral distance,accx_Spectral entropy,accx_Spectral kurtosis,accx_Spectral positive turning points,accx_Spectral roll-off,accx_Spectral roll-on,accx_Spectral skewness,accx_Spectral slope,accx_Spectral spread,accx_Spectral variation,accx_Standard deviation,accx_Sum absolute diff,accx_Variance,accx_Wavelet absolute mean_0,accx_Wavelet absolute mean_1,accx_Wavelet absolute mean_2,accx_Wavelet absolute mean_4,accx_Wavelet absolute mean_5,accx_Wavelet absolute mean_6,accx_Wavelet absolute mean_7,accx_Wavelet absolute mean_8,accx_Wavelet energy_0,accx_Wavelet energy_1,accx_Wavelet energy_2,accx_Wavelet energy_3,accx_Wavelet standard deviation_2,accy_LPCC_0,accy_LPCC_2,accy_LPCC_6,accy_LPCC_8,accy_LPCC_9,accy_Median diff,accy_Signal distance,accy_Skewness,accy_Slope,accy_Spectral roll-on,accy_Spectral skewness,accy_Spectral slope,accy_Wavelet absolute mean_0,accz_Histogram_2
516.5930194620311,10.14422318,51.76282760140592,100.0,400.0,3.9908159299371967e-08,0.8945320812130619,0.174,0.8742611007499352,-4.415929015124119,-1.0093736457607765,2.3048450894187025,-0.1166108970360471,-5.254417883678109,-0.0285495309403981,0.0012684929859719,0.0,499.00066135782015,0.083151503166959,-396.1080399696379,-64175.96054299442,0.8178736218363973,159.71232174118177,85.0,0.0,0.0,11.810275436601843,-0.0009399268899798,1.112048256113035,0.9241902326921894,0.0019670258477966,0.6329779999999985,3.869190685899997e-06,0.003346251139442,0.0099073387578923,0.0182985089211845,0.0394392808418993,0.0518501034316177,0.0653399159957977,0.0798291137394304,0.0952533305677394,0.0396528444268639,0.0756439996011727,0.1124541376153633,0.1492825650403823,0.1109553858002233,0.627146043561374,1.078049799445273,0.8612114903412933,0.8768663907658276,0.9121216163931344,-6.00400000000112e-05,499.0009298716119,-0.2207737534967495,-1.6754242060170402e-06,0.0,3.030431982594477,-0.0008408749706025,0.0002782348705163,0.0
