accx_Absolute energy,accx_Area under the curve,accx_Average power,accx_ECDF Percentile Count_0,accx_ECDF Percentile Count_1,accx_FFT mean coefficient_89,accx_LPCC_8,accx_Lempel-Ziv complexity,accx_MFCC_1,accx_MFCC_10,accx_MFCC_11,accx_MFCC_3,accx_MFCC_5,accx_MFCC_8,accx_Maximum fractal length,accx_Mean absolute diff,accx_Median frequency,accx_Signal distance,accx_Skewness,accx_Spectral decrease,accx_Spectral distance,accx_Spectral entropy,accx_Spectral kurtosis,accx_Spectral positive turning points,accx_Spectral roll-off,accx_Spectral roll-on,accx_Spectral skewness,accx_Spectral slope,accx_Spectral spread,accx_Spectral variation,accx_Standard deviation,accx_Sum absolute diff,accx_Variance,accx_Wavelet absolute mean_0,accx_Wavelet absolute mean_1,accx_Wavelet absolute mean_2,accx_Wavelet absolute mean_4,accx_Wavelet absolute mean_5,accx_Wavelet absolute mean_6,accx_Wavelet absolute mean_7,accx_Wavelet absolute mean_8,accx_Wavelet energy_0,accx_Wavelet energy_1,accx_Wavelet energy_2,accx_Wavelet energy_3,accx_Wavelet standard deviation_2,accy_LPCC_0,accy_LPCC_2,accy_LPCC_6,accy_LPCC_8,accy_LPCC_9,accy_Median diff,accy_Signal distance,accy_Skewness,accy_Slope,accy_Spectral roll-on,accy_Spectral skewness,accy_Spectral slope,accy_Wavelet absolute mean_0,accz_Histogram_2
324.493309391219,8.038875319,32.51435965843878,100.0,400.0,9.985436880690289e-07,0.8744847932434584,0.17,-1.849501207835184,16.972008608653663,-4.820099924980282,-2.76777879031408,8.713854613119185,-16.645010260722408,0.3959994283182385,0.0035001673346693,0.0,499.0077421327422,0.0598092563923055,-73.15285036385869,-52407.48611980469,0.7643431768084022,39.22013086104141,75.0,4.0,0.0,5.691679352696286,-0.0009076818321381,2.456310242834836,0.7164793446942062,0.0089021301327884,1.7465834999999994,7.924792090110001e-05,0.0027267233959866,0.0080396397714821,0.0148033085894023,0.0317800154919166,0.0417315174726178,0.0525417214417018,0.0641438018515656,0.0764823615025461,0.033092282797756,0.0627294572898264,0.0923985281413562,0.1216482516149906,0.0912049892138359,0.6331071669343689,1.1333804548627706,0.8355188385336272,0.9044463183442596,0.974843501321412,8.049999999992785e-05,499.01062304791833,-0.7770507284194275,2.359856524546141e-05,0.0,4.339174380557163,-0.0008791575928643,0.001648428956745,0.0
