accx_Absolute energy,accx_Area under the curve,accx_Average power,accx_ECDF Percentile Count_0,accx_ECDF Percentile Count_1,accx_FFT mean coefficient_89,accx_LPCC_8,accx_Lempel-Ziv complexity,accx_MFCC_1,accx_MFCC_10,accx_MFCC_11,accx_MFCC_3,accx_MFCC_5,accx_MFCC_8,accx_Maximum fractal length,accx_Mean absolute diff,accx_Median frequency,accx_Signal distance,accx_Skewness,accx_Spectral decrease,accx_Spectral distance,accx_Spectral entropy,accx_Spectral kurtosis,accx_Spectral positive turning points,accx_Spectral roll-off,accx_Spectral roll-on,accx_Spectral skewness,accx_Spectral slope,accx_Spectral spread,accx_Spectral variation,accx_Standard deviation,accx_Sum absolute diff,accx_Variance,accx_Wavelet absolute mean_0,accx_Wavelet absolute mean_1,accx_Wavelet absolute mean_2,accx_Wavelet absolute mean_4,accx_Wavelet absolute mean_5,accx_Wavelet absolute mean_6,accx_Wavelet absolute mean_7,accx_Wavelet absolute mean_8,accx_Wavelet energy_0,accx_Wavelet energy_1,accx_Wavelet energy_2,accx_Wavelet energy_3,accx_Wavelet standard deviation_2,accy_LPCC_0,accy_LPCC_2,accy_LPCC_6,accy_LPCC_8,accy_LPCC_9,accy_Median diff,accy_Signal distance,accy_Skewness,accy_Slope,accy_Spectral roll-on,accy_Spectral skewness,accy_Spectral slope,accy_Wavelet absolute mean_0,accz_Histogram_2
525.215123992376,10.22840324,52.6267659310998,100.0,400.0,5.212934105941693e-06,0.8914989585327773,0.182,0.8313019903267039,-5.285105128360204,-0.9316320729437048,0.1771297966696847,0.7617073164380326,-4.882401440315328,0.3180753259311825,0.0028246733466933,0.0,499.0040941530276,-0.6056577511987923,-146.19055265828214,-65523.33169798125,0.8032879825161089,66.85550245996919,84.0,0.0,0.0,7.521787644899348,-0.000927670658979,1.683903551780065,0.888956107061256,0.0055580273502587,1.4095120000000012,3.089166802622397e-05,0.0033691399939135,0.0099837674392269,0.0184420894054062,0.0397597369664403,0.0522781986824643,0.0658862029448379,0.0805043996933846,0.0960691040038577,0.040223588102733,0.0766044620920644,0.1134856040508744,0.1505240724312374,0.1119771033075728,0.4387486201030787,0.5753893056596692,0.4366781311888937,0.3964352766528355,0.5930737688552776,-0.00012295,499.0043499158832,1.583078127073068,-5.70427519275682e-06,0.0,1.735664287698292,-0.0006874050272336,5.87165313326459e-05,0.0
