accx_Absolute energy,accx_Area under the curve,accx_Average power,accx_ECDF Percentile Count_0,accx_ECDF Percentile Count_1,accx_FFT mean coefficient_89,accx_LPCC_8,accx_Lempel-Ziv complexity,accx_MFCC_1,accx_MFCC_10,accx_MFCC_11,accx_MFCC_3,accx_MFCC_5,accx_MFCC_8,accx_Maximum fractal length,accx_Mean absolute diff,accx_Median frequency,accx_Signal distance,accx_Skewness,accx_Spectral decrease,accx_Spectral distance,accx_Spectral entropy,accx_Spectral kurtosis,accx_Spectral positive turning points,accx_Spectral roll-off,accx_Spectral roll-on,accx_Spectral skewness,accx_Spectral slope,accx_Spectral spread,accx_Spectral variation,accx_Standard deviation,accx_Sum absolute diff,accx_Variance,accx_Wavelet absolute mean_0,accx_Wavelet absolute mean_1,accx_Wavelet absolute mean_2,accx_Wavelet absolute mean_4,accx_Wavelet absolute mean_5,accx_Wavelet absolute mean_6,accx_Wavelet absolute mean_7,accx_Wavelet absolute mean_8,accx_Wavelet energy_0,accx_Wavelet energy_1,accx_Wavelet energy_2,accx_Wavelet energy_3,accx_Wavelet standard deviation_2,accy_LPCC_0,accy_LPCC_2,accy_LPCC_6,accy_LPCC_8,accy_LPCC_9,accy_Median diff,accy_Signal distance,accy_Skewness,accy_Slope,accy_Spectral roll-on,accy_Spectral skewness,accy_Spectral slope,accy_Wavelet absolute mean_0,accz_Histogram_2
381.58570283459096,8.718458788,38.23504036418747,100.0,400.0,2.119139634035668e-07,0.8952443862581843,0.174,1.4024135194475942,-5.409288182942871,-0.857819973814733,1.6035313099166473,-0.6251114528391545,-8.076197920482427,0.0344649313347241,0.0014645723446893,0.0,499.00088733440873,-0.0073014357200727,-257.1794331381412,-55414.36224976884,0.8006554576236041,115.15573469752172,75.0,0.0,0.0,10.021440097721328,-0.0009366456073877,1.2911239738126352,0.7745218994009939,0.002662134157739,0.7308216,7.086958273800958e-06,0.002873175748502,0.0085092572687168,0.0157234580841392,0.0339352664971616,0.0446335496203816,0.056261157456529,0.0687455728105453,0.0820283832718338,0.0340799894499436,0.0648721023794921,0.096308493697434,0.1281560503804865,0.0950163082009872,0.6211293064812111,1.131535167273389,0.8543616161052108,0.8886721441499678,0.9655236342623414,4.650000000000487e-05,499.00099099169313,-0.1634066547180118,1.1561277198708343e-05,0.0,7.049317001296606,-0.0009229164567429,0.0014717359137654,0.0
