accx_Absolute energy,accx_Area under the curve,accx_Average power,accx_ECDF Percentile Count_0,accx_ECDF Percentile Count_1,accx_FFT mean coefficient_89,accx_LPCC_8,accx_Lempel-Ziv complexity,accx_MFCC_1,accx_MFCC_10,accx_MFCC_11,accx_MFCC_3,accx_MFCC_5,accx_MFCC_8,accx_Maximum fractal length,accx_Mean absolute diff,accx_Median frequency,accx_Signal distance,accx_Skewness,accx_Spectral decrease,accx_Spectral distance,accx_Spectral entropy,accx_Spectral kurtosis,accx_Spectral positive turning points,accx_Spectral roll-off,accx_Spectral roll-on,accx_Spectral skewness,accx_Spectral slope,accx_Spectral spread,accx_Spectral variation,accx_Standard deviation,accx_Sum absolute diff,accx_Variance,accx_Wavelet absolute mean_0,accx_Wavelet absolute mean_1,accx_Wavelet absolute mean_2,accx_Wavelet absolute mean_4,accx_Wavelet absolute mean_5,accx_Wavelet absolute mean_6,accx_Wavelet absolute mean_7,accx_Wavelet absolute mean_8,accx_Wavelet energy_0,accx_Wavelet energy_1,accx_Wavelet energy_2,accx_Wavelet energy_3,accx_Wavelet standard deviation_2,accy_LPCC_0,accy_LPCC_2,accy_LPCC_6,accy_LPCC_8,accy_LPCC_9,accy_Median diff,accy_Signal distance,accy_Skewness,accy_Slope,accy_Spectral roll-on,accy_Spectral skewness,accy_Spectral slope,accy_Wavelet absolute mean_0,accz_Histogram_2
457.1839728207309,9.54306769,45.8100173167065,100.0,400.0,2.046046977038861e-06,0.8933323984986012,0.168,1.011928052903042,-6.469584714394817,-2.6114378160634395,0.09832866996127,2.2492800451411346,-5.871371880960519,0.212761879038983,0.0021995775551102,0.0,499.00257836694425,-0.0199534251533714,-181.68957722979488,-60876.61751093884,0.7931538395568546,76.31428887690186,75.0,0.0,0.0,8.104944297689304,-0.0009310792485819,1.5519153578364442,0.685469384857224,0.0041570924381567,1.0975891999999996,1.728141753938e-05,0.003128977383258,0.0092940968827494,0.0171761319295988,0.0370270922575048,0.0486900717952331,0.0613698715584225,0.0749912295067605,0.0894930575170546,0.0371151459958907,0.0710659097067004,0.1054734331034344,0.1399959188792459,0.1040654869904603,0.6398020485326372,1.0836688964546144,0.8766396812403474,0.8833982455169547,0.901967537697578,9.299999999989872e-06,499.0079901068264,0.4822994675747049,2.487868689234725e-05,0.0,3.3389930772282206,-0.0008494022097161,0.0008204958471397,0.0
