accx_Absolute energy,accx_Area under the curve,accx_Average power,accx_ECDF Percentile Count_0,accx_ECDF Percentile Count_1,accx_FFT mean coefficient_89,accx_LPCC_8,accx_Lempel-Ziv complexity,accx_MFCC_1,accx_MFCC_10,accx_MFCC_11,accx_MFCC_3,accx_MFCC_5,accx_MFCC_8,accx_Maximum fractal length,accx_Mean absolute diff,accx_Median frequency,accx_Signal distance,accx_Skewness,accx_Spectral decrease,accx_Spectral distance,accx_Spectral entropy,accx_Spectral kurtosis,accx_Spectral positive turning points,accx_Spectral roll-off,accx_Spectral roll-on,accx_Spectral skewness,accx_Spectral slope,accx_Spectral spread,accx_Spectral variation,accx_Standard deviation,accx_Sum absolute diff,accx_Variance,accx_Wavelet absolute mean_0,accx_Wavelet absolute mean_1,accx_Wavelet absolute mean_2,accx_Wavelet absolute mean_4,accx_Wavelet absolute mean_5,accx_Wavelet absolute mean_6,accx_Wavelet absolute mean_7,accx_Wavelet absolute mean_8,accx_Wavelet energy_0,accx_Wavelet energy_1,accx_Wavelet energy_2,accx_Wavelet energy_3,accx_Wavelet standard deviation_2,accy_LPCC_0,accy_LPCC_2,accy_LPCC_6,accy_LPCC_8,accy_LPCC_9,accy_Median diff,accy_Signal distance,accy_Skewness,accy_Slope,accy_Spectral roll-on,accy_Spectral skewness,accy_Spectral slope,accy_Wavelet absolute mean_0,accz_Histogram_2
311.2106818270128,7.873530527000001,31.18343505280689,100.0,400.0,2.1141230398551765e-07,0.8943856899864859,0.172,1.008543981676166,-5.095997929167547,-0.2302287571434504,1.0938091373706311,0.844301991201889,-6.162494780513802,0.0061626986555567,0.0013301705410821,0.0,499.0007700886565,-0.5188678869133997,-233.7519010806381,-50089.7110589925,0.7800743939635195,115.61432352099746,73.0,0.0,0.0,10.000481364325248,-0.0009353230404032,1.399878192851491,0.7296979604239578,0.0026883496633461,0.6637551000000005,7.227223912413564e-06,0.0025912269340136,0.0076818583183748,0.0141946642607132,0.0306052870672141,0.0402440497048841,0.0507250376147168,0.0619844828758805,0.0739696191576124,0.0307642230524331,0.0586353755763021,0.087180480931234,0.1156927822398132,0.0860171364434256,0.6220364715557015,1.1258628617685258,0.8613693690592392,0.8902050426167762,0.9631617093107808,1.880000000004101e-05,499.0016523213577,0.7768967163872141,-6.708580010320443e-06,0.0,5.987722437108412,-0.00091543545495,0.0013606710668458,0.0
