accx_Absolute energy,accx_Area under the curve,accx_Average power,accx_ECDF Percentile Count_0,accx_ECDF Percentile Count_1,accx_FFT mean coefficient_89,accx_LPCC_8,accx_Lempel-Ziv complexity,accx_MFCC_1,accx_MFCC_10,accx_MFCC_11,accx_MFCC_3,accx_MFCC_5,accx_MFCC_8,accx_Maximum fractal length,accx_Mean absolute diff,accx_Median frequency,accx_Signal distance,accx_Skewness,accx_Spectral decrease,accx_Spectral distance,accx_Spectral entropy,accx_Spectral kurtosis,accx_Spectral positive turning points,accx_Spectral roll-off,accx_Spectral roll-on,accx_Spectral skewness,accx_Spectral slope,accx_Spectral spread,accx_Spectral variation,accx_Standard deviation,accx_Sum absolute diff,accx_Variance,accx_Wavelet absolute mean_0,accx_Wavelet absolute mean_1,accx_Wavelet absolute mean_2,accx_Wavelet absolute mean_4,accx_Wavelet absolute mean_5,accx_Wavelet absolute mean_6,accx_Wavelet absolute mean_7,accx_Wavelet absolute mean_8,accx_Wavelet energy_0,accx_Wavelet energy_1,accx_Wavelet energy_2,accx_Wavelet energy_3,accx_Wavelet standard deviation_2,accy_LPCC_0,accy_LPCC_2,accy_LPCC_6,accy_LPCC_8,accy_LPCC_9,accy_Median diff,accy_Signal distance,accy_Skewness,accy_Slope,accy_Spectral roll-on,accy_Spectral skewness,accy_Spectral slope,accy_Wavelet absolute mean_0,accz_Histogram_2
431.90867602377136,9.275623891,43.27742244727168,100.0,400.0,1.7293410116567753e-07,0.898686200610437,0.172,1.2859505728459837,-9.04613767444316,-1.160685294076398,2.300231609940557,1.7343419430270532,-5.312734695908903,0.0553065205929532,0.0014359901803607,0.0,499.00081486677146,-0.1043420404160615,-285.2036262375827,-58855.4561138241,0.8146877754283153,126.62854492272876,73.0,0.0,0.0,10.509117436962338,-0.0009371935456255,1.2828953716412472,0.9073368280222884,0.0024826958797184,0.7165590999999986,6.163778831170991e-06,0.0030423623617334,0.0090239727777874,0.0166835722053148,0.0360140960997876,0.0473718135278159,0.0597223594087083,0.0729916195448636,0.0871173919188419,0.036075811810484,0.0686601436148564,0.102140887654723,0.1358181808849088,0.1007691388737881,0.6237053874756278,1.1034547703837951,0.8463958868010071,0.8880385375050222,0.9635322453549026,4.970000000001362e-05,499.00166269116016,0.9111531058149752,-1.885881056964262e-05,0.0,4.120875032681544,-0.0008780941172554,0.0006573501106567,0.0
