accx_Absolute energy,accx_Area under the curve,accx_Average power,accx_ECDF Percentile Count_0,accx_ECDF Percentile Count_1,accx_FFT mean coefficient_89,accx_LPCC_8,accx_Lempel-Ziv complexity,accx_MFCC_1,accx_MFCC_10,accx_MFCC_11,accx_MFCC_3,accx_MFCC_5,accx_MFCC_8,accx_Maximum fractal length,accx_Mean absolute diff,accx_Median frequency,accx_Signal distance,accx_Skewness,accx_Spectral decrease,accx_Spectral distance,accx_Spectral entropy,accx_Spectral kurtosis,accx_Spectral positive turning points,accx_Spectral roll-off,accx_Spectral roll-on,accx_Spectral skewness,accx_Spectral slope,accx_Spectral spread,accx_Spectral variation,accx_Standard deviation,accx_Sum absolute diff,accx_Variance,accx_Wavelet absolute mean_0,accx_Wavelet absolute mean_1,accx_Wavelet absolute mean_2,accx_Wavelet absolute mean_4,accx_Wavelet absolute mean_5,accx_Wavelet absolute mean_6,accx_Wavelet absolute mean_7,accx_Wavelet absolute mean_8,accx_Wavelet energy_0,accx_Wavelet energy_1,accx_Wavelet energy_2,accx_Wavelet energy_3,accx_Wavelet standard deviation_2,accy_LPCC_0,accy_LPCC_2,accy_LPCC_6,accy_LPCC_8,accy_LPCC_9,accy_Median diff,accy_Signal distance,accy_Skewness,accy_Slope,accy_Spectral roll-on,accy_Spectral skewness,accy_Spectral slope,accy_Wavelet absolute mean_0,accz_Histogram_2
512.3482943095106,10.101525011,51.33750443983072,100.0,400.0,1.1792952096068858e-05,0.8955058379197985,0.112,-0.8130791947375385,-2.027662035632185,-1.7370958208043437,2.092174662081169,0.1467912374531847,-4.419721644115139,0.305075809577884,0.0030155324649298,0.0,499.0098582675824,0.5902541648812489,-73.64276381141552,-66318.90766506578,0.5188131896995697,43.42596093351175,76.0,2.5,0.0,5.987998910623463,-0.0009147082775711,2.1360650624558235,0.3463582124332713,0.0147227873547141,1.5047506999999982,0.0002167604674921,0.0033061121184825,0.0097817464009363,0.0180689600706171,0.0389753186548529,0.051251725879498,0.0645922613929222,0.0789187709733554,0.0941693522868642,0.0398985293007091,0.0754737824528516,0.1118394841772382,0.1483633889161013,0.110370208403342,0.4459747234360903,0.8497557444191837,0.5427141217904627,0.6275470292251784,0.7278855383299706,0.00037352,499.0150624018473,-0.4657480114578183,0.0004875105121748,0.1,1.7536890222158572,-0.0006318766411356,3.828314304156767e-05,0.0
