accx_Absolute energy,accx_Area under the curve,accx_Average power,accx_ECDF Percentile Count_0,accx_ECDF Percentile Count_1,accx_FFT mean coefficient_89,accx_LPCC_8,accx_Lempel-Ziv complexity,accx_MFCC_1,accx_MFCC_10,accx_MFCC_11,accx_MFCC_3,accx_MFCC_5,accx_MFCC_8,accx_Maximum fractal length,accx_Mean absolute diff,accx_Median frequency,accx_Signal distance,accx_Skewness,accx_Spectral decrease,accx_Spectral distance,accx_Spectral entropy,accx_Spectral kurtosis,accx_Spectral positive turning points,accx_Spectral roll-off,accx_Spectral roll-on,accx_Spectral skewness,accx_Spectral slope,accx_Spectral spread,accx_Spectral variation,accx_Standard deviation,accx_Sum absolute diff,accx_Variance,accx_Wavelet absolute mean_0,accx_Wavelet absolute mean_1,accx_Wavelet absolute mean_2,accx_Wavelet absolute mean_4,accx_Wavelet absolute mean_5,accx_Wavelet absolute mean_6,accx_Wavelet absolute mean_7,accx_Wavelet absolute mean_8,accx_Wavelet energy_0,accx_Wavelet energy_1,accx_Wavelet energy_2,accx_Wavelet energy_3,accx_Wavelet standard deviation_2,accy_LPCC_0,accy_LPCC_2,accy_LPCC_6,accy_LPCC_8,accy_LPCC_9,accy_Median diff,accy_Signal distance,accy_Skewness,accy_Slope,accy_Spectral roll-on,accy_Spectral skewness,accy_Spectral slope,accy_Wavelet absolute mean_0,accz_Histogram_2
426.8469206416608,9.220518549,42.77023252922452,100.0,400.0,1.1510733598402502e-06,0.8928959804442443,0.102,1.1710922774273689,-7.052828026813835,-1.8485685826659355,1.1553837682236237,0.6040980324651127,-6.025360957224932,0.0616093627666548,0.0018309677354709,0.0,499.00155848313045,-0.0766141786392963,-139.23665734187412,-59430.690669245545,0.3145775662043531,95.81966472014508,79.0,0.0,0.0,9.028959127052117,-0.0009315818538319,1.5910348726099517,0.198148224838695,0.0099461585921768,0.9136529000000012,9.892607074073298e-05,0.0030395893291452,0.0090145539491392,0.0166484886788908,0.035891509017506,0.0471967869261153,0.0594850896197484,0.0726818055372332,0.0867276715318445,0.036013359000472,0.0689338779710756,0.1022339847369166,0.1357333342293538,0.1008692988966263,0.6071470079059941,1.1039100619144933,0.8122248813374908,0.8556684339585306,0.932416649616978,-0.0001284,499.00189483006346,0.1576526922961066,-4.664551021564089e-05,0.0,3.315380049315689,-0.0008402666341106,0.0004298115115707,0.0
