accx_Absolute energy,accx_Area under the curve,accx_Average power,accx_ECDF Percentile Count_0,accx_ECDF Percentile Count_1,accx_FFT mean coefficient_89,accx_LPCC_8,accx_Lempel-Ziv complexity,accx_MFCC_1,accx_MFCC_10,accx_MFCC_11,accx_MFCC_3,accx_MFCC_5,accx_MFCC_8,accx_Maximum fractal length,accx_Mean absolute diff,accx_Median frequency,accx_Signal distance,accx_Skewness,accx_Spectral decrease,accx_Spectral distance,accx_Spectral entropy,accx_Spectral kurtosis,accx_Spectral positive turning points,accx_Spectral roll-off,accx_Spectral roll-on,accx_Spectral skewness,accx_Spectral slope,accx_Spectral spread,accx_Spectral variation,accx_Standard deviation,accx_Sum absolute diff,accx_Variance,accx_Wavelet absolute mean_0,accx_Wavelet absolute mean_1,accx_Wavelet absolute mean_2,accx_Wavelet absolute mean_4,accx_Wavelet absolute mean_5,accx_Wavelet absolute mean_6,accx_Wavelet absolute mean_7,accx_Wavelet absolute mean_8,accx_Wavelet energy_0,accx_Wavelet energy_1,accx_Wavelet energy_2,accx_Wavelet energy_3,accx_Wavelet standard deviation_2,accy_LPCC_0,accy_LPCC_2,accy_LPCC_6,accy_LPCC_8,accy_LPCC_9,accy_Median diff,accy_Signal distance,accy_Skewness,accy_Slope,accy_Spectral roll-on,accy_Spectral skewness,accy_Spectral slope,accy_Wavelet absolute mean_0,accz_Histogram_2
481.9302199390369,9.797894293,48.28960119629628,100.0,400.0,1.818541330664368e-06,0.8977963358923564,0.17,-1.050186660251215,-5.173659049236698,-0.2756581053448492,3.726718406328671,-0.976411673096484,-2.16190083063201,0.1482381065064733,0.0020643036072144,0.0,499.00737106940034,-1.8143911436099625,-144.82376076410233,-62203.52500897981,0.8768157736212865,40.22476119451769,71.0,0.0,0.0,6.009056492198164,-0.0009189793314446,2.1620822119074203,0.8148603806556829,0.0047003403739689,1.0300874999999992,2.209319963116258e-05,0.0032287621599188,0.0095683587706457,0.017668324392111,0.0380729204906644,0.0500574032858532,0.0630837620094788,0.0770718966940566,0.0919582567131758,0.0387276209460404,0.0732432775788325,0.1084744001632579,0.1439794571242359,0.1070258183988972,0.6201545228304435,1.0849683638563368,0.8644664901236051,0.9060133746723624,0.9687968205160848,2.0399999999975996e-05,499.0023490856772,1.1404705702743916,-3.887504906819877e-06,0.0,3.820043778307453,-0.0008754432175699,0.0006805716892047,0.0
