accx_Absolute energy,accx_Area under the curve,accx_Average power,accx_ECDF Percentile Count_0,accx_ECDF Percentile Count_1,accx_FFT mean coefficient_89,accx_LPCC_8,accx_Lempel-Ziv complexity,accx_MFCC_1,accx_MFCC_10,accx_MFCC_11,accx_MFCC_3,accx_MFCC_5,accx_MFCC_8,accx_Maximum fractal length,accx_Mean absolute diff,accx_Median frequency,accx_Signal distance,accx_Skewness,accx_Spectral decrease,accx_Spectral distance,accx_Spectral entropy,accx_Spectral kurtosis,accx_Spectral positive turning points,accx_Spectral roll-off,accx_Spectral roll-on,accx_Spectral skewness,accx_Spectral slope,accx_Spectral spread,accx_Spectral variation,accx_Standard deviation,accx_Sum absolute diff,accx_Variance,accx_Wavelet absolute mean_0,accx_Wavelet absolute mean_1,accx_Wavelet absolute mean_2,accx_Wavelet absolute mean_4,accx_Wavelet absolute mean_5,accx_Wavelet absolute mean_6,accx_Wavelet absolute mean_7,accx_Wavelet absolute mean_8,accx_Wavelet energy_0,accx_Wavelet energy_1,accx_Wavelet energy_2,accx_Wavelet energy_3,accx_Wavelet standard deviation_2,accy_LPCC_0,accy_LPCC_2,accy_LPCC_6,accy_LPCC_8,accy_LPCC_9,accy_Median diff,accy_Signal distance,accy_Skewness,accy_Slope,accy_Spectral roll-on,accy_Spectral skewness,accy_Spectral slope,accy_Wavelet absolute mean_0,accz_Histogram_2
334.07321616439214,8.130299794,33.47427015675272,100.0,400.0,1.3686636057004877e-06,0.8651494033380056,0.082,2.1689840399745437,-10.954697304415449,-8.542161854320266,-0.4144379230710391,8.826373423801765,-10.069886182086917,-0.0133193362949924,0.0021111511022044,0.0,499.0161101838586,1.6854716277237465,-21.469659408157334,-60316.11284581389,0.3373127510468263,23.718888284142395,47.0,7.2,0.0,4.455716373015671,-0.0008733554416002,3.488222440526412,0.3309144776555279,0.0655262947353007,1.053464400000001,0.0042936953017374,0.0028600324127891,0.0084876037818565,0.015708711089468,0.0338741210856641,0.0445132780546438,0.0560665599001614,0.0684667591685594,0.0816574189103484,0.0346644301723394,0.0662092537408447,0.0992548995641155,0.1320881125359659,0.0980039360607025,0.6482305829219479,1.1604245883029416,0.87819801154515,0.920467372721052,0.991465201072006,-1.6799999999983495e-05,499.0244802696564,-1.6924499750643314,-0.0003860653461125,0.0,3.222285184873261,-0.0008173872172468,0.0012324194261964,0.0
