accx_Absolute energy,accx_Area under the curve,accx_Average power,accx_ECDF Percentile Count_0,accx_ECDF Percentile Count_1,accx_FFT mean coefficient_89,accx_LPCC_8,accx_Lempel-Ziv complexity,accx_MFCC_1,accx_MFCC_10,accx_MFCC_11,accx_MFCC_3,accx_MFCC_5,accx_MFCC_8,accx_Maximum fractal length,accx_Mean absolute diff,accx_Median frequency,accx_Signal distance,accx_Skewness,accx_Spectral decrease,accx_Spectral distance,accx_Spectral entropy,accx_Spectral kurtosis,accx_Spectral positive turning points,accx_Spectral roll-off,accx_Spectral roll-on,accx_Spectral skewness,accx_Spectral slope,accx_Spectral spread,accx_Spectral variation,accx_Standard deviation,accx_Sum absolute diff,accx_Variance,accx_Wavelet absolute mean_0,accx_Wavelet absolute mean_1,accx_Wavelet absolute mean_2,accx_Wavelet absolute mean_4,accx_Wavelet absolute mean_5,accx_Wavelet absolute mean_6,accx_Wavelet absolute mean_7,accx_Wavelet absolute mean_8,accx_Wavelet energy_0,accx_Wavelet energy_1,accx_Wavelet energy_2,accx_Wavelet energy_3,accx_Wavelet standard deviation_2,accy_LPCC_0,accy_LPCC_2,accy_LPCC_6,accy_LPCC_8,accy_LPCC_9,accy_Median diff,accy_Signal distance,accy_Skewness,accy_Slope,accy_Spectral roll-on,accy_Spectral skewness,accy_Spectral slope,accy_Wavelet absolute mean_0,accz_Histogram_2
424.2943335172256,9.127321847,42.514462276275104,100.0,400.0,2.7268977334986824e-06,0.9041667692067084,0.088,0.0467766022017967,-1.7428825254539635,-2.3830169725559047,-2.3485081185837755,5.608959017597322,-5.9947671193615255,0.2814271011369142,0.0040930498997996,0.0,499.00973621412936,-0.7006480749127981,-17.761629344329922,-70343.37859167071,0.1960678192317184,22.6888341228471,68.0,7.7,0.0,4.330639895234492,-0.0008691297065132,3.537458658369073,0.1004437962997817,0.1110351465180852,2.0424319000000013,0.0123288037622926,0.0028601832966934,0.0085059589571706,0.0157258733902665,0.0339152805942194,0.0445915475222009,0.0561869457778682,0.0686330113848254,0.0818778523096818,0.0350335725296407,0.066530531829062,0.0985963497298806,0.1312182259814473,0.0973341516949227,0.5241094906361832,1.0134112667552098,0.7568564233322791,0.8059090717928943,0.8697382445198034,0.00061053,499.013236933081,0.5871700422705494,0.0012646868180466,0.0,2.202830893962803,-0.0007159306064507,0.0007972604265869,0.0
