accx_Absolute energy,accx_Area under the curve,accx_Average power,accx_ECDF Percentile Count_0,accx_ECDF Percentile Count_1,accx_FFT mean coefficient_89,accx_LPCC_8,accx_Lempel-Ziv complexity,accx_MFCC_1,accx_MFCC_10,accx_MFCC_11,accx_MFCC_3,accx_MFCC_5,accx_MFCC_8,accx_Maximum fractal length,accx_Mean absolute diff,accx_Median frequency,accx_Signal distance,accx_Skewness,accx_Spectral decrease,accx_Spectral distance,accx_Spectral entropy,accx_Spectral kurtosis,accx_Spectral positive turning points,accx_Spectral roll-off,accx_Spectral roll-on,accx_Spectral skewness,accx_Spectral slope,accx_Spectral spread,accx_Spectral variation,accx_Standard deviation,accx_Sum absolute diff,accx_Variance,accx_Wavelet absolute mean_0,accx_Wavelet absolute mean_1,accx_Wavelet absolute mean_2,accx_Wavelet absolute mean_4,accx_Wavelet absolute mean_5,accx_Wavelet absolute mean_6,accx_Wavelet absolute mean_7,accx_Wavelet absolute mean_8,accx_Wavelet energy_0,accx_Wavelet energy_1,accx_Wavelet energy_2,accx_Wavelet energy_3,accx_Wavelet standard deviation_2,accy_LPCC_0,accy_LPCC_2,accy_LPCC_6,accy_LPCC_8,accy_LPCC_9,accy_Median diff,accy_Signal distance,accy_Skewness,accy_Slope,accy_Spectral roll-on,accy_Spectral skewness,accy_Spectral slope,accy_Wavelet absolute mean_0,accz_Histogram_2
418.5162296177663,9.130556489,41.93549394967598,100.0,400.0,8.736022867885825e-07,0.8933077317667394,0.17,0.8410557599717636,-5.751743987318405,1.2765927041676743,-0.1753074360274263,2.4844358355210345,-6.61703973843666,0.0975119029999122,0.0016496278557114,0.0,499.0016683318141,0.7451610904693271,-221.5150092192025,-58065.70608024251,0.8178777837415907,88.8385830692995,75.0,0.0,0.0,8.764712365676179,-0.0009336619566109,1.4310284162437992,0.9533601074457356,0.0031726447139942,0.8231643000000016,1.006567448123564e-05,0.0030147756345578,0.0089287672450718,0.0164855151647168,0.0355108770911049,0.0466775090063641,0.0588149177094471,0.0718511947580561,0.0857281267499293,0.0358398051231917,0.0683439317693507,0.1014000625494714,0.1345523562997407,0.1000509893743716,0.6190279378484626,1.1169797222126536,0.8452967747074319,0.8969512894680817,0.9619496120972644,-1.990000000001713e-05,499.0019429429892,0.1161276858734322,-1.727206100825102e-06,0.0,5.349279907437265,-0.0009078392922994,0.0011570383722017,0.0
