accx_Absolute energy,accx_Area under the curve,accx_Average power,accx_ECDF Percentile Count_0,accx_ECDF Percentile Count_1,accx_FFT mean coefficient_89,accx_LPCC_8,accx_Lempel-Ziv complexity,accx_MFCC_1,accx_MFCC_10,accx_MFCC_11,accx_MFCC_3,accx_MFCC_5,accx_MFCC_8,accx_Maximum fractal length,accx_Mean absolute diff,accx_Median frequency,accx_Signal distance,accx_Skewness,accx_Spectral decrease,accx_Spectral distance,accx_Spectral entropy,accx_Spectral kurtosis,accx_Spectral positive turning points,accx_Spectral roll-off,accx_Spectral roll-on,accx_Spectral skewness,accx_Spectral slope,accx_Spectral spread,accx_Spectral variation,accx_Standard deviation,accx_Sum absolute diff,accx_Variance,accx_Wavelet absolute mean_0,accx_Wavelet absolute mean_1,accx_Wavelet absolute mean_2,accx_Wavelet absolute mean_4,accx_Wavelet absolute mean_5,accx_Wavelet absolute mean_6,accx_Wavelet absolute mean_7,accx_Wavelet absolute mean_8,accx_Wavelet energy_0,accx_Wavelet energy_1,accx_Wavelet energy_2,accx_Wavelet energy_3,accx_Wavelet standard deviation_2,accy_LPCC_0,accy_LPCC_2,accy_LPCC_6,accy_LPCC_8,accy_LPCC_9,accy_Median diff,accy_Signal distance,accy_Skewness,accy_Slope,accy_Spectral roll-on,accy_Spectral skewness,accy_Spectral slope,accy_Wavelet absolute mean_0,accz_Histogram_2
194.0735340159503,6.210438846000001,19.446245893381796,100.0,400.0,4.402901047346389e-07,0.8554045476355331,0.12,0.326507601991595,-4.982451321993989,0.8372387475156291,1.9133545319693688,-0.4512172851314678,-7.550307001586379,0.3646935885515483,0.002949054509018,0.0,499.0082322942632,3.172017228943341,-24.5770156775917,-44622.33459160372,0.6213259252309801,22.54532146447301,48.0,7.4,0.0,4.3234333160797656,-0.0008686620803808,3.517680603214026,0.72570415415224,0.0268390775943377,1.4715781999999988,0.0007203360861148,0.0022795083413073,0.0067239050196073,0.0124118772787736,0.0266688812754374,0.0349604897845984,0.0438856503055614,0.0533525950333949,0.0632869972786171,0.0276526825657128,0.0532506695497169,0.080759415366102,0.109083529736661,0.079799927773722,0.6470680931942736,1.1403116712316463,0.8729873790154348,0.9232548659406056,0.9959665733086168,3.949999999997012e-05,499.0077107850377,-3.0918747490466987,6.482604900339477e-05,0.0,4.463434414770285,-0.0008714131801893,0.0016657139259086,0.0
