accx_Absolute energy,accx_Area under the curve,accx_Average power,accx_ECDF Percentile Count_0,accx_ECDF Percentile Count_1,accx_FFT mean coefficient_89,accx_LPCC_8,accx_Lempel-Ziv complexity,accx_MFCC_1,accx_MFCC_10,accx_MFCC_11,accx_MFCC_3,accx_MFCC_5,accx_MFCC_8,accx_Maximum fractal length,accx_Mean absolute diff,accx_Median frequency,accx_Signal distance,accx_Skewness,accx_Spectral decrease,accx_Spectral distance,accx_Spectral entropy,accx_Spectral kurtosis,accx_Spectral positive turning points,accx_Spectral roll-off,accx_Spectral roll-on,accx_Spectral skewness,accx_Spectral slope,accx_Spectral spread,accx_Spectral variation,accx_Standard deviation,accx_Sum absolute diff,accx_Variance,accx_Wavelet absolute mean_0,accx_Wavelet absolute mean_1,accx_Wavelet absolute mean_2,accx_Wavelet absolute mean_4,accx_Wavelet absolute mean_5,accx_Wavelet absolute mean_6,accx_Wavelet absolute mean_7,accx_Wavelet absolute mean_8,accx_Wavelet energy_0,accx_Wavelet energy_1,accx_Wavelet energy_2,accx_Wavelet energy_3,accx_Wavelet standard deviation_2,accy_LPCC_0,accy_LPCC_2,accy_LPCC_6,accy_LPCC_8,accy_LPCC_9,accy_Median diff,accy_Signal distance,accy_Skewness,accy_Slope,accy_Spectral roll-on,accy_Spectral skewness,accy_Spectral slope,accy_Wavelet absolute mean_0,accz_Histogram_2
493.44323474250336,9.914295117,49.44320989403841,100.0,400.0,3.3377114034687414e-08,0.8934081757475942,0.172,1.0443103205687043,-6.612116071121297,1.3382655378795665,0.3847802696459491,0.7079098662164498,-3.393824126582108,0.0276760057162461,0.0015048066132264,0.0,499.0010800886124,-0.6819633790420446,-285.85760843537173,-62887.75221005876,0.8099541206631813,117.56333554925466,82.0,0.0,0.0,10.196314887144364,-0.0009369286098124,1.307691247956828,0.8608143468899185,0.0026503531661507,0.7508984999999996,7.02437190532546e-06,0.0032708840274492,0.0096858376420687,0.017888673910349,0.0385692756247596,0.0507134837207241,0.0639116462164783,0.0780843943989187,0.0931685068691537,0.0387885485208504,0.0739268272234917,0.109687907082807,0.1458136916970573,0.1082193712139177,0.5614923501192919,0.7383629459351605,0.8055267719434577,0.8528469964361562,0.799977373428936,8.018999999999735e-05,499.0014041034692,-0.0611863098685031,1.2607745014820111e-05,0.0,1.6440840533620855,-0.0007072897473751,9.542227875512452e-05,0.0
