accx_Absolute energy,accx_Area under the curve,accx_Average power,accx_ECDF Percentile Count_0,accx_ECDF Percentile Count_1,accx_FFT mean coefficient_89,accx_LPCC_8,accx_Lempel-Ziv complexity,accx_MFCC_1,accx_MFCC_10,accx_MFCC_11,accx_MFCC_3,accx_MFCC_5,accx_MFCC_8,accx_Maximum fractal length,accx_Mean absolute diff,accx_Median frequency,accx_Signal distance,accx_Skewness,accx_Spectral decrease,accx_Spectral distance,accx_Spectral entropy,accx_Spectral kurtosis,accx_Spectral positive turning points,accx_Spectral roll-off,accx_Spectral roll-on,accx_Spectral skewness,accx_Spectral slope,accx_Spectral spread,accx_Spectral variation,accx_Standard deviation,accx_Sum absolute diff,accx_Variance,accx_Wavelet absolute mean_0,accx_Wavelet absolute mean_1,accx_Wavelet absolute mean_2,accx_Wavelet absolute mean_4,accx_Wavelet absolute mean_5,accx_Wavelet absolute mean_6,accx_Wavelet absolute mean_7,accx_Wavelet absolute mean_8,accx_Wavelet energy_0,accx_Wavelet energy_1,accx_Wavelet energy_2,accx_Wavelet energy_3,accx_Wavelet standard deviation_2,accy_LPCC_0,accy_LPCC_2,accy_LPCC_6,accy_LPCC_8,accy_LPCC_9,accy_Median diff,accy_Signal distance,accy_Skewness,accy_Slope,accy_Spectral roll-on,accy_Spectral skewness,accy_Spectral slope,accy_Wavelet absolute mean_0,accz_Histogram_2
330.48685596647374,8.113422132,33.114915427502375,100.0,400.0,3.2824342035791186e-07,0.8879018221092473,0.148,0.2172761527588329,-2.524702504193588,-0.2431792870669138,1.2024793014079302,1.680960970738894,-5.151577429953859,0.0384795455706591,0.0018143803607214,0.0,499.0016849819343,-0.2205761354228754,-141.3002130265883,-52156.94736448166,0.620358815344933,83.27264097327986,73.0,0.0,0.0,8.409940145228008,-0.000929641899905,1.6585213333952973,0.6266921562173013,0.005586585627047,0.9053757999999994,3.120993896832842e-05,0.0026979886119937,0.0079815115043361,0.0147394033331295,0.0317800658829448,0.0417916972350362,0.0526750338410708,0.0643637482590745,0.0768050669087861,0.0321146244467854,0.0610207973117429,0.0905417033067521,0.1201223890880396,0.0893339242789168,0.6238756380648529,1.1147144190758174,0.8512347885153746,0.9072938357532596,0.9698798318776174,-6.399999999961992e-06,499.0017072282617,1.2997043893648244,9.515309723638454e-06,0.0,5.926112256713507,-0.0009122064143506,0.0013143339679541,0.0
